DEWP,TEMP,PRES,Iws,Is,Ir,SO2,NO2,Co,O3,maxtemp,mintemp,windspeed,pm2.5
-1.381526822,-0.645006539,-0.227508613,0.854577945,-0.078067887,-0.174452307,0.314573692,0.335662961,0.257175744,-0.759302392,-0.860020507,-1.249354066,1.590134649,1
-0.806897982,-1.217772692,0.174092912,-0.432884353,-0.078067887,-0.174452307,2.237856419,1.611629919,2.480067027,-1.264301433,-0.9513076,-1.060169159,-0.866839939,3
-1.107750777,-1.000121554,0.567057881,-0.367814742,-0.078067887,-0.174452307,0.358284663,-0.089659359,0.048779687,-0.626407908,-0.9513076,-1.34394652,-0.19675596,1
-0.665497168,-1.43542383,0.644787208,-0.450187843,-0.078067887,-0.174452307,0.882816316,0.931114208,1.831723736,-1.37061702,-1.407743064,-1.34394652,-0.866839939,3
-0.94228174,-1.336144364,0.791609306,-0.120081049,-0.078067887,-0.174452307,0.664261461,0.54832412,1.194958004,-1.078249155,-1.225168879,-1.34394652,0.249966692,2
-0.524096354,-1.336144364,0.968659406,-0.25095754,0.77544769,-0.174452307,1.145082142,0.590856352,1.299156033,-1.37061702,-1.59031725,-1.154761613,-0.866839939,3
-1.026520523,-1.259775543,1.059343622,-0.271980889,-0.078067887,-0.174452307,0.62055049,0.208066265,0.824476124,-0.94535467,-1.316455972,-1.34394652,-0.19675596,2
-1.802720736,-1.561432384,1.75890757,0.161432989,-0.078067887,-0.174452307,-0.297379903,-1.408158549,-0.865847456,-0.334040042,-1.772891436,-1.722316333,1.143411997,0
-2.004292109,-1.656893409,1.568902581,0.055735365,-0.078067887,-0.174452307,-0.035114076,-0.855239534,-0.530098252,-0.546671217,-1.681604343,-1.722316333,0.473328018,0
-1.820771904,-1.687440937,1.460945147,-0.421747117,-0.078067887,-0.174452307,1.45105894,0.675920816,0.731855654,-1.237722536,-1.407743064,-1.533131426,-0.643478613,2
-1.643268754,-1.599616794,1.417762153,-0.434749868,-0.078067887,-0.174452307,2.500122246,1.611629919,1.785413501,-1.264301433,-1.407743064,-1.34394652,-0.643478613,3
-1.893926636,-1.382367597,2.010505173,-0.30156162,-0.078067887,-0.174452307,0.22715175,-0.77017507,-0.657451398,-0.440355629,-1.499030157,-1.62772388,1.590134649,0
-1.550004387,-1.756172876,1.573220808,-0.476729542,-0.078067887,-0.174452307,2.019301564,1.016178672,1.206535563,-1.237722536,-1.59031725,-1.722316333,-0.866839939,2
-1.462757077,-1.603435235,1.784817345,-0.40776134,-0.078067887,-0.174452307,2.063012535,0.888581976,1.287578474,-1.157985845,-1.407743064,-1.533131426,-0.19675596,2
-1.375509766,-1.51179265,1.495491481,-0.4102971,-0.078067887,-0.174452307,2.368989332,1.569097687,1.785413501,-1.211143639,-1.499030157,-1.154761613,-0.866839939,3
-0.752744478,-1.336144364,1.167301056,-0.41672028,-0.078067887,-0.174452307,3.942584291,2.887596877,3.695710697,-1.237722536,-1.316455972,-1.249354066,-0.643478613,3
-1.128810473,-1.206317369,1.521401256,-0.04579557,0.30127237,-0.174452307,2.063012535,0.931114208,1.449664297,-1.157985845,-1.225168879,-1.438538973,0.92005067,3
-1.402586517,-1.21013581,1.659586797,-0.037305801,-0.078067887,-0.174452307,1.013949229,0.335662961,0.361373773,-0.918775773,-1.225168879,-1.249354066,0.473328018,1
-0.903170877,-1.24832022,0.847747084,-0.225041403,-0.078067887,-0.174452307,2.237856419,0.76098528,1.449664297,-1.025091361,-1.225168879,-1.249354066,0.473328018,2
-1.736533121,-1.24832022,1.340032825,4.172569573,-0.078067887,-0.174452307,-0.6033567,-1.663351941,-1.085821072,0.011485617,-1.499030157,-1.533131426,4.940554542,0
-1.712464897,-1.362873451,1.594812357,2.403480447,-0.078067887,-0.174452307,0.576839519,-0.387384982,-0.35643487,-0.652986804,-1.316455972,-1.438538973,1.143411997,1
-1.454825503,-1.597881139,0.742537745,-0.435468858,-0.078067887,-0.174452307,2.368989332,1.611629919,1.206535563,-1.264301433,-1.133881786,-1.154761613,-0.866839939,3
-1.155887225,-1.534703297,0.01431603,-0.486191166,-0.078067887,-0.174452307,2.543833217,1.611629919,1.762258384,-1.157985845,-1.225168879,-1.060169159,-0.866839939,3
-1.366484182,-1.0230322,0.066135582,-0.243428456,-0.078067887,-0.174452307,0.139729808,-0.642578374,-0.437477781,-0.387197836,-1.042594693,-1.154761613,0.249966692,3
-1.522927636,-1.087945697,1.07229851,-0.276426847,-0.078067887,-0.174452307,1.101371171,-0.302320518,-0.310124635,-0.706144598,-1.133881786,-1.34394652,0.249966692,0
-0.906179404,-1.347599687,1.292531604,-0.101470581,-0.078067887,-0.174452307,1.582191853,0.250598497,0.604502507,-0.86561798,-1.407743064,-1.34394652,0.249966692,1
-1.173938393,-1.206317369,0.25614057,-0.111468402,-0.078067887,-0.174452307,0.358284663,-0.642578374,-0.391167546,-0.360618939,-0.860020507,-1.438538973,0.249966692,2
-1.306313623,-1.255957102,1.150027837,-0.006295803,-0.078067887,-0.174452307,2.194145448,0.888581976,1.206535563,-1.237722536,-1.316455972,-1.34394652,0.473328018,1
-0.77982123,-1.481245122,-0.180007289,-0.412799347,-0.078067887,-0.174452307,0.751683403,-0.429917214,-0.113306136,-0.360618939,-1.133881786,-1.060169159,-0.643478613,2
-1.417629157,-1.072671933,0.117955134,-0.191529157,-0.078067887,-0.174452307,1.888168651,-0.302320518,0.210865509,-0.918775773,-1.133881786,-1.249354066,0.249966692,2
-0.403755235,-1.007758436,-0.067731628,-0.272327183,-0.078067887,-0.174452307,1.363636998,0.123001801,0.847631241,-1.29088033,-1.316455972,-1.060169159,-0.19675596,3
-1.294279511,-0.847383913,-0.167052401,0.491651491,-0.078067887,-0.174452307,-0.078825048,-1.025368461,-0.07857346,-0.334040042,-1.225168879,-0.870984252,-0.643478613,1
-2.548835669,-1.362873451,1.059343622,0.922272682,-0.078067887,-0.174452307,-0.690778643,-1.961077564,-1.10897619,0.357011277,-0.9513076,-1.249354066,1.590134649,0
-2.431503079,-1.527066415,1.344351156,0.357825922,-0.078067887,-0.174452307,-0.035114076,-1.408158549,-0.738494309,0.011485617,-1.59031725,-1.533131426,2.260218628,0
-1.453731493,-1.611072117,1.24934861,-0.384414475,-0.078067887,-0.174452307,1.407347969,-0.259788287,0.372951332,-0.812460186,-1.59031725,-1.62772388,0.92005067,2
-1.083682554,-1.469789799,1.374579262,-0.466720551,-0.078067887,-0.174452307,2.063012535,0.463259656,0.95182927,-0.94535467,-1.681604343,-1.34394652,-0.866839939,2
-0.665497168,-1.561432384,1.106844843,0.486468264,16.13872807,-0.174452307,0.62055049,-0.132191591,0.222443068,-0.86561798,-1.772891436,-1.249354066,-0.866839939,2
-1.002452299,-1.523247973,1.158664395,0.100239628,9.879613841,-0.174452307,0.139729808,-0.685110606,0.01404701,-0.599829011,-1.864178529,-1.249354066,0.249966692,1
-1.685388145,-1.790538845,2.052551661,1.186282157,-0.078067887,-0.174452307,-0.209957961,-1.578287477,-0.935312808,-0.015093279,-1.772891436,-1.722316333,0.473328018,0
-1.571064083,-1.832541696,1.905729667,-0.1375521,-0.078067887,-0.174452307,0.22715175,-0.727642838,-0.599563604,-0.360618939,-1.864178529,-1.816908787,1.590134649,0
-1.264194232,-1.805812609,1.206165719,-0.40776134,-0.078067887,-0.174452307,1.669613795,1.016178672,0.963406829,-1.025091361,-1.772891436,-1.816908787,0.249966692,2
-1.330381846,-1.496518886,1.620722133,-0.259380285,-0.078067887,-0.174452307,1.45105894,0.97364644,1.032872182,-0.918775773,-1.772891436,-1.62772388,-0.866839939,2
-0.906179404,-1.454516035,1.884138118,0.650488367,0.206437306,-0.174452307,2.368989332,1.271372063,1.843301295,-1.051670258,-1.59031725,-1.438538973,-0.19675596,3
-0.791855342,-1.538521738,1.016160627,-0.472775097,-0.078067887,-0.174452307,2.325278361,1.696694383,2.144317823,-1.131406948,-1.681604343,-1.438538973,0.249966692,3
-0.716642143,-1.416331625,0.804564194,-0.433174793,-0.078067887,-0.174452307,3.592896522,2.249613398,2.885281584,-1.104828051,-1.499030157,-1.34394652,-0.866839939,3
-0.836983261,-1.183406723,1.288213274,-0.140020835,-0.078067887,-0.174452307,2.587544188,1.398968759,2.225360734,-0.785881289,-1.407743064,-1.249354066,-0.866839939,3
-1.113767833,-1.1719514,1.875501561,-0.149549484,-0.078067887,-0.174452307,1.975590593,0.718453048,0.893941476,-0.679565701,-1.407743064,-1.249354066,0.249966692,2
-0.999051354,-1.387610308,1.626542401,-0.031938499,0.020890441,-0.174452307,0.751683403,0.293130729,-0.148038812,-0.785881289,-1.499030157,-1.249354066,-0.19675596,1
-1.086691082,-1.301778394,1.245030383,-0.342345435,-0.078067887,-0.174452307,0.62055049,0.293130729,-0.032263225,-0.706144598,-1.59031725,-1.249354066,-0.19675596,2
-0.578380662,-1.411517069,1.405746028,-0.077328651,0.218807097,-0.174452307,1.013949229,1.016178672,1.04444974,-1.237722536,-1.316455972,-1.34394652,-0.19675596,3
-0.596301025,-1.332325923,1.206165719,-0.475132125,-0.078067887,-0.174452307,2.500122246,2.07948447,1.634905237,-0.94535467,-1.316455972,-1.249354066,-0.643478613,3
-0.481976962,-1.007758436,1.361624374,-0.344378512,-0.078067887,-0.174452307,3.461763609,1.994420006,2.387446557,-1.184564742,-1.225168879,-1.060169159,-1.313562591,3
-0.546987327,-1.088775793,1.45981859,-0.395409406,-0.078067887,-0.174452307,4.72938177,1.611629919,2.723195761,-1.237722536,-1.407743064,-0.965576706,-0.643478613,3
-0.50002813,-0.935208056,1.115481504,-0.454265166,-0.078067887,-0.174452307,4.947936626,2.760000181,4.031459902,-1.211143639,-1.407743064,-0.965576706,-0.866839939,3
-0.451891683,-1.026850641,0.972977737,-0.45626473,-0.078067887,-0.174452307,2.412700304,2.845064645,4.668225634,-1.264301433,-1.133881786,-0.776391799,-0.866839939,3
-0.226252086,-0.824473267,0.640468878,-0.417792672,-0.078067887,0.20563908,2.631255159,2.164548934,2.82739379,-1.131406948,-0.9513076,-0.776391799,-1.313562591,3
-1.327373319,-0.843565472,1.240712053,0.221565129,-0.078067887,-0.174452307,-0.341090874,-1.365626317,-0.958467926,0.038064514,-0.9513076,-0.681799346,-0.643478613,0
-0.683548335,-1.122311666,1.029115515,-0.425243561,-0.078067887,-0.174452307,0.533128547,0.718453048,0.280330862,-1.078249155,-0.9513076,-1.060169159,2.260218628,2
-1.252160119,-0.786288857,0.687970202,-0.127677158,-0.078067887,-0.174452307,0.139729808,-0.259788287,-0.483788017,-0.147987764,-1.316455972,-1.060169159,-0.643478613,2
-0.731684783,-0.897023646,0.601604214,-0.314396222,-0.078067887,-0.174452307,1.757035737,1.654162151,1.495974532,-0.971933567,-0.860020507,-1.060169159,0.473328018,3
-0.569224273,-1.160496077,0.549784662,-0.369780794,-0.078067887,-0.174452307,3.286919725,2.036952238,3.371539052,-1.344038123,-0.768733414,-1.060169159,0.249966692,3
-1.53195322,-0.874113,0.977295964,0.710397092,-0.078067887,-0.174452307,0.358284663,-0.600046142,0.048779687,-0.334040042,-1.042594693,-0.776391799,-0.643478613,1
-1.688396674,-1.038305964,1.197529058,0.338768624,-0.078067887,-0.174452307,-0.16624699,-0.855239534,-0.564830928,-0.174566661,-1.042594693,-1.154761613,1.143411997,0
-2.064462668,-1.000121554,1.361624374,-0.190490278,-0.078067887,-0.174452307,-0.253668932,-1.067900693,-0.761649427,-0.015093279,-0.9513076,-1.060169159,0.92005067,0
-1.489833828,-1.0230322,1.31844138,-0.325790386,-0.078067887,-0.174452307,0.183440779,-0.302320518,-0.275391959,-0.546671217,-1.133881786,-1.154761613,0.92005067,1
-0.686556863,-0.908478969,0.70092509,-0.351203839,-0.078067887,-0.174452307,2.150434477,1.739226615,1.287578474,-0.785881289,-1.042594693,-0.870984252,0.249966692,3
-0.849017373,-0.95048182,0.964341076,-0.251873542,-0.078067887,-0.174452307,1.101371171,0.590856352,0.384528891,-0.493513423,-1.042594693,-0.870984252,-0.643478613,2
-0.671514224,-1.000121554,0.752744642,-0.259346773,-0.078067887,-0.174452307,1.45105894,0.76098528,0.477149361,-0.892196876,-0.860020507,-1.060169159,-0.19675596,2
-0.605326608,-0.625914334,0.105000246,-0.342345435,-0.078067887,-0.174452307,2.412700304,1.186307599,1.299156033,-0.52009232,-0.768733414,-0.681799346,-0.643478613,3
-1.522927636,-0.603003688,0.899566636,-0.301940837,-0.078067887,-0.174452307,-0.515934758,-1.238029621,-0.993200602,0.197537896,-0.677446321,-0.587206892,-0.19675596,0
-1.667336978,-0.64882498,0.519556659,-0.29482507,-0.078067887,-0.174452307,-0.253668932,-0.727642838,-0.726916751,-0.121408867,-0.860020507,-1.060169159,1.590134649,0
-1.67937109,-0.23643335,0.139546579,0.467142868,-0.078067887,-0.174452307,-0.297379903,-0.98283623,-0.865847456,0.197537896,-0.586159228,-0.587206892,0.249966692,0
-0.900162348,-0.244070232,-0.611836921,-0.241931575,-0.078067887,-0.174452307,0.970238258,1.484033223,0.234020627,-0.732723495,-0.312297949,-0.681799346,2.260218628,2
-0.79486387,-0.186793616,-0.180007289,-0.178682796,-0.078067887,-0.174452307,2.456411275,0.76098528,0.986561947,-0.121408867,-0.038436671,-0.398021985,-0.643478613,2
-0.695582447,-0.079877267,-0.477969711,0.565467798,-0.078067887,-0.174452307,0.270862721,-0.217256055,-0.066995901,-0.280882248,-0.221010857,-0.492614439,0.249966692,2
-0.843000317,-0.179156735,0.545466435,0.435607845,-0.078067887,-0.174452307,-0.16624699,-0.812707302,-0.750071868,0.410169071,-0.038436671,-0.303429532,0.92005067,1
-0.707616559,-0.446447606,0.610240875,-0.034233845,-0.078067887,-0.174452307,-0.16624699,-0.387384982,-0.564830928,-0.201145558,-0.312297949,-0.303429532,1.143411997,1
-1.297288039,-0.175338293,0.994569182,0.378670539,-0.078067887,-0.174452307,-0.647067671,-1.365626317,-1.01635572,0.277274586,-0.860020507,-0.398021985,0.249966692,0
-1.215665367,0.070702124,0.369354994,-0.171221222,-0.078067887,-0.174452307,-0.384801845,-0.472449446,-0.738494309,-0.09482997,-0.221010857,-0.492614439,1.143411997,0
-1.143853113,0.084315696,0.087727027,-0.251471395,-0.078067887,-0.174452307,-0.16624699,-0.047127127,-0.483788017,-0.174566661,0.052850422,-0.398021985,0.92005067,1
-0.494011074,-0.106606355,0.687970202,-0.152208122,-0.078067887,-0.174452307,0.926527287,0.54832412,0.315063538,0.543063555,0.326711701,-0.303429532,0.249966692,3
-0.126970663,-0.072240386,-0.287964722,-0.375935877,-0.078067887,-0.174452307,1.145082142,1.484033223,0.326641097,0.888589215,0.052850422,-0.208837079,-0.643478613,3
-0.054765992,0.095771019,-0.680929691,-0.364407664,-0.078067887,-0.174452307,1.0576602,2.377210094,0.836053683,0.250695689,0.235424608,-0.114244625,-0.866839939,3
0.297231779,0.168321399,-0.680929691,-0.396512396,-0.078067887,-0.174452307,0.576839519,2.207081166,1.287578474,-1.078249155,0.326711701,-0.019652172,-0.643478613,3
0.185916245,-0.022600652,-0.555699038,-0.366384886,-0.078067887,-0.174452307,0.183440779,0.505791888,0.500304478,-0.466934526,0.417998794,0.074940282,-0.866839939,3
0.297231779,0.206505809,-0.9184359,-0.342948656,-0.078067887,0.368535389,-0.559645729,-0.77017507,-0.784804544,0.117801205,0.326711701,0.358717642,-0.866839939,2
-0.07281716,0.244690219,-0.413195271,-0.386760332,-0.078067887,-0.174452307,-0.515934758,0.123001801,-0.831114779,-0.227724454,0.144137515,0.169532735,-0.19675596,1
-0.494011074,0.401246301,-0.171370731,-0.321333257,-0.078067887,-0.174452307,0.62055049,1.101243136,0.569769831,-0.280882248,0.235424608,0.074940282,-0.19675596,0
0.005404567,0.210324249,-0.469333153,-0.36389381,-0.078067887,-0.174452307,-0.16624699,0.250598497,-0.368012429,0.489905761,0.417998794,0.074940282,-0.643478613,2
-0.063791576,0.240871778,-0.223190283,-0.142132107,-0.078067887,-0.174452307,0.008596895,0.123001801,-0.321702194,0.516484658,0.052850422,0.074940282,0.249966692,2
-1.39957799,0.034675963,0.679333541,-0.038299998,-0.078067887,-0.174452307,-0.647067671,-0.77017507,-0.92373525,0.091222308,0.326711701,0.169532735,-0.643478613,0
-0.873085597,0.019402199,-0.184325619,-0.239004839,-0.078067887,-0.174452307,-0.515934758,-0.642578374,-0.807959662,0.011485617,0.235424608,0.169532735,-0.19675596,0
-0.939273212,-0.034055975,0.545466435,-0.306386795,-0.078067887,-0.174452307,-0.647067671,-1.067900693,-1.01635572,0.489905761,0.052850422,-0.114244625,1.143411997,0
-0.752744478,0.179776722,0.074772139,-0.033384868,-0.078067887,-0.174452307,-0.341090874,0.165534033,-0.703761633,-0.068251073,0.417998794,-0.114244625,0.473328018,1
-0.232269142,0.256145542,-0.370012381,-0.413849398,-0.078067887,-0.174452307,-0.035114076,0.335662961,-0.530098252,0.622800246,0.144137515,-0.303429532,0.249966692,2
0.047523958,0.343969686,-0.361375719,-0.211535968,-0.078067887,-0.174452307,0.751683403,1.186307599,0.245598186,0.888589215,0.60057298,0.074940282,-0.19675596,3
-0.126970663,0.691447818,-0.611836921,0.030679376,-0.078067887,-0.174452307,-0.035114076,-0.174723823,-0.414322664,0.596221349,0.691860073,0.074940282,-0.866839939,2
-0.295840645,0.170313629,0.513548597,-0.200875188,-0.078067887,-0.117792721,0.314573692,-0.132191591,0.025624569,-0.201145558,0.509285887,0.358717642,-0.19675596,2
-0.38269554,0.072860373,0.238867352,-0.316719738,-0.078067887,0.097041541,-0.16624699,0.250598497,-0.344857311,-0.068251073,0.783147166,0.169532735,0.92005067,1
-0.313499397,0.09958946,-0.076368185,-0.350857546,-0.078067887,-0.174452307,0.183440779,0.888581976,0.210865509,0.144380102,-0.129723764,0.074940282,-0.19675596,2
0.098668934,0.237053337,0.022952588,-0.129274575,-0.078067887,-0.174452307,0.22715175,0.718453048,0.025624569,0.862010318,-0.129723764,0.074940282,-0.19675596,3
0.445470157,0.380765572,-0.048888173,-0.231763147,-0.078067887,-0.174452307,0.795394374,0.633388584,0.662390301,2.217534058,0.235424608,0.074940282,-0.643478613,3
0.071592182,0.408883183,0.191366131,0.13548334,-0.078067887,-0.174452307,-0.16624699,0.293130729,-0.333279753,-0.201145558,0.326711701,0.169532735,-0.643478613,1
-0.385704068,0.271419306,-0.275009835,-0.459269662,-0.078067887,-0.174452307,-0.384801845,0.590856352,-0.599563604,-0.440355629,0.509285887,0.547902549,-0.643478613,1
0.324308531,0.065223491,-0.421831932,-0.378717393,-0.078067887,1.34591324,-0.078825048,0.675920816,0.141400157,-0.201145558,0.417998794,0.264125188,0.249966692,2
0.549948127,0.214142691,0.25614057,-0.098152869,-0.078067887,-0.174452307,-0.16624699,0.420727425,0.326641097,-0.147987764,0.144137515,0.264125188,-0.866839939,2
0.110703046,-0.095151032,0.424554113,-0.028235153,-0.078067887,0.531431698,-0.253668932,0.420727425,-0.553253369,-0.174566661,0.052850422,0.169532735,-0.643478613,1
0.041506903,0.103407902,-0.033185295,-0.256464719,-0.078067887,-0.174452307,-0.559645729,-0.047127127,-0.726916751,-0.09482997,-0.038436671,0.264125188,-0.19675596,1
-0.120953607,0.363061891,-0.102277961,-0.319836377,-0.078067887,-0.174452307,-0.559645729,0.037937337,-0.784804544,0.038064514,-0.312297949,-0.114244625,-0.19675596,1
0.047523958,0.496707326,-0.361375719,-0.083083529,-0.078067887,-0.174452307,-0.472223787,-0.004594895,-0.784804544,0.569642452,0.326711701,0.074940282,-0.19675596,2
0.64922955,0.58453147,-0.667974803,1.3850768,-0.078067887,-0.011555998,0.008596895,-0.55751391,-0.425900223,0.835431421,0.509285887,0.074940282,-0.19675596,2
0.685331885,0.561620824,-0.275009835,-0.04565035,-0.078067887,-0.174452307,-0.078825048,-0.34485275,-0.391167546,0.968325905,0.60057298,0.358717642,0.249966692,2
0.507828736,0.531073295,-0.020230407,-0.261960728,-0.078067887,0.042742772,0.008596895,0.590856352,-0.2638144,0.543063555,0.691860073,0.453310095,0.92005067,2
0.366427922,0.206505809,0.346824786,-0.261413361,-0.078067887,1.183016932,-0.690778643,-1.152965157,-1.051088396,0.091222308,0.60057298,0.642495002,0.249966692,1
0.25210386,0.370698772,0.364098004,-0.241965088,-0.078067887,-0.174452307,-0.6033567,-0.34485275,-0.738494309,0.117801205,0.509285887,0.264125188,0.249966692,1
0.216001524,0.454704475,0.221594237,-0.367837084,-0.078067887,-0.174452307,-0.559645729,-0.217256055,-0.622718722,0.622800246,0.326711701,-0.019652172,0.473328018,1
0.264137971,0.553983941,-0.370012381,-0.234469515,-0.078067887,-0.174452307,-0.122536019,0.54832412,-0.368012429,0.808852524,0.60057298,0.074940282,0.249966692,2
0.549948127,0.683810936,-0.814796797,-0.062261253,-0.078067887,-0.174452307,-0.035114076,0.505791888,-0.333279753,0.994904802,0.509285887,0.169532735,-0.19675596,2
0.628169855,0.637989644,-0.914117673,0.523030124,-0.078067887,-0.065854768,-0.078825048,-0.55751391,-0.472210458,1.048062596,0.783147166,0.358717642,-0.19675596,2
-0.298456757,0.313422157,-0.12386951,3.054556363,-0.078067887,-0.174452307,-0.778200585,-1.408158549,-1.120553749,0.463326864,0.874434258,0.642495002,-0.19675596,1
-0.148030359,0.221779573,-0.421831932,0.202016319,-0.078067887,-0.174452307,-0.647067671,-0.514981678,-0.970045485,-0.174566661,0.783147166,0.453310095,1.143411997,2
-0.836983261,0.053768168,0.074772139,4.499906024,-0.078067887,-0.174452307,-0.734489614,-1.578287477,-1.062665955,0.436747968,0.326711701,0.453310095,4.493831889,1
-0.566215745,0.019402199,0.048862364,-0.300857275,-0.078067887,-0.174452307,-0.734489614,-0.727642838,-0.946890367,0.091222308,0.326711701,0.169532735,1.143411997,1
0.122737157,0.191232045,-0.849343234,-0.430225715,-0.078067887,-0.120153537,0.270862721,0.293130729,-0.391167546,0.170958999,-0.038436671,-0.208837079,5.163915868,2
-0.027689241,0.481433563,-1.091167774,-0.040757562,-0.078067887,-0.174452307,-0.384801845,-0.387384982,-0.402745105,0.170958999,0.144137515,-0.114244625,0.249966692,2
0.390496146,0.343969686,-0.275009835,-0.100331165,-0.078067887,-0.174452307,-0.209957961,-0.34485275,-0.310124635,0.941747008,0.144137515,0.074940282,-0.19675596,2
0.258120916,0.366880332,-0.205917064,0.267409882,-0.078067887,-0.174452307,0.576839519,-0.089659359,0.083512363,0.649379143,0.509285887,0.169532735,0.249966692,1
0.273163555,0.32487748,-0.076368185,-0.306330942,-0.078067887,-0.011555998,0.314573692,-0.174723823,-0.101728577,0.516484658,0.326711701,0.358717642,-0.19675596,1
0.552956655,-0.148609206,-1.030711665,-0.1265154,-0.078067887,10.30521021,-0.734489614,-1.067900693,-0.506943134,0.33043238,0.052850422,0.453310095,0.473328018,0
0.504820208,0.66090029,-1.695729176,0.031718255,-0.078067887,-0.174452307,-0.6033567,-0.472449446,-0.703761633,0.33043238,0.052850422,0.169532735,0.249966692,1
0.270155027,0.80981949,-1.734593871,0.181517995,-0.078067887,-0.174452307,-0.428512816,0.080469569,-0.703761633,0.170958999,-0.312297949,-0.019652172,0.92005067,1
-0.241294726,0.523436413,-1.203443435,2.354128077,-0.078067887,-0.174452307,-0.559645729,-1.195497389,-1.120553749,0.357011277,0.874434258,0.453310095,0.473328018,0
0.128754213,0.615078998,-1.708684064,-0.161155892,-0.078067887,-0.174452307,-0.559645729,0.250598497,-0.819537221,-0.121408867,0.874434258,0.737087456,0.249966692,2
0.167865077,0.878551428,-1.043666553,-0.325388239,-0.078067887,-0.174452307,-0.472223787,-0.174723823,-0.796382103,0.649379143,0.417998794,0.074940282,3.823747911,2
0.294223251,0.771635079,-0.452059935,-0.065355551,-0.078067887,-0.120153537,0.139729808,0.208066265,-0.333279753,1.234114874,0.783147166,0.453310095,-0.19675596,1
0.552956655,0.901462074,-0.862298122,0.045078471,-0.078067887,-0.120153537,0.139729808,0.037937337,-0.368012429,1.845429502,0.783147166,0.547902549,0.249966692,2
0.977159098,0.806001049,-1.255262986,-0.251940566,-0.078067887,0.368535389,-0.253668932,-0.472449446,-0.321702194,2.323849646,0.783147166,0.642495002,-0.19675596,2
0.652238078,0.997270231,-1.325533511,-0.232238412,-0.078067887,-0.174452307,-0.472223787,-0.387384982,-0.425900223,1.473324946,0.965721351,0.926272362,-0.19675596,2
0.841775339,0.954920248,-1.177533659,-0.257939258,-0.078067887,-0.174452307,0.22715175,-0.089659359,0.234020627,1.872008399,1.057008444,0.737087456,0.249966692,2
0.847792395,1.22221112,-1.095486104,0.153043757,-0.078067887,-0.174452307,0.751683403,0.335662961,0.210865509,1.473324946,1.057008444,0.831679909,0.249966692,2
0.802664476,1.310035263,-0.728430912,0.332803445,-0.078067887,-0.174452307,-0.035114076,0.037937337,-0.518520693,1.712535018,1.23958263,0.926272362,-0.19675596,2
1.118559911,0.657081849,-0.909799343,-0.16188199,-0.078067887,1.074419392,-0.647067671,-0.387384982,-0.286969518,-0.041672176,1.422156816,1.210049723,0.473328018,2
0.432615537,0.844185459,-1.065257998,0.318002203,-0.078067887,-0.174452307,-0.778200585,-1.067900693,-0.680606516,0.038064514,1.23958263,1.020864816,0.473328018,1
0.137779797,1.164934505,-1.80368661,-0.190132814,-0.078067887,-0.174452307,-0.690778643,-0.004594895,-0.946890367,0.170958999,0.60057298,0.926272362,-0.19675596,0
0.203967412,1.187845151,-2.153468584,0.736659522,-0.078067887,-0.174452307,-0.690778643,-0.472449446,-1.004778161,0.224116793,0.965721351,0.642495002,1.143411997,0
0.375453506,1.329127469,-1.695729176,0.032165085,-0.078067887,-0.174452307,-0.515934758,-0.004594895,-0.761649427,0.915168111,1.330869723,0.926272362,0.473328018,0
0.613127214,1.516231078,-1.959145265,-0.359928194,-0.078067887,-0.174452307,-0.472223787,0.463259656,-0.657451398,1.260693771,1.23958263,0.926272362,1.590134649,1
0.79664742,1.374948761,-1.151623883,0.03610836,-0.078067887,-0.174452307,0.62055049,0.123001801,0.268753303,3.014900965,1.604731002,1.304642176,0.249966692,2
0.95910793,1.22221112,-0.98321034,-0.250008027,-0.078067887,-0.011555998,0.970238258,0.165534033,0.986561947,2.935164274,1.696018095,1.304642176,-0.643478613,2
1.055380824,0.943464925,-0.862298122,-0.232391756,-0.078067887,0.151340311,-0.778200585,-1.152965157,-0.703761633,2.03148178,1.604731002,1.210049723,0.249966692,1
0.769570668,0.806001049,-0.555699038,-0.435185528,-0.078067887,-0.174452307,-0.778200585,-1.067900693,-0.912157691,1.287272668,1.330869723,1.399234629,-0.643478613,0
0.784613308,1.088565685,-0.935709119,-0.080692989,-0.078067887,-0.174452307,-0.297379903,-0.642578374,-0.796382103,1.579640533,0.783147166,0.926272362,0.92005067,1
0.910971482,1.103839448,-1.104122662,-0.259514334,-0.078067887,-0.174452307,-0.515934758,-0.34485275,-0.44905534,1.739113915,0.691860073,0.737087456,-0.643478613,1
0.956753429,1.313853705,-1.297882702,-0.383240089,-0.078067887,-0.174452307,-0.428512816,-0.34485275,-0.495365575,2.03148178,1.148295537,0.926272362,0.249966692,1
1.057212102,0.680324533,-1.252822285,-0.260229747,-0.078067887,1.412016089,-0.428512816,-0.387384982,-0.252236841,-0.015093279,1.057008444,1.115457269,-0.643478613,1
0.642820078,0.843687402,-1.329425056,-0.061114552,-0.078067887,-0.174452307,-0.778200585,-1.152965157,-1.051088396,0.224116793,1.330869723,1.304642176,-0.19675596,0
0.846876756,0.680324533,-1.514173054,-0.442105078,-0.078067887,-0.117792721,-0.6033567,0.037937337,-0.703761633,0.064643411,0.691860073,0.926272362,0.473328018,1
0.714127796,1.025834154,-1.229970174,-0.381379223,-0.078067887,-0.081368702,-0.6033567,-0.514981678,-0.773226986,0.516484658,1.057008444,0.831679909,0.249966692,0
0.992201737,0.687629378,-0.832070015,-0.419769894,-0.078067887,-0.065854768,-0.6033567,-0.514981678,-0.101728577,0.596221349,0.965721351,0.831679909,-0.643478613,2
0.856817979,0.977830895,-0.728430912,-0.39374205,-0.078067887,-0.174452307,-0.778200585,-1.025368461,-0.645873839,0.596221349,1.057008444,0.831679909,-0.19675596,1
0.877877675,1.290943059,-1.104122662,-0.415703742,-0.078067887,-0.174452307,-0.647067671,-0.642578374,-0.865847456,0.888589215,0.874434258,0.737087456,-0.643478613,0
1.100508744,1.027470628,-0.970255452,-0.436246749,-0.078067887,0.097041541,-0.559645729,-0.429917214,-0.44905534,0.915168111,0.874434258,0.926272362,-0.19675596,1
1.12156844,1.069473479,-1.073894555,-0.333822154,-0.078067887,-0.174452307,-0.734489614,-0.642578374,-0.726916751,1.685956121,1.330869723,1.115457269,-0.643478613,1
1.181738998,1.180208269,-1.289809423,-0.339295821,-0.078067887,0.097041541,-0.297379903,-0.174723823,-0.113306136,2.084639574,1.148295537,1.115457269,-0.643478613,2
1.290046005,1.046562833,-1.514360745,-0.401818501,-0.078067887,-0.120153537,-0.734489614,-0.55751391,-0.286969518,1.712535018,1.148295537,1.210049723,-0.643478613,2
1.184747527,0.748724433,-1.484132742,-0.343797633,-0.078067887,0.477132928,-0.734489614,-0.897771766,-0.425900223,1.553061636,1.330869723,1.304642176,-0.19675596,2
1.112972645,0.916735839,-1.424910353,-0.320310336,-0.078067887,-0.174452307,-0.734489614,-0.812707302,-0.611141163,1.154378183,0.783147166,1.115457269,-0.643478613,1
1.205807223,0.924372721,-1.268217874,-0.069421703,-0.078067887,-0.120153537,-0.647067671,-0.429917214,-0.113306136,0.941747008,0.783147166,0.926272362,0.249966692,2
1.124576968,0.851822341,-1.000483558,-0.336257377,-0.078067887,1.780303396,-0.778200585,-1.152965157,-0.54167581,0.808852524,0.965721351,1.020864816,-0.19675596,1
1.082457576,0.825093254,-0.849343234,-0.300846104,-0.078067887,0.368535389,-0.690778643,-0.897771766,-0.344857311,0.729115833,0.783147166,0.926272362,-0.19675596,1
1.082457576,0.817456372,-0.823433458,-0.418284185,-0.078067887,-0.174452307,-0.778200585,-1.025368461,-0.784804544,0.675958039,0.691860073,0.926272362,-0.19675596,0
0.947073818,1.054199716,-0.931390788,-0.199516243,-0.078067887,-0.174452307,-0.778200585,-0.727642838,-0.912157691,0.915168111,0.691860073,0.926272362,-0.643478613,0
1.079449048,1.153479182,-1.289809423,-0.165735898,-0.078067887,-0.174452307,-0.647067671,-0.132191591,-0.611141163,1.632798327,0.783147166,0.831679909,-0.643478613,1
1.20881575,1.016015305,-1.406403414,0.231104949,-0.078067887,-0.174452307,-0.428512816,-0.302320518,-0.055418342,0.835431421,1.057008444,1.020864816,0.249966692,2
1.332165397,1.214574238,-1.43231319,-0.192981355,-0.078067887,-0.174452307,-0.734489614,-0.940303998,-0.240659282,1.553061636,1.148295537,1.210049723,-0.643478613,2
0.805673004,1.355856556,-1.095486104,-0.294333557,-0.078067887,-0.174452307,-0.778200585,-0.897771766,-0.958467926,0.543063555,0.783147166,1.115457269,-0.19675596,0
0.808681532,1.436043817,-1.181851989,-0.046264741,-0.078067887,-0.174452307,-0.647067671,-0.55751391,-0.958467926,0.33043238,1.057008444,1.304642176,-0.643478613,0
1.010252905,1.374948761,-1.134350768,-0.224013694,-0.078067887,-0.174452307,-0.428512816,-0.132191591,-0.298547076,0.862010318,1.330869723,1.020864816,0.473328018,1
1.070423464,1.44749914,-1.155942213,-0.188144421,-0.078067887,-0.174452307,-0.209957961,-0.089659359,-0.101728577,2.350428543,1.513443909,1.304642176,0.249966692,1
1.22385839,1.29857994,-1.276854535,0.200899244,-0.078067887,0.151340311,-0.122536019,-0.259788287,-0.310124635,1.074641493,1.422156816,1.304642176,-0.643478613,2
1.350216565,0.863277664,-1.406403414,-0.45775044,-0.078067887,0.857224315,-0.778200585,-1.152965157,-0.44905534,1.18095708,1.23958263,1.304642176,-0.643478613,1
1.443480931,1.111476331,-1.622318179,-0.35674453,-0.078067887,-0.174452307,-0.690778643,-0.642578374,0.025624569,0.729115833,1.057008444,1.210049723,0.249966692,3
1.48860885,1.275669294,-1.276854535,-0.314027587,-0.078067887,-0.174452307,-0.690778643,-0.642578374,0.002469452,1.234114874,0.783147166,1.210049723,-0.866839939,3
1.434455347,1.214574238,-1.043666553,-0.309369385,-0.078067887,-0.174452307,-0.734489614,-0.685110606,-0.136461254,1.048062596,0.874434258,1.304642176,-0.19675596,2
1.515685602,1.241303325,-1.216398322,0.815446812,-0.078067887,-0.174452307,-0.515934758,-0.812707302,0.10666748,1.393588255,1.057008444,1.304642176,-0.643478613,3
1.452506515,1.275669294,-1.440949748,0.376626292,-0.078067887,-0.174452307,-0.515934758,-0.600046142,-0.101728577,1.553061636,1.148295537,1.304642176,-0.643478613,2
1.211824278,1.329127469,-1.527315633,-0.453740141,-0.078067887,-0.174452307,-0.515934758,-0.600046142,-0.460632899,0.516484658,1.057008444,1.399234629,0.249966692,2
0.974150569,1.245121766,-1.320037426,-0.350265496,-0.078067887,-0.174452307,-0.647067671,-0.004594895,-0.807959662,-0.227724454,1.148295537,1.399234629,-0.19675596,0
0.94406529,1.493320432,-1.760503646,-0.133519459,-0.078067887,-0.174452307,-0.515934758,-0.514981678,-0.865847456,1.048062596,1.330869723,1.304642176,-0.643478613,0
0.971142042,1.424588494,-1.769140245,-0.382839399,-0.078067887,-0.174452307,-0.690778643,-0.727642838,-0.946890367,0.702536936,1.148295537,1.210049723,-0.643478613,0
0.758644962,1.328323587,-1.458677527,-0.102322498,-0.078067887,-0.174452307,-0.778200585,-0.940303998,-1.085821072,0.808852524,1.422156816,1.399234629,-0.19675596,0
0.886903259,1.317672146,-1.510042518,-0.400254597,-0.078067887,-0.011555998,-0.778200585,-0.642578374,-0.993200602,0.224116793,1.422156816,1.304642176,-0.19675596,0
1.001227321,1.386404084,-1.514360745,-0.337865965,-0.078067887,-0.174452307,-0.690778643,-0.514981678,-0.854269897,1.446746049,1.330869723,1.210049723,0.473328018,0
1.100508744,1.332945909,-1.367538751,0.090688638,-0.078067887,-0.011555998,-0.6033567,-1.110432925,-0.761649427,2.828848687,1.422156816,1.304642176,-0.19675596,1
1.374284788,1.115294771,-1.35890209,-0.37181387,-0.078067887,0.314236619,-0.690778643,-0.472449446,-0.530098252,0.224116793,1.513443909,1.304642176,-0.19675596,2
1.392335956,1.103839448,-1.138668995,-0.414273886,-0.078067887,-0.174452307,-0.690778643,-0.600046142,0.67396786,0.649379143,1.422156816,1.399234629,1.143411997,2
1.482591795,1.413133171,-1.030711665,-0.372316554,-0.078067887,-0.174452307,-0.6033567,-0.727642838,0.430839126,1.739113915,1.148295537,1.493827083,-0.643478613,2
1.536745298,1.653694955,-0.909799343,-0.201661026,-0.078067887,-0.174452307,-0.778200585,-0.940303998,-0.587986045,1.420167152,1.057008444,1.399234629,-0.643478613,1
1.530728242,1.653694955,-1.233671541,0.248955805,-0.078067887,-0.011555998,-0.734489614,-1.195497389,-0.622718722,1.287272668,1.422156816,1.493827083,-0.643478613,1
1.271994837,1.573507694,-1.540270521,0.225430208,-0.078067887,-0.120153537,-0.690778643,-1.323094085,-0.900580132,0.410169071,1.422156816,1.588419536,-0.19675596,0
1.029671586,1.309688132,-1.104122662,-0.233335177,-0.078067887,-0.115217286,-0.559645729,-0.642578374,-0.912157691,-0.493513423,1.513443909,1.68301199,0.473328018,0
1.037329656,1.313853705,-1.337310644,-0.320864086,-0.078067887,-0.174452307,-0.647067671,0.208066265,-0.63429628,-0.387197836,1.148295537,1.399234629,0.473328018,0
1.302080117,1.122931654,-1.18617032,-0.446199886,-0.078067887,0.20563908,-0.6033567,0.590856352,-0.321702194,-0.068251073,0.965721351,1.304642176,0.249966692,1
1.109534327,1.252758648,-1.138668995,-0.18202285,-0.078067887,-0.174452307,-0.6033567,-0.514981678,-0.043840783,1.393588255,1.23958263,1.399234629,-0.19675596,2
1.145636663,1.409314731,-0.914117673,-0.126705303,-0.078067887,-0.174452307,-0.428512816,-0.55751391,-0.090151019,2.323849646,1.148295537,1.493827083,-0.866839939,2
1.127585495,1.44749914,-0.905481012,0.220503908,-0.078067887,-0.174452307,-0.122536019,-0.855239534,-0.321702194,2.908585377,1.23958263,1.304642176,-0.19675596,2
1.275003365,1.489501992,-1.324355756,0.579565283,-0.078067887,-0.174452307,-0.515934758,-0.940303998,-0.368012429,2.058060677,1.422156816,1.399234629,-0.19675596,2
1.341190981,1.466591346,-1.423676529,2.33504844,-0.078067887,0.042742772,-0.647067671,-1.110432925,-0.472210458,2.164376265,1.422156816,1.399234629,0.249966692,2
1.428438291,1.046562833,-1.181851989,0.082735064,-0.078067887,1.400212009,-0.778200585,-1.110432925,0.10666748,1.287272668,1.422156816,1.399234629,0.473328018,2
1.470557682,1.233666443,-1.017756777,-0.061981985,-0.078067887,-0.174452307,-0.734489614,-0.812707302,0.419261567,1.287272668,1.23958263,1.304642176,0.92005067,3
1.48860885,1.306216823,-1.086849443,-0.241819868,-0.078067887,-0.174452307,-0.734489614,-0.855239534,0.083512363,1.499903843,0.874434258,1.399234629,-0.19675596,2
1.581873217,1.424588494,-1.402085084,-0.415323937,-0.078067887,-0.174452307,-0.778200585,-0.642578374,-0.217504165,1.473324946,1.148295537,1.399234629,-0.643478613,2
1.584881745,1.420770054,-1.635273067,-0.455248192,-0.078067887,-0.174452307,-0.778200585,-0.685110606,-0.286969518,1.367009358,1.23958263,1.493827083,-0.643478613,2
1.32614834,0.947283367,-1.302764311,-0.321333257,-0.078067887,0.857224315,-0.778200585,-0.77017507,-0.750071868,-0.466934526,1.23958263,1.588419536,-0.643478613,0
1.163687831,1.054199716,-1.056621441,-0.288804037,-0.078067887,-0.174452307,-0.647067671,-0.727642838,-0.784804544,0.064643411,1.148295537,1.493827083,-0.866839939,0
1.061397881,1.2947615,-0.991847001,-0.27437143,-0.078067887,-0.174452307,-0.778200585,-0.34485275,-0.784804544,0.277274586,0.874434258,1.210049723,-0.19675596,0
1.067414936,1.203118915,-0.806160239,-0.251516078,-0.078067887,-0.174452307,-0.428512816,-0.429917214,-0.148038812,1.818850605,1.057008444,1.115457269,-0.643478613,1
1.070423464,1.180208269,-0.853661461,-0.077587521,-0.078067887,-0.174452307,-0.515934758,-0.55751391,-0.205926606,1.845429502,1.148295537,1.115457269,-0.19675596,1
1.148645191,1.122931654,-1.11707755,-0.050073967,-0.078067887,-0.011555998,-0.778200585,-0.897771766,-0.761649427,1.340430461,1.057008444,1.210049723,-0.19675596,2
1.160679303,1.149660741,-1.42799486,-0.39224517,-0.078067887,-0.174452307,-0.778200585,-0.642578374,-0.900580132,0.649379143,1.057008444,1.115457269,-0.19675596,0
0.916988539,1.317672146,-1.302764311,-0.312821147,-0.078067887,-0.174452307,-0.647067671,-0.429917214,-0.703761633,1.10122039,0.965721351,1.115457269,-0.19675596,0
0.835758284,1.226029562,-1.147305656,-0.427187272,-0.078067887,-0.174452307,-0.778200585,-0.855239534,-0.750071868,0.091222308,1.148295537,1.115457269,-0.19675596,0
1.154662247,0.615078998,-0.879571236,-0.453203945,-0.078067887,3.57216279,-0.734489614,-0.685110606,-0.726916751,0.516484658,1.23958263,1.115457269,0.249966692,0
1.067414936,0.905280516,-0.948664007,-0.291887163,-0.078067887,-0.174452307,-0.690778643,-0.302320518,-0.750071868,0.888589215,1.057008444,0.926272362,-0.643478613,0
1.09148316,0.981649336,-1.065257998,-0.447227595,-0.078067887,-0.174452307,-0.6033567,-0.217256055,-0.44905534,1.739113915,0.60057298,0.926272362,-0.19675596,1
1.169704887,1.164934505,-0.948664007,-0.417267647,-0.078067887,-0.174452307,-0.690778643,-0.98283623,-0.553253369,2.137797368,1.057008444,1.020864816,-0.19675596,1
1.145636663,1.122931654,-0.715476024,-0.288804037,-0.078067887,-0.174452307,-0.647067671,-0.727642838,-0.506943134,1.632798327,1.057008444,1.020864816,-0.643478613,1
1.147824683,1.047257095,-0.510553223,-0.214263662,-0.078067887,-0.174452307,-0.647067671,-0.600046142,-0.333279753,1.95174509,1.148295537,1.210049723,-0.643478613,1
1.175721943,1.195482033,-0.585927145,-0.126749986,-0.078067887,-0.174452307,-0.297379903,-0.600046142,-0.217504165,2.058060677,0.874434258,1.020864816,0.249966692,2
1.225362654,1.164934505,-0.760818132,0.101295263,-0.078067887,-0.174452307,-0.515934758,-0.259788287,-0.124883695,1.712535018,0.965721351,1.020864816,-0.643478613,2
1.292662117,1.234164501,-1.014001725,-0.302962232,-0.078067887,-0.061133135,-0.690778643,-0.004594895,-0.194349047,1.553061636,1.148295537,1.210049723,-0.19675596,2
1.235892502,1.008378423,-0.961618895,-0.460710688,-0.078067887,-0.174452307,-0.690778643,-1.152965157,-0.946890367,0.436747968,1.330869723,1.304642176,-0.19675596,1
1.338182453,1.22221112,-1.203443435,-0.4058288,-0.078067887,-0.120153537,-0.734489614,-0.77017507,-0.935312808,0.224116793,1.23958263,1.304642176,-0.19675596,2
1.028304073,1.153479182,-1.017756777,-0.345830709,-0.078067887,-0.011555998,-0.690778643,0.250598497,-0.831114779,0.091222308,0.965721351,1.210049723,-0.19675596,0
0.760545085,1.134386977,-0.60751859,-0.355281162,-0.078067887,-0.174452307,-0.559645729,0.208066265,-0.645873839,1.207535977,1.057008444,1.304642176,-0.643478613,0
0.592067519,1.191663592,-0.408877044,-0.343283778,-0.078067887,-0.174452307,-0.6033567,-0.047127127,-0.402745105,1.021483699,1.057008444,1.020864816,0.249966692,0
0.856817979,1.134386977,-0.382967268,-0.37927593,-0.078067887,-0.174452307,-0.734489614,-0.812707302,-0.321702194,1.287272668,1.148295537,0.926272362,-0.19675596,1
1.112542856,0.95873869,-0.266373277,-0.434738698,-0.078067887,1.020120623,-0.690778643,0.165534033,0.315063538,-0.334040042,1.23958263,1.020864816,-0.643478613,2
1.205807223,0.821274813,-0.136824398,-0.475701833,-0.078067887,-0.011555998,-0.778200585,-1.067900693,-0.310124635,0.808852524,1.23958263,1.020864816,-0.643478613,2
1.32614834,0.771635079,-0.413195271,-0.430192203,-0.078067887,0.802925545,-0.734489614,-0.387384982,0.384528891,0.038064514,0.783147166,0.926272362,-0.643478613,2
1.211824278,0.611260557,-0.633428366,-0.463659766,-0.078067887,2.649083709,-0.778200585,-1.025368461,-0.495365575,0.064643411,0.691860073,1.020864816,-0.643478613,0
0.862835035,0.863277664,-0.771613906,-0.298868881,-0.078067887,-0.174452307,-0.647067671,-0.727642838,-0.819537221,0.038064514,0.691860073,1.020864816,-0.866839939,0
0.974150569,0.977830895,-1.216398322,-0.32287482,-0.078067887,-0.174452307,-0.690778643,0.505791888,-0.460632899,-0.201145558,0.509285887,0.926272362,-0.643478613,1
1.166696359,0.932009602,-0.771613906,-0.130514528,-0.078067887,-0.174452307,-0.515934758,-0.132191591,-0.2638144,1.287272668,0.509285887,1.020864816,-0.643478613,2
1.290046005,0.9969231,-0.603200363,-0.262865558,-0.078067887,-0.174452307,-0.384801845,-0.642578374,0.141400157,1.420167152,0.326711701,0.831679909,-0.643478613,2
1.271994837,1.03510751,-0.940027449,-0.082078162,-0.078067887,0.042742772,-0.472223787,-0.472449446,0.002469452,0.968325905,0.874434258,0.737087456,-0.19675596,2
0.51685432,0.863277664,-0.698202806,-0.337832453,-0.078067887,-0.174452307,-0.734489614,-1.280561853,-1.062665955,0.489905761,1.148295537,0.737087456,-0.643478613,0
0.805673004,0.756361316,-0.702521136,-0.34629988,-0.078067887,-0.174452307,-0.647067671,-0.259788287,-0.703761633,0.75569473,0.965721351,0.831679909,-0.19675596,1
0.947073818,0.840367018,-0.318192829,-0.260966531,-0.078067887,-0.174452307,-0.384801845,0.080469569,-0.205926606,0.968325905,0.783147166,1.115457269,-0.643478613,1
1.073431992,0.760179756,-0.292283053,-0.439776705,-0.078067887,0.097041541,-0.253668932,0.378195193,0.176132833,0.064643411,0.874434258,1.115457269,-0.643478613,2
1.12156844,0.710540024,-0.210235395,-0.402768015,-0.078067887,0.151340311,-0.734489614,-0.174723823,-0.344857311,-0.360618939,0.783147166,0.831679909,0.473328018,1
0.98919321,0.783090403,-0.244781728,-0.18604432,-0.078067887,-0.120153537,-0.559645729,-0.217256055,-0.530098252,0.357011277,0.691860073,0.737087456,-0.643478613,1
0.676306301,0.573076147,0.031589145,-0.384838963,-0.078067887,-0.174452307,-0.734489614,-0.302320518,-0.831114779,-0.546671217,0.783147166,0.831679909,-0.643478613,1
0.255112388,0.62271588,0.156819797,-0.285989008,-0.078067887,-0.174452307,-0.647067671,-0.77017507,-0.993200602,-0.466934526,0.60057298,0.831679909,-0.643478613,0
0.603007621,0.351606568,0.163100949,-0.438710407,-0.078067887,-0.174452307,-0.690778643,0.505791888,-0.761649427,-0.971933567,0.60057298,0.737087456,-0.866839939,1
0.685331885,0.408883183,0.368416231,-0.398243862,-0.078067887,-0.174452307,-0.734489614,0.293130729,-0.63429628,-0.785881289,0.60057298,0.926272362,-0.643478613,1
0.592067519,0.538710178,0.269095458,-0.274337917,-0.078067887,-0.174452307,-0.734489614,0.165534033,-0.611141163,0.091222308,0.509285887,0.547902549,-0.643478613,1
0.843737423,0.445241382,-0.437227521,-0.3628763,-0.078067887,-0.061133135,-0.647067671,0.293130729,-0.437477781,-0.068251073,0.691860073,0.358717642,-0.19675596,2
1.04635524,0.679992495,-0.685247918,-0.470194654,-0.078067887,-0.174452307,-0.690778643,-0.047127127,-0.07857346,0.596221349,0.60057298,0.547902549,-0.643478613,2
0.947073818,0.691447818,0.01431603,-0.245796654,-0.078067887,-0.174452307,-0.253668932,-0.387384982,0.535037155,0.303853483,0.417998794,0.358717642,-0.643478613,2
1.088474632,0.595986793,0.174092912,-0.380728128,-0.078067887,0.259937849,-0.428512816,0.165534033,0.836053683,-0.892196876,0.509285887,0.453310095,-0.643478613,2
1.088748135,0.401593432,0.0783053,-0.366250838,-0.078067887,13.86424774,-0.778200585,-0.600046142,-0.205926606,-1.104828051,0.509285887,0.642495002,-0.643478613,1
0.983176153,0.580713029,-0.05477674,-0.396769323,-0.078067887,0.911523083,-0.778200585,-0.429917214,-0.54167581,-0.599829011,0.783147166,0.547902549,-0.866839939,0
1.040338185,0.43561227,-0.037503521,-0.445172177,-0.078067887,-0.174452307,-0.734489614,-0.047127127,0.037202128,-0.785881289,0.691860073,0.737087456,0.249966692,2
1.043346713,0.481433563,-0.555699038,-0.300812592,-0.078067887,-0.120153537,-0.515934758,0.335662961,0.372951332,-0.918775773,0.326711701,0.737087456,-0.643478613,2
0.66427219,0.439430711,-0.080686516,-0.436704749,-0.078067887,-0.174452307,-0.778200585,-0.55751391,-0.784804544,-0.280882248,0.052850422,0.547902549,-0.19675596,1
0.865843563,0.39742786,-0.05477674,-0.358844631,-0.078067887,-0.174452307,-0.515934758,0.54832412,-0.032263225,-0.998512464,0.326711701,0.547902549,-0.643478613,1
0.483760512,0.378335655,0.238867352,-0.310899778,-0.078067887,-0.174452307,-0.734489614,-0.685110606,-0.437477781,-0.626407908,0.417998794,0.737087456,-0.866839939,1
0.023455735,-0.110424796,0.972977737,-0.238334594,-0.078067887,-0.174452307,-0.559645729,-0.642578374,-0.738494309,-0.839039083,0.235424608,0.547902549,-0.19675596,0
0.480751984,-0.179156735,-0.024548633,-0.403270699,-0.078067887,3.409266481,-0.690778643,0.123001801,-0.333279753,-1.397195917,0.417998794,0.547902549,-0.643478613,2
0.676306301,0.111044783,-0.374330607,-0.353694916,-0.078067887,-0.174452307,-0.690778643,-0.34485275,-0.35643487,-0.998512464,0.326711701,0.642495002,-0.866839939,1
0.763553613,0.118681665,0.074772139,-0.466742893,-0.078067887,0.042742772,-0.690778643,-0.089659359,0.384528891,-1.264301433,0.326711701,0.074940282,0.249966692,2
0.8267327,0.088134137,0.247504013,-0.264373609,-0.078067887,2.268992322,-0.778200585,-0.685110606,-0.148038812,-0.493513423,-0.221010857,0.264125188,-0.19675596,2
0.366427922,0.133955429,0.791609306,-0.260977702,-0.078067887,-0.174452307,-0.778200585,-1.067900693,-0.645873839,-0.466934526,-0.403585042,0.169532735,-0.643478613,0
0.158839493,-0.030237535,0.791609306,-0.352845939,-0.078067887,-0.174452307,-0.778200585,-0.34485275,-0.92373525,-0.52009232,0.052850422,0.074940282,-0.19675596,0
0.483760512,-0.01496377,0.32091501,-0.468239773,-0.078067887,-0.174452307,-0.341090874,1.356436527,0.037202128,-0.254303351,-0.038436671,0.264125188,-0.866839939,2
0.727451277,0.107226342,0.247504013,-0.473244268,-0.078067887,-0.120153537,-0.472223787,2.036952238,0.963406829,-0.679565701,-0.403585042,0.169532735,-0.19675596,3
0.829741227,0.210324249,0.290686904,-0.490715319,-0.078067887,-0.174452307,-0.647067671,1.611629919,1.194958004,-0.573250114,0.144137515,-0.114244625,0.249966692,3
0.868852091,0.279056188,0.532511547,-0.449204817,-0.078067887,-0.174452307,-0.341090874,1.271372063,1.276000916,-0.201145558,0.052850422,0.169532735,-0.643478613,3
0.763553613,0.301966834,0.541148105,-0.241484745,-0.078067887,-0.174452307,-0.6033567,0.250598497,0.627657625,-0.466934526,0.235424608,0.074940282,-0.866839939,3
-0.096885384,0.103407902,1.422080484,0.050228186,-0.078067887,0.368535389,-0.778200585,-1.365626317,-1.166863984,-0.280882248,0.235424608,0.358717642,-1.313562591,0
-0.391721123,-0.354805021,1.085253397,-0.062183058,-0.078067887,-0.174452307,-0.690778643,-1.025368461,-1.097398631,-0.493513423,0.235424608,0.358717642,-1.313562591,0
-0.066800104,-0.133335442,0.260458901,-0.319445401,-0.078067887,-0.174452307,-0.559645729,0.293130729,-0.657451398,-0.732723495,0.235424608,0.358717642,-0.866839939,1
-0.247311781,0.011765317,-0.132506067,0.316639371,-0.078067887,-0.174452307,-0.690778643,-0.472449446,-0.773226986,-0.573250114,0.144137515,0.453310095,-0.19675596,1
-0.238286198,-0.129517001,0.433190671,-0.058373833,-0.078067887,-0.174452307,-0.559645729,-0.004594895,-0.726916751,-0.732723495,-0.221010857,-0.303429532,1.143411997,1
0.185916245,-0.037874417,-0.067731628,-0.444256176,-0.078067887,-0.174452307,-0.384801845,2.122016702,-0.055418342,-0.86561798,-0.129723764,-0.398021985,-0.19675596,2
0.456683761,0.107226342,-0.028866964,-0.451249064,-0.078067887,-0.174452307,-0.122536019,2.50480679,0.8592088,-0.254303351,0.052850422,-0.208837079,-0.643478613,3
0.727451277,0.240871778,-0.240463501,-0.383800084,-0.078067887,-0.174452307,-0.341090874,2.717467949,1.310733592,-0.652986804,0.235424608,-0.208837079,0.92005067,3
0.752696751,0.098593345,0.162076787,-0.355637655,-0.078067887,-0.174452307,-0.690778643,0.888581976,0.338218656,-0.94535467,0.235424608,-0.114244625,-0.19675596,3
-0.096885384,-0.160064529,0.808882421,-0.090188125,-0.078067887,-0.174452307,-0.035114076,0.080469569,-0.055418342,-0.998512464,0.235424608,-0.114244625,-0.866839939,1
0.20697594,-0.328075934,0.592967656,-0.421356141,-0.078067887,-0.174452307,-0.428512816,0.888581976,0.002469452,-1.37061702,0.326711701,0.358717642,-0.643478613,2
0.426598481,-0.106606355,-0.158415843,-0.480739841,-0.078067887,-0.174452307,-0.341090874,1.398968759,0.349796215,-1.317459226,0.144137515,0.074940282,-0.866839939,2
0.567999295,-0.137153883,-0.551380811,-0.402187136,-0.078067887,-0.174452307,-0.428512816,1.398968759,0.928674153,-0.785881289,0.052850422,0.169532735,-0.643478613,3
0.682323358,-0.022600652,-0.54274415,-0.417189452,-0.078067887,-0.174452307,-0.6033567,1.441500991,1.380198945,-0.839039083,-0.221010857,-0.208837079,-0.19675596,3
-0.491002546,0.015583757,0.748426311,0.188935372,-0.078067887,-0.174452307,-0.778200585,-0.642578374,-0.680606516,-0.413776733,-0.221010857,-0.114244625,-0.866839939,2
-0.698590975,-0.343349698,1.547311032,-0.126258473,-0.078067887,-0.174452307,-0.559645729,-0.089659359,-0.726916751,-0.94535467,-0.038436671,0.074940282,-0.866839939,0
0.011421623,-0.415900078,1.085253397,-0.453795995,-0.078067887,-0.174452307,-0.384801845,0.718453048,-0.298547076,-1.157985845,-0.038436671,0.169532735,-0.866839939,1
0.243078276,-0.270799319,0.761381199,-0.448333499,-0.078067887,-0.174452307,-0.341090874,1.441500991,0.037202128,-1.104828051,-0.038436671,0.264125188,-0.866839939,2
0.378462034,-0.133335442,0.614559102,-0.484213944,-0.078067887,-0.011555998,-0.16624699,1.909355542,0.48872692,-1.237722536,0.052850422,-0.114244625,1.143411997,3
0.543931072,-0.053148181,0.394326007,-0.455739705,-0.078067887,0.042742772,-0.428512816,1.441500991,0.998139505,-1.264301433,-0.494872135,-0.587206892,0.249966692,3
-0.187141222,-0.182975175,0.273413789,0.209914038,-0.078067887,-0.174452307,-0.647067671,-0.217256055,-0.217504165,-0.892196876,-0.403585042,-0.303429532,-0.866839939,1
-0.864060013,-0.259343996,0.644787208,3.783056737,-0.078067887,-0.174452307,-0.734489614,-1.280561853,-1.062665955,-0.307461145,-0.403585042,-0.019652172,-0.866839939,0
-0.439857571,-0.373897226,0.359779674,-0.409325244,-0.078067887,-0.174452307,-0.647067671,-0.387384982,-0.576408487,-0.812460186,-0.403585042,-0.019652172,-1.313562591,0
-0.105910967,-0.614459011,-0.106596292,-0.447261107,-0.078067887,-0.174452307,-0.209957961,0.633388584,0.152977716,-1.051670258,-0.494872135,-0.019652172,-0.866839939,2
-0.409772291,-0.232614909,0.105000246,-0.1760465,-0.078067887,-0.174452307,-0.515934758,0.123001801,0.187710392,-0.812460186,-0.221010857,-0.303429532,0.473328018,2
-0.773019341,-0.606656109,1.329143258,0.013311776,-0.078067887,-0.174452307,-0.778200585,-1.280561853,-1.039510837,-0.254303351,-0.586159228,-0.681799346,3.823747911,0
-0.436849043,-0.824473267,1.56026592,-0.467859968,-0.078067887,-0.174452307,-0.341090874,-0.302320518,-0.113306136,-1.078249155,-0.221010857,-0.587206892,-0.643478613,1
-0.283414117,-0.809199503,1.154346168,-0.394255904,-0.078067887,-0.174452307,-0.515934758,0.080469569,0.257175744,-1.025091361,-0.221010857,-0.398021985,-1.313562591,2
-0.421806403,-0.694646272,0.903884967,-0.326840436,-0.078067887,-0.174452307,-0.6033567,0.123001801,-0.17119393,-0.785881289,-0.129723764,-0.303429532,0.473328018,1
-0.409772291,-0.606822129,0.502283441,-0.384716085,-0.078067887,-0.174452307,-0.515934758,0.505791888,0.095089922,-1.025091361,-0.677446321,-0.681799346,0.92005067,2
-0.566215745,-0.465539811,0.200002688,0.945128034,-0.078067887,-0.174452307,-0.690778643,-1.025368461,-0.657451398,-0.466934526,-0.860020507,-0.681799346,-0.866839939,1
-1.423646213,-0.751922887,0.899566636,5.129556443,-0.078067887,-0.174452307,-0.778200585,-1.8760131,-1.20159666,0.170958999,-0.677446321,-0.870984252,-0.866839939,0
-1.017887355,-0.758065597,0.874032448,-0.256091714,-0.078067887,-0.174452307,-0.559645729,-0.259788287,-0.576408487,-0.785881289,-0.494872135,-0.776391799,-0.643478613,0
-0.879102652,-0.820654826,1.00752407,-0.340736848,-0.078067887,-0.174452307,-0.209957961,0.080469569,-0.2638144,-1.025091361,-0.403585042,-0.492614439,-0.866839939,1
-0.53011341,-0.877931441,1.14139128,-0.448244133,-0.078067887,-0.174452307,0.533128547,1.271372063,0.917096594,-1.344038123,-0.586159228,-0.681799346,1.143411997,3
-0.494011074,-0.68700939,0.972977737,0.239862816,-0.078067887,-0.174452307,-0.209957961,0.037937337,0.372951332,-0.732723495,-0.9513076,-1.060169159,3.823747911,2
-0.785838286,-0.675554067,1.443671929,0.292834506,-0.078067887,-0.174452307,-0.297379903,-0.387384982,-0.599563604,-0.626407908,-0.768733414,-1.060169159,0.473328018,0
-0.629394832,-0.870294559,1.283895047,-0.371825041,-0.078067887,-0.174452307,0.358284663,0.633388584,0.535037155,-1.211143639,-0.677446321,-0.870984252,-0.19675596,2
-0.289431173,-1.011576877,0.657742096,-0.48819073,-0.078067887,-0.174452307,1.013949229,2.887596877,2.387446557,-1.37061702,-0.9513076,-0.776391799,-0.866839939,3
-0.172958162,-0.955391245,0.060583428,-0.455048715,-0.078067887,-0.174452307,0.401995634,3.440515892,2.850548908,-1.37061702,-0.768733414,-0.870984252,0.249966692,3
-0.782228052,-0.427355401,0.478101018,-0.36238129,-0.078067887,-0.174452307,0.008596895,2.29214563,1.658060355,-1.131406948,-0.768733414,-1.060169159,0.92005067,2
-0.782829758,-0.786288857,1.046388734,-0.202856297,-0.078067887,-0.174452307,-0.253668932,0.037937337,-0.506943134,-0.812460186,-0.586159228,-0.965576706,-0.643478613,1
-0.126970663,-0.916115851,0.916839854,-0.416206426,-0.078067887,-0.174452307,0.096018837,1.569097687,1.276000916,-1.397195917,-0.860020507,-0.776391799,-1.313562591,2
-0.653463056,-0.889386764,1.055025291,-0.299851907,-0.078067887,-0.174452307,-0.209957961,0.76098528,0.569769831,-1.131406948,-0.677446321,-0.965576706,-0.866839939,2
-0.256337365,-0.958118703,0.415917556,-0.419825748,-0.078067887,-0.174452307,0.358284663,1.696694383,1.449664297,-1.317459226,-0.768733414,-0.965576706,-0.19675596,3
-0.160064471,-1.000121554,-0.024548633,-0.466776405,-0.078067887,-0.174452307,0.751683403,2.717467949,2.653730409,-1.37061702,-0.768733414,-0.870984252,0.249966692,3
-1.056605802,-0.748104446,0.731153093,-0.273410745,-0.078067887,-0.174452307,-0.384801845,0.123001801,-0.066995901,-0.785881289,-0.860020507,-0.870984252,-0.866839939,2
-0.539138993,-0.816836385,0.428872444,-0.163557602,-0.078067887,-0.174452307,0.096018837,0.76098528,0.453994243,-1.157985845,-0.9513076,-0.965576706,0.249966692,2
-0.139004775,-1.072671933,0.415917556,-0.431767279,-0.078067887,-0.120153537,-0.078825048,1.611629919,2.54953238,-1.423774814,-0.9513076,-0.965576706,-0.866839939,3
-1.07465697,-0.931389615,0.687970202,1.238371358,-0.078067887,-0.174452307,-0.472223787,-0.600046142,0.083512363,-0.599829011,-1.042594693,-0.776391799,-0.866839939,2
-1.757592816,-1.576706148,1.564584251,7.507987571,-0.078067887,-0.174452307,-0.6033567,-1.535755245,-0.92373525,-0.334040042,-1.042594693,-0.965576706,0.92005067,0
-1.550004387,-1.710351584,1.158664395,0.492098321,-0.078067887,-0.174452307,-0.472223787,-0.855239534,-0.703761633,-0.86561798,-0.9513076,-0.965576706,-0.643478613,1
-1.748567233,-1.507974209,1.033433846,0.89449103,-0.078067887,-0.174452307,-0.647067671,-1.705884172,-1.10897619,0.064643411,-1.133881786,-0.587206892,-0.866839939,0
-1.760601345,-1.43542383,1.111163173,1.104791545,-0.078067887,-0.174452307,-0.6033567,-1.620819709,-1.074243513,-0.041672176,-1.133881786,-1.438538973,2.260218628,0
-1.592670784,-1.556225419,1.114696334,-0.154940893,-0.078067887,-0.174452307,-0.16624699,-0.600046142,-0.576408487,-0.573250114,-1.864178529,-1.533131426,5.163915868,1
-1.336398903,-1.431605389,0.998887513,-0.415692571,-0.078067887,-0.174452307,0.576839519,0.590856352,0.592924949,-1.131406948,-1.59031725,-1.533131426,-0.19675596,1
-1.071648442,-1.168132959,1.046388734,0.16950944,-0.078067887,-0.174452307,0.314573692,-0.259788287,0.234020627,-0.839039083,-1.681604343,-1.533131426,1.590134649,1
-1.148867326,-1.440515085,1.745952682,-0.279536039,-0.078067887,-0.174452307,0.401995634,0.208066265,0.037202128,-0.918775773,-1.499030157,-1.62772388,2.260218628,1
-0.691879644,-1.322632957,1.558605104,-0.45947675,-0.078067887,-0.174452307,1.931879622,2.29214563,4.100925254,-1.37061702,-1.407743064,-1.438538973,1.590134649,3
-1.011477883,-1.275049307,1.175937613,0.469924385,0.016767178,-0.174452307,0.314573692,0.293130729,1.461241856,-0.626407908,-1.407743064,-1.249354066,-0.866839939,2
-1.372501238,-1.24832022,1.51708303,1.181221808,-0.078067887,-0.174452307,-0.209957961,-0.98283623,-0.796382103,-0.387197836,-1.316455972,-1.533131426,0.249966692,0
-1.498859412,-1.32468904,1.171619282,1.145073265,-0.078067887,-0.174452307,-0.559645729,-1.408158549,-0.958467926,-0.387197836,-1.316455972,-1.438538973,-0.19675596,0
-1.273219815,-1.519429533,1.188892501,-0.442792808,-0.078067887,-0.174452307,0.096018837,-0.34485275,-0.252236841,-0.812460186,-1.681604343,-1.154761613,-0.866839939,1
-1.216057784,-1.401057861,0.972977737,-0.414687204,-0.078067887,-0.174452307,0.926527287,0.888581976,0.511882037,-1.025091361,-1.316455972,-1.34394652,0.92005067,2
-1.336398903,-1.320870599,1.201847389,1.269526576,-0.078067887,-0.174452307,0.270862721,-0.429917214,0.257175744,-0.493513423,-1.407743064,-1.249354066,2.70694128,2
-1.546995859,-1.553795502,1.51708303,6.108136369,-0.078067887,-0.174452307,-0.647067671,-1.748416404,-1.062665955,-0.174566661,-1.499030157,-1.62772388,2.036857301,0
-1.297288039,-1.519429533,1.24934861,0.272246816,-0.078067887,-0.174452307,0.489417576,0.335662961,0.326641097,-1.025091361,-1.316455972,-1.533131426,-0.866839939,2
-0.870077069,-1.565250825,1.206165719,-0.400768451,-0.078067887,-0.174452307,2.587544188,1.654162151,3.035789848,-1.264301433,-1.316455972,-1.249354066,-0.643478613,3
-1.182963977,-1.278867748,0.847747084,1.403475023,-0.078067887,-0.174452307,-0.253668932,-0.940303998,-0.344857311,-0.334040042,-1.499030157,-1.438538973,2.260218628,2
-1.480206538,-1.502628392,1.431580769,6.005249307,-0.078067887,-0.174452307,-0.428512816,-1.323094085,-0.900580132,-0.52009232,-1.681604343,-1.438538973,2.260218628,0
-1.480808245,-1.408694743,1.128436392,7.625481506,-0.078067887,-0.174452307,-0.297379903,-1.067900693,-0.750071868,-0.546671217,-1.316455972,-1.533131426,-0.19675596,0
-1.107750777,-1.320870599,0.692288429,-0.412866372,-0.078067887,-0.174452307,0.839105345,0.803517512,0.95182927,-1.051670258,-1.499030157,-1.249354066,-0.643478613,2
-1.092708138,-1.267412425,0.437509001,-0.23439132,-0.078067887,-0.174452307,1.232504085,0.931114208,1.357043827,-1.131406948,-1.225168879,-1.34394652,2.260218628,2
-1.182963977,-1.175769841,1.538674475,0.178926381,-0.078067887,-0.174452307,-0.16624699,-0.940303998,-0.877425015,-0.440355629,-1.499030157,-1.438538973,2.260218628,0
-1.08969961,-1.206317369,1.702769687,0.13205392,-0.078067887,-0.174452307,0.096018837,-0.047127127,-0.298547076,-0.732723495,-1.499030157,-1.438538973,3.153663932,0
-0.833974733,-1.507974209,1.56026592,-0.473825147,-0.078067887,-0.174452307,1.669613795,1.611629919,2.07485247,-1.344038123,-0.9513076,-1.34394652,-0.643478613,3
-0.839991789,-1.416331625,1.158664395,-0.279833926,-0.078067887,-0.174452307,2.150434477,2.930129109,3.278918582,-1.344038123,-1.042594693,-0.965576706,-0.643478613,3
-0.921222044,-1.107037902,0.342506455,-0.235050394,-0.078067887,-0.174452307,1.319926027,1.569097687,1.750680825,-0.94535467,-1.225168879,-1.34394652,1.143411997,3
-1.032537578,-1.183406723,-0.30091961,-0.314105783,-0.078067887,-0.174452307,0.926527287,1.228839831,1.739103266,-0.971933567,-1.133881786,-1.438538973,0.473328018,3
-1.146861641,-1.080308815,0.25614057,-0.266429027,-0.078067887,-0.174452307,0.052307866,-0.174723823,-0.2638144,-0.652986804,-1.316455972,-1.249354066,-0.866839939,1
-1.715475832,-1.427790003,1.603448914,3.960938846,-0.078067887,-0.174452307,-0.6033567,-1.8760131,-1.132131307,-0.041672176,-1.225168879,-1.34394652,-0.643478613,0
