2.088075721,1.134471311,-0.673645524,-0.353829034,1.1030257,0.200027184,0.42602967,0.921443275,-0.340873164,0.245367307,0.257616427,-0.200768432,-0.173805584,1
3.510859463,-2.583704529,-0.179294893,0.011815398,-0.133730489,0.817995444,-0.152907615,0.599801357,0.235734119,0.469897297,0.359182672,0.107118278,-0.047184768,3
2.143855887,0.383394712,0.099118988,-0.040461868,-0.482192449,-0.619153932,-0.515646199,0.365602633,-0.241328035,0.286543591,0.020247603,0.033040424,-0.299921551,1
3.344247528,-1.40944551,0.214720877,-0.032218514,-0.628703711,-0.004089683,0.131866942,0.044645565,-0.147347292,0.948675427,0.119053709,0.073956802,-0.063899828,3
3.083942156,-0.256236961,-0.094435411,-0.197995893,0.075534626,-0.14894288,0.062260745,-0.012065209,-0.085115013,0.588052185,0.165331942,0.084981223,-0.09453899,2
3.293824746,-0.954893653,0.721768463,0.666291975,-0.522798506,0.048689883,0.007451034,-0.010908438,0.249530231,0.620528299,-0.27991923,-0.026775386,0.07385683,3
2.963563211,-0.054436657,0.110131288,-0.09082788,-0.438484775,-0.353745436,-0.290739488,-0.094598635,-0.043216917,0.469523809,0.05528109,-0.033834431,-0.099140261,2
2.833396358,2.917862228,0.045807043,-0.252514653,-0.159426389,-1.150159769,-0.9811598,-0.366745807,-0.120785445,0.331234038,-0.112784251,-0.052274833,-0.024699233,0
3.127395181,2.146657579,0.14725902,-0.163039001,-0.542828743,-0.968233029,-0.879293961,-0.049072437,-0.305847357,0.21445983,0.099965699,-0.002459629,-0.007388354,0
4.032148682,-0.394520207,0.189754333,-0.052247103,-0.830231496,-0.350368829,-0.652488157,0.311376019,0.024638778,-0.223699887,0.208386051,0.078885037,-0.009714378,2
4.604749636,-1.751073723,-0.115977872,-0.048740986,-0.352535198,0.402226723,-0.624438581,0.271618617,0.225568621,-0.407930512,0.237388507,0.004158668,0.146897317,3
3.116902915,2.276501543,-0.179475513,-0.378645124,0.428350241,-1.344328138,-1.007668925,-0.447120203,0.046909158,-0.257231093,-0.00971808,-0.111907639,-0.058280656,0
4.480231795,-1.055121854,0.149097013,-0.004895456,-0.813781329,-0.006561737,-0.780031303,0.187535187,0.108578864,-0.160077362,-0.04930082,0.081439776,-0.099324168,2
4.349090433,-0.831573339,-0.058166797,-0.120340296,-0.271683399,0.011692982,-0.737045986,-0.116788471,0.406961908,-0.291138909,0.044875954,0.036755601,-0.076356399,2
4.388800525,-1.830306861,-0.023517707,0.00586654,-0.552893881,0.441716927,-0.55606559,0.067218683,0.243082699,-0.329645064,0.084089263,-0.050427421,0.274870619,3
5.161862189,-3.999428832,-0.586851355,-0.030605478,0.480827618,1.706554911,-0.43813846,-0.027791196,0.568970609,-0.214107917,0.082544667,-0.066352022,0.04977653,3
4.031035127,-0.568931767,-0.277248016,-0.018659712,0.889532496,0.277240832,-0.30009812,-0.17577342,0.630625419,-0.255484104,-0.010802933,-0.115620222,-0.184601514,3
3.292542241,0.462920757,-0.114304664,-0.20784715,-0.040146177,-0.357134505,-0.383298391,-0.210290201,0.213320942,-0.372635038,0.006635176,-0.095879658,0.000430652,1
3.575101995,-0.95084719,-0.394543873,-0.190374724,0.553201312,0.381159386,-0.560830895,0.271307597,0.667268865,0.122052941,-0.143033791,0.059658229,-0.065443095,2
2.492358548,6.20069004,-1.47700942,-0.779590615,2.577237855,1.426285067,0.869804104,-0.420771501,0.168811809,0.056540117,-0.175759419,-0.051577736,0.089220754,0
3.171824509,2.756312707,-0.409056629,-0.199963183,-0.052893316,1.077141747,0.236600398,-0.01931414,0.105617429,-0.429655118,-0.107096353,-0.017771553,-0.027410074,1
3.92681105,-1.723231406,-0.04866182,0.007737728,-0.506953426,0.310620388,-0.500645116,0.861433455,0.112575172,-0.458331579,0.0518852,0.305935861,0.156388292,3
3.685707437,-2.235685991,-0.171576589,0.039424675,-0.219130355,0.647538812,-0.53270616,1.138294296,0.125249758,0.155999986,0.056674683,0.313598687,0.231774946,3
1.69220487,1.152345188,-0.006656835,-0.070363944,-0.22477624,-0.737270276,-0.739143984,0.794816303,-0.249354981,0.476046827,0.075408838,0.071667736,-0.05003213,3
2.719487476,0.821566381,-0.026894917,-0.110487557,-0.263103736,-0.609073075,-0.944962954,0.451720265,0.290974595,-0.255179501,-0.130182532,-0.059045376,-0.16841901,0
3.321782136,-0.01281857,-0.1202371,-0.130133138,-0.02421978,-0.028258522,-0.641632761,-0.016184454,0.462896834,0.02246036,-0.425044374,0.088669369,-0.058974123,1
1.876110246,1.139093404,-0.027695147,-0.066703837,-0.226362366,-0.554342759,-0.785025513,0.64286122,-0.14507536,0.41096988,-0.047162123,0.321213484,-0.37119203,2
3.931647305,-0.635380515,-0.357281468,-0.219361388,0.389194706,0.330551336,-0.411207683,0.337586394,0.591900815,-0.227624678,-0.071276366,-0.090424493,-0.036094094,1
1.801763705,0.199918845,0.188896061,0.116478597,-0.734162048,-0.353526066,-0.964930022,0.903666176,-0.10449207,0.746960757,-0.331406412,0.573811238,0.052821629,2
2.727869373,0.190154803,-0.202704308,-0.092009415,0.066295447,-0.050686477,-1.017255874,1.25766166,0.693579546,0.194628065,-0.117916743,-0.002301669,-0.135489025,2
2.452702791,-0.658078429,0.015590334,-0.072180925,-0.128494851,-0.003123473,-0.19084729,0.824346097,0.553497284,0.866069385,-0.449917593,0.020311173,-0.055246227,3
1.37899935,1.196541892,0.196477192,0.155630842,-1.039063564,0.04364127,-0.560074097,0.814695596,-0.236018025,0.961062537,0.230158043,-0.194672244,0.151924651,1
1.823806187,3.883084618,-0.300277517,-0.216526723,0.126011814,-0.587201164,-1.120001278,0.10171863,-0.279029431,0.153018625,0.871008736,0.079672391,0.067981749,0
2.827147781,3.321989629,-0.475707974,-0.409988937,0.881304707,-0.91650954,-1.202182166,0.001233316,-0.110625938,0.1688233,0.403878346,-0.061696867,0.203621232,0
3.584691256,0.718252109,-0.205254939,-0.266019554,0.383029818,-0.554525534,-1.031606201,0.165731439,0.441222692,0.23419738,-0.184185859,0.119220705,-0.064085446,2
3.768592122,-0.869961095,0.16204204,0.070924986,-0.821214474,0.071124061,-1.038587111,0.132108804,0.442890349,0.056438574,-0.40231197,-0.017374991,0.08189792,2
3.571899286,1.18048377,8.785175949,12.71657108,4.217663068,0.490416287,0.535425628,0.136814737,-0.011827004,-0.31806867,0.051032815,0.022989644,-0.083268989,2
3.122229243,1.752599223,5.326705904,7.645195751,2.903694501,-0.319577446,-0.065995022,-0.115926488,-0.030407921,0.214717753,0.059700269,-0.042137972,0.126118392,1
2.861705775,3.306710493,0.141175279,-0.039664603,-0.897718436,-0.196731848,-0.960423744,-0.602090801,-0.171257878,0.222619525,-0.264806218,0.150636066,-0.023745585,0
3.362160433,2.32567714,-0.16220112,-0.36404108,0.43973637,-1.172214028,-0.983328163,-0.501039834,-0.125288227,0.112426765,-0.398469687,0.208806329,0.035517806,0
4.224883742,-0.503928891,-0.163249236,-0.193809977,0.141482235,-0.196544012,-0.587351299,0.195209687,-0.129703303,0.100370648,-0.370295118,0.219878307,-0.029357622,2
4.044527642,-0.730433993,0.158554638,0.038129075,-0.887010846,0.022379338,-0.623095191,-0.131264956,-0.256562042,-0.055384742,-0.225179835,-0.132921796,0.01552722,2
4.494239786,-1.002888891,-0.120246018,0.162794543,-0.071551658,1.210348165,-0.219916805,-0.471605257,0.46143781,-0.243033982,-0.297353928,-0.078721835,-0.006364887,3
4.350544172,-1.85038434,-0.393799025,-0.201307769,0.606998536,0.444926886,-0.331025572,0.002687908,0.172638581,0.255701915,-0.266179195,0.073169653,0.126922832,3
4.674114633,-3.301976121,-0.386008941,0.049764639,0.093027599,1.382675365,-0.692732808,0.360104193,0.460757176,0.031475855,-0.249613947,0.040460613,0.042599678,3
4.011104043,-2.064676118,-0.193849219,0.090779276,-0.356330017,1.059375394,-0.710792903,-0.167944824,0.341208935,0.014706986,-0.094208224,-0.164740151,-0.000813237,3
3.713629959,-0.400163944,-0.249281597,-0.117798273,0.064759451,0.165484095,-0.811387582,-0.409363618,0.453138688,-0.512559261,-0.312276792,-0.153044044,0.042861111,2
3.025257064,0.528056899,0.222600098,0.01999763,-0.658535324,-0.452507648,-0.404629564,-0.223729552,-0.066409766,-0.281034265,-0.547878215,0.099279223,0.10798212,1
2.867336958,0.343205286,0.154539577,-0.055686476,-0.575245805,-0.645506576,-0.526643327,-0.010323232,-0.258662076,-0.00709847,-0.43750489,-0.000245053,0.170126398,2
3.437514034,-0.641599327,0.208787821,0.095372608,-0.219998667,-0.043726562,0.207186556,-0.351737219,0.013251287,0.080998307,-0.3276448,0.163859922,-0.100435801,3
3.942201478,-2.2617237,-0.204818428,-0.003173182,-0.116274955,0.560825435,-0.39558459,0.012420853,0.036824221,-0.450468857,-0.528822195,0.170316616,0.036514081,3
4.204570669,-3.114594755,-0.152092608,0.136983598,-0.493215845,1.267583235,-0.603368467,0.004892018,0.794717912,-0.452934156,-0.41437668,-0.160333973,-0.053128523,3
4.758655952,-3.216775486,-0.445860087,0.04806445,0.184349547,1.612553638,-1.229720147,0.158455325,1.765530948,-0.472579687,-0.546391032,-0.198521987,0.072817631,3
5.146345596,-4.628066052,-0.673619957,0.066505603,0.511237324,2.206575922,-0.856595421,0.0924603,1.262803031,-0.269822975,-0.164285999,-0.386342968,0.134554481,3
4.383869829,-4.265777137,-0.419569686,-0.039213063,0.330039559,1.575594556,0.410691442,-0.763962746,0.094440131,0.690653687,0.895412524,-0.333290298,0.246908159,3
3.429145997,-3.434649999,0.107408555,-0.099825324,-0.24276159,1.304395842,-0.103767029,0.041944471,0.320420923,0.086890917,0.003934029,-0.139123106,0.021117591,3
1.220146067,1.905793901,0.391088636,0.17203487,-1.448407509,-0.591532236,-0.97621621,-0.184298161,-0.049923737,0.014327799,0.097177341,-0.113370565,0.143846229,0
2.672788505,0.533941604,-0.570810216,-0.603842454,1.659618016,-0.982164129,0.34549189,-0.223972105,0.192313642,-0.152165242,-0.24393556,0.233389931,0.020942776,2
1.786481002,0.804251346,0.20505075,0.130750157,-1.001810868,-0.504992265,-0.803354721,0.314737027,-0.548718484,0.086513595,-0.213082185,-0.248905775,0.099206768,2
3.107590987,-1.488044113,-0.495386283,-0.219285281,0.75429969,0.29793809,0.044441609,0.231514357,0.060823384,-0.206034844,-0.027544581,0.013559519,-0.075350767,3
4.177174938,-3.154157846,-0.704483704,-0.205490344,1.090006001,1.333868919,-0.152524648,0.192760864,0.922498778,0.22376183,0.383750441,0.108544164,-0.162893235,3
2.026490462,1.090801018,0.141871739,0.14166477,-1.147997922,0.28694977,-0.572580875,0.129778289,-0.006401953,0.068335679,0.360430724,-0.256303209,0.177600555,1
2.067126599,2.237575248,-0.210144238,-0.222417571,0.152962428,-0.657870425,-0.630077386,-0.122286149,-0.145469344,-0.028355468,0.282159181,-0.085495417,0.012787906,0
1.963001644,2.247607024,-0.087777408,-0.181273659,-0.084305108,-1.136275622,-1.081620072,-0.13381767,-0.177296494,-0.195827889,0.562498849,-0.161252061,0.075591245,0
2.427941564,1.297508156,-0.115222884,-0.256859187,0.174110266,-1.01219338,-0.571906687,-0.14465159,-0.046043921,-0.134313506,0.117887766,-0.131265651,0.026994923,1
3.13441463,-1.633862911,-0.483387718,-0.135970009,0.599983854,0.417280013,-0.254990527,0.275362287,0.136745148,-0.458548653,-0.3204355,0.015024435,0.166359624,3
2.396107466,-0.484841364,0.050663271,0.076393246,-0.656352936,-0.040504192,-0.564486532,0.068806859,-0.069499776,-0.234346674,-0.238091192,0.011358068,0.101039556,2
2.597135562,-0.665412295,-0.085360015,-0.056434086,-0.184791863,-0.032451132,-0.30652388,0.336534371,0.229973949,-0.243287019,-0.3538742,0.168030987,-0.161068454,2
2.427331349,-1.917094509,-0.326719592,0.111876749,-0.035108708,0.793772381,-0.725138088,0.726283451,0.362539559,-0.185549924,-0.199102882,-0.041002365,0.036080939,3
0.851066744,1.766223881,0.223336492,0.0799066,-0.92645346,-1.036877772,-1.090706243,-0.002608303,-0.229309751,-0.061538516,0.399405573,-0.180959581,0.121763875,0
1.503704663,1.961578215,-0.372916668,-0.315459157,0.753052691,-1.174223925,-0.702576534,0.334363211,-0.267371015,0.025603232,0.322762967,-0.217664373,-0.030991508,0
0.66898533,1.894140542,-0.147596918,0.041785628,-0.398443342,-0.284822264,-0.71496584,0.646090875,-0.333090088,-0.058654355,0.481291089,-0.406070091,0.078423863,0
1.598302874,-0.250510221,-1.031849378,-0.517633694,2.210676065,-0.333698737,0.464034372,1.128312514,-0.222321937,-0.507947127,0.021122691,-0.027975535,-0.00943421,2
1.558564203,-1.634780945,-0.450507659,0.188177191,-0.037670274,0.999090001,-1.00924906,0.959224353,0.563742367,-0.52095561,0.200201679,-0.068967939,-0.174042001,2
0.538769041,0.579212243,-0.310539121,-0.005971251,0.065885874,0.312643611,0.016319312,0.825402628,-0.000662011,0.181010262,0.173822664,-0.171625103,-0.185994832,2
0.251587194,1.68537245,-0.372315632,-0.070735647,0.260609359,-0.199183065,-0.514558367,-0.110248253,0.05987492,-0.357631063,0.238176784,-0.027299742,-0.068607957,1
0.757897814,1.246458651,-0.289637909,-0.225060037,0.502901568,-0.708113007,-0.129357918,-0.096497724,0.13598072,-0.241768038,0.088154993,0.065643002,0.11093862,1
0.601883685,2.251660702,0.043276446,0.043688679,-0.642304716,-0.582411554,-0.750114481,-0.241051044,-0.105433653,-0.060187431,0.185723311,-0.564706891,0.245226707,0
0.522640691,1.429155897,-0.34145389,-0.213795902,0.511199239,-0.917713632,-0.285337189,0.237881054,-0.140136776,-0.345130612,0.401185791,-0.423204581,-0.106722874,0
0.468305588,0.815278637,-0.380117593,-0.187303155,0.525587267,-0.742543925,-0.143421036,0.448464857,-0.187732547,-0.444443687,0.522840396,-0.287551103,-0.152892253,1
0.748441213,-0.411093506,-0.510673045,0.040100116,0.332585232,0.285358138,-0.692575563,-0.332108799,-0.021136576,-0.831821862,0.25796851,0.101379635,-0.245443535,3
0.406305126,-1.54747774,-0.483750334,0.260327873,0.035505631,0.59493394,-0.731194008,0.327583664,-0.813914441,-0.718472052,-0.249249172,0.229287031,0.01918726,3
0.538217598,-2.43436009,-0.475136572,0.201036304,0.079758885,0.697824922,0.128488133,0.640523224,-1.01429854,-0.738992611,-0.036628709,0.135422577,0.001560871,3
0.688509418,-2.555623189,-0.226214721,-0.025333266,0.127905707,0.271645941,1.264212726,0.594736118,-0.361355314,-0.199683026,0.168720741,-0.004678209,-0.14700582,3
-0.085903069,-1.207838198,0.034151615,0.128888963,-0.489123195,0.008560335,0.336230496,0.446420367,0.019603325,0.168059716,0.247357396,0.210585,-0.18534816,3
-1.419118484,0.150205553,0.619381642,-0.07224801,-0.741415347,-0.353753906,-0.239441985,0.650078316,-0.043102855,0.374766688,-0.079199499,0.167016584,-0.021931873,2
-0.615808239,0.110497203,0.017397475,0.032958732,-0.294995285,-0.752948542,0.26775485,0.516045216,-0.273931693,-0.236565115,-0.11952268,-0.036250861,0.052981975,1
0.445140685,-1.207146171,-0.352612424,0.020880387,0.157232661,0.112092427,0.172686317,0.422147126,-0.144734937,-0.565596537,0.420065612,-0.364087318,0.000859468,0
-0.738299016,-0.406628554,-0.098749666,0.21149798,-0.424214099,-0.173487277,-0.272562669,0.309448498,-0.50622138,-0.2305624,0.049683028,0.141558946,-0.129701486,2
-0.400630786,0.077181862,-0.360932888,0.059677564,0.253107431,-0.098561212,-0.295430455,0.112445975,-0.284746985,-0.225090607,-0.103713266,-0.062304687,0.067785883,2
-0.110872629,1.165091617,0.207545546,0.156574444,-1.1658538,-0.673106414,-0.466926525,0.075269961,-0.103101219,-0.701378854,0.914029302,-0.247199005,0.100583249,0
-0.42258693,0.815485723,0.035025061,0.07216045,-0.523936048,-0.693770215,-0.30663489,0.527725545,-0.08306761,-0.195108938,0.554034038,-0.049341463,0.111605774,0
-0.182047377,1.798311878,-0.29086745,-0.139248257,0.405157037,-1.039659837,-0.712324173,-0.218030642,0.001414833,-0.312486175,0.43091468,-0.107181628,0.028036896,0
-0.075581262,0.630810573,-0.280890991,-0.08440969,0.158521008,-0.537032264,0.136493673,0.326016735,-0.277477944,-0.709546266,0.393178057,-0.080739629,-0.167355596,1
-0.354568518,0.019142974,-0.390660926,0.052493877,0.318839072,-0.358919246,-0.446493286,0.333255555,-0.642501242,-0.352571983,-0.120863326,-0.028863352,-0.217885105,2
-0.323161049,-1.214887424,-0.591090045,0.179445537,0.345990019,0.553476328,-0.409429439,0.158089165,-0.569141802,-0.781804226,0.027744537,0.147015666,-0.146817837,3
-1.126559563,-0.174694346,-0.126800976,0.307844982,-0.649664088,0.237498269,-0.398024039,0.498275136,-0.267856474,-0.285749437,0.234844879,-0.185886241,-0.402319046,2
-0.001178953,-0.185402745,-0.043027463,0.01353403,-0.290132812,-0.146939316,-0.128383795,-0.171909408,0.572466969,-0.550159726,0.448319621,-0.069683167,-0.020927348,2
-0.199883414,0.256394221,-0.210449212,-0.345907818,0.70917846,-0.552952771,0.156973375,-0.064061702,0.072763589,-0.768087107,0.50983108,0.209268883,-0.145534456,1
0.279944104,-0.747508496,-0.269339313,0.067565663,0.030026147,-0.083515763,-0.036443758,0.142947696,-0.510239157,-0.348677432,0.097554554,-0.159118219,0.250432136,2
-0.169014282,-0.549985205,-0.38342523,0.179916015,0.061496893,0.268532838,-0.40472339,-0.224127754,-0.645539232,-0.390164529,-0.276097376,-0.10363727,0.189908228,3
-0.681097687,-1.234658711,-0.631174763,0.451349125,0.082577845,1.089295766,-1.475104792,-0.719747648,-0.836418179,-0.295279978,-0.178050931,0.064811893,-0.028252105,3
-0.343515436,-0.206867599,0.026941437,0.138233859,-0.661811913,-0.030423288,0.381107148,-0.006028917,-0.04354264,-0.50703024,-0.038219211,-0.18806789,-0.133506935,1
-0.531361992,-0.455079221,0.090103104,0.073925168,-0.601489798,-0.675706376,0.465514929,0.566298263,-0.24195108,-0.692732746,0.349224412,-0.018606841,0.224086194,1
-0.415376364,-0.724632878,0.844627331,-0.944813964,0.701047986,0.049641049,0.303606818,0.179117087,-0.238333955,-0.22587906,0.07229841,0.208728482,0.019231585,2
-0.235664041,-0.830619579,0.094392099,0.17226448,-0.682944646,0.074617539,0.403416073,-0.445097643,-0.03111197,-0.036340039,-0.111978724,-0.059543119,-0.001313078,2
-0.07741127,-0.112591347,0.647894161,-0.287604356,-0.612068503,-0.145362647,0.231903253,-0.144461912,-0.27702901,-0.5869345,-0.262700278,0.12920632,0.126040715,1
-0.490637114,0.279594332,0.054536568,0.05246971,-0.388965228,-0.644369374,0.188747393,0.094403028,-0.182056,-0.164613681,-0.191540229,-0.011410754,0.214169766,1
-0.349158149,0.323054632,0.001678277,0.070708177,-0.342097196,-0.690854301,0.016008827,0.220957673,-0.490261684,-0.125367408,-0.333115249,-0.366018914,0.036829251,1
-1.015717676,0.270091823,-0.179447271,0.15169142,-0.218863498,-0.248038659,-0.141224428,0.199427291,-0.508043113,-0.318431625,-0.136348958,-0.095804173,-0.14572992,2
-1.351303116,0.689671633,-0.283837469,0.187990119,-0.192375477,1.350495255,0.014391675,0.181498893,-0.005802812,0.050709582,-0.383305369,0.03126099,-0.407301456,2
-1.406274346,0.110755617,-0.401766752,0.138426193,0.297364173,0.139510872,-0.406814734,-0.303292316,0.045580869,-0.147262241,-0.250635911,0.108692602,-0.181029633,2
-0.908014099,-0.277236817,-0.444835593,-0.211866398,0.99955407,-0.120340611,0.109890671,-0.354764758,-0.078997713,-0.725301406,-0.14282836,0.109701405,-0.029337749,2
-1.347549329,1.005246715,1.078911284,-0.778854863,-0.007072836,-0.547985385,-0.248515425,-0.393841948,0.542447684,-0.294762622,0.001685839,0.174631356,0.028772191,1
-0.853782403,0.52970838,-0.079671855,-0.010846497,-0.069022793,-0.666814457,0.116093748,-0.412549851,0.141161257,-0.40647262,-0.041671967,0.005335531,-0.162649756,1
-0.830470844,0.486232958,-0.273913309,0.005016679,0.26970829,-0.595197107,-0.24736626,-0.460375154,-0.25847583,-0.289464487,-0.135139274,-0.098026419,-0.248617897,1
-0.962397071,-0.296897428,-0.483186267,0.079743758,0.434916271,-0.050644598,-0.149247527,-0.004875874,-0.563408677,-0.527230651,-0.109016495,0.040721532,-0.24914543,2
-1.32831652,-0.531513479,-0.442779529,0.217774061,0.18019223,0.316865826,-0.208354662,0.222507316,-0.646763976,-0.273473696,-0.330596706,0.016478561,-0.200679818,2
-1.81075499,0.258360504,-0.302450383,0.212514621,-0.041088074,0.732299325,-0.344026749,0.247850816,-0.046317196,0.040193028,-0.151639404,0.160759947,-0.296375712,2
-1.446333354,2.64602322,-0.235863258,0.282267278,-1.015007128,1.867389495,0.758310124,0.182837331,0.330467792,-0.426562833,0.429411498,0.117672232,-0.024198903,1
-1.044008004,1.168073608,-0.362867737,-0.194381404,0.62777182,-0.562332396,0.493529013,0.390021344,0.31472949,-0.34667812,0.31270084,0.245735347,-0.02699204,2
-0.423845452,5.208923762,-1.673680676,-0.583001331,2.62461935,2.238516687,1.515390666,-0.096585823,0.776370618,-0.465817678,0.456535861,0.031951083,0.404723378,1
-0.536978543,1.362105361,-0.282258782,-0.190480577,0.538420388,-1.03179439,-0.117154843,0.080146873,0.088750533,-0.243304691,0.392463905,0.08185946,0.071167984,1
-0.010675713,1.359358657,-1.723137434,-0.97580861,4.561987422,-0.969942589,0.282709045,0.339479232,0.322931875,-0.07412164,-0.420861625,0.149589827,0.07034402,2
-0.899819257,0.361790705,-0.288006577,0.037980117,0.238161316,-0.19878605,-0.013405686,0.77183209,-0.235770026,0.423616138,0.014559548,-0.199374649,-0.234868899,2
-0.973608693,0.122119998,-0.23364853,0.212814603,-0.123427873,0.075682963,-0.555080922,-0.187605118,-0.299612154,0.127064184,-0.246696833,-0.000448939,-0.102217345,2
-0.57329135,-0.136852867,-0.513781847,0.112602312,0.362138186,0.620049387,-0.389033182,-0.033543934,0.261642309,-0.255735632,-0.02373369,0.059999053,-0.203892239,1
-0.679513839,-0.335345999,-0.102421977,0.06301171,-0.038500125,0.06627122,-0.521116183,-0.104411712,0.212449636,-0.19882184,-0.069381976,0.006397181,0.01643168,1
-1.880728705,0.663668909,7.624183934,-6.052393606,2.271487195,1.828600674,-1.352308869,0.489384402,-0.809867686,0.216462541,-0.021422386,0.097407254,0.257781601,0
-1.646865113,0.383401965,-0.295730219,0.08305659,0.31698754,-0.147798093,0.138589015,1.002717228,-0.325321844,0.704217892,-0.406523267,-0.141812106,-0.052690868,1
-1.156142085,0.440943612,-0.568865666,-0.064981969,0.948527305,-0.116029626,0.394072684,1.206761853,-0.546943717,0.484687918,-0.590315485,-0.443848146,0.053808551,1
-1.705756451,2.202614685,-0.498015541,0.133061479,-0.096369556,1.404836127,0.654864095,1.023015137,0.228747931,-0.081492343,0.314788236,0.090273583,-0.165240558,0
-1.772137503,-0.115985616,-0.313966781,-0.010232595,0.372565019,-0.392247272,0.661008573,1.29285547,-0.229721771,-0.147992768,0.196733191,0.17523403,0.10973792,2
-1.294228868,1.428702442,-1.391525056,-0.612528033,3.332020458,-0.898398975,0.150253116,0.308395537,-0.024946289,-0.100081534,-0.158249526,-0.190943811,-0.124289612,2
-1.450165481,-0.38060244,-0.434148623,0.222044859,0.115178824,0.402336618,-0.563391225,-0.017219824,-0.35234391,-0.589891278,0.00334223,-0.027275183,-0.11939474,1
-1.978452042,-0.190374523,-0.698784084,0.234666576,0.620694945,0.655061796,-0.837436876,-0.019314079,-0.488888508,-0.380393639,-0.15752467,0.035087156,-0.053317152,2
-2.695981837,-0.263183275,-0.171159536,0.096950289,0.404157811,0.663245495,-1.26210884,-0.137492012,-0.701967457,0.232520354,-0.209542151,0.24130079,-0.037556389,2
-2.631704395,-0.236622187,-0.42813413,0.298335628,0.165719479,0.222022975,-0.532014688,0.229343816,-0.353380054,0.081088072,0.136020145,0.038792751,0.062448572,2
-2.267206695,-0.742444557,-0.781829141,0.264060863,0.825088539,0.709889873,-0.886976955,-0.095437782,-0.231454205,0.039218522,0.113253633,0.136465362,-0.111472478,2
-2.000122417,-0.973859618,-0.868079692,0.242859213,0.861979091,1.111382326,-0.520580814,0.141358281,0.050524685,-0.419838406,-0.093492589,-0.093346248,-0.100052356,2
-2.558879431,-0.283908382,-0.604219645,0.34861178,0.167601272,0.836957812,-0.447007664,-0.165774868,-0.275599296,-0.70533891,-0.087604888,-0.07725641,-0.133659648,2
-2.350628845,-0.208642682,0.670379233,-0.768385204,0.718685213,0.004367986,0.616834139,0.04254371,0.569849036,-0.035186124,0.255857134,0.40053968,-0.038626387,2
-2.303860864,0.76025419,-0.251236791,0.004037312,0.226386811,-0.11440675,0.505145495,0.461639038,0.67216954,0.122835781,0.475266441,0.064233597,-0.08520848,1
-2.236906217,-0.105532762,-0.22054844,0.137059288,0.005230457,-0.33720641,0.400883377,1.297413582,-0.332354971,-0.048947284,0.075004606,-0.369681262,0.259309846,0
-2.418974499,0.953688815,-0.695570539,-0.070727216,1.024015149,0.214823847,0.723200559,1.45560913,-0.03001194,0.117003802,0.152600637,-0.188126696,-0.150258593,0
-2.717151094,-0.012170406,-0.639049345,0.103578926,0.712282656,0.112721178,0.149348497,0.832945914,-0.293540099,-0.360369188,0.285355609,-0.102103604,-0.107143605,0
-2.854110945,-0.19332287,-1.075789281,-0.087438369,1.916782964,-0.130210071,0.118094559,0.736730753,-0.547019281,-0.376949024,0.067992079,-0.13924987,-0.01108022,1
-3.02551936,-0.936716593,-1.155258025,0.433397636,1.044231307,1.472610746,-1.460410379,-0.377410484,-0.385984674,-0.636907028,0.351769311,0.132994609,0.083922247,2
-2.770120895,-1.840197832,-0.806309676,0.489821069,0.489382092,1.733088761,-1.699215505,-0.602061488,-0.198258092,-0.402431551,0.556358366,0.212051522,-0.019877071,2
-3.423485956,0.411293605,-0.239779248,0.090958467,0.416292599,0.16978992,-0.879777486,-0.527950477,0.012278651,-0.051107761,0.267158776,0.440961645,-0.10424905,1
-2.973512291,0.164716621,-0.018525318,0.348542085,-0.580495532,-0.271307571,-0.606693905,-0.309254445,0.230375388,-0.208540488,0.265717027,0.305750283,0.170759472,0
-2.548203069,0.490835185,-0.709173214,0.1146576,0.959290267,0.101504857,-0.617259705,-0.067345975,0.001624522,-0.154265309,-0.243640287,-0.048119006,0.126152516,1
-2.631335497,-0.371422487,-0.313914434,0.419061308,-0.192905541,0.303052253,-0.71960037,-0.059225319,-0.592319518,0.149187734,-0.215285837,-0.111802371,-0.015420944,1
-3.074727937,-0.25011109,-0.671013004,0.281684795,0.674406548,0.234441263,-0.803516158,-0.077065874,-0.449621676,-0.071695273,-0.040644242,-0.009423528,-0.082889444,1
-2.314599691,-0.698563537,1.198529849,-0.726547582,-0.054164696,0.268984545,0.264105106,0.479041037,0.331981668,0.200830867,0.079216254,0.220974947,0.030788813,1
-2.844506918,0.44810554,-0.032297172,0.157963818,-0.279075205,-0.323786179,0.219117066,0.666834206,0.623361341,0.087165699,0.28858537,0.242101287,0.055967068,0
-2.071707011,-0.255572619,-0.26630905,-0.062546055,0.622608118,-0.527309125,0.556735987,0.736751424,0.009755306,0.14661083,-0.230294336,0.202630389,0.218079584,1
-2.452136994,0.039270724,-0.229475501,0.028510281,0.361167583,-0.380513443,0.058820576,0.458756629,0.144314729,0.004478691,0.028504495,0.004608929,-0.140746129,0
-2.16608197,-0.545353439,0.055076989,0.186145895,-0.342501504,-0.077645829,-0.0463865,-0.110608982,0.130365632,0.353660227,0.128396748,0.181595992,-0.116034885,2
-2.480128428,0.179544678,-0.062244826,0.176818193,-0.190525079,-0.412920373,-0.129584004,-0.07142055,0.372584262,0.198306862,0.098502439,-0.022145498,-0.233018309,1
-2.696858142,-0.154444489,-0.079406947,0.312928722,-0.393435275,-0.245483799,-0.290066091,0.288089938,-0.083773434,0.06292406,-0.21651601,-0.250540299,-0.2336029,0
-2.523031599,-0.367130448,-0.029050249,0.0599214,0.12269887,-0.084730015,-0.18616507,-0.051957259,0.001875033,0.135006401,-0.17001863,-0.01472345,-0.026941722,1
-3.252522411,-0.231251255,-0.223098576,0.406042489,-0.292978836,0.102187909,-0.589654292,-0.171127651,-0.255420817,-0.039517415,-0.008159543,0.248181044,-0.083221132,1
-3.09517229,-0.893578784,-0.265612692,0.305644305,0.085981069,0.665063657,-0.853844704,-0.195319389,-0.513549618,0.04211565,-0.020876432,0.105452396,0.039335681,2
-3.31644097,-0.598628376,-0.239899231,0.381777145,-0.100480007,0.273055278,-0.537870863,-0.049890509,-0.344338441,0.424367257,0.017192842,0.234034951,0.080414846,2
-3.310950671,-0.173754808,0.163059661,-0.06889129,0.252642622,0.262142777,-0.585639737,0.009251547,-0.065972049,0.392828215,0.188902898,0.511973808,0.117034874,2
-2.938178521,-0.198655638,-0.10311772,0.355510023,-0.329757504,0.00166904,-0.355493245,0.226493644,-0.083594371,0.499989985,-0.171056311,0.117693758,0.174365998,1
-2.485263685,-0.219801031,-0.379570615,0.115722578,0.510853956,0.211996955,0.088155079,-0.034598457,-0.021107773,0.511499187,-0.11446419,0.063870261,0.052372774,2
-2.829177903,0.108888835,1.356210461,-0.915198541,0.255343443,0.187356529,-0.445270216,-0.042475184,0.203709986,0.363290249,0.007324844,0.084745426,-0.043316089,1
-2.416212743,-0.040849477,0.286157627,-0.113518583,0.018700573,-0.034337504,-0.189127278,-0.159007039,0.244900382,0.434816932,-0.052552849,0.033243959,-0.001310104,1
-2.485709099,0.2129084,-0.030334261,0.195242243,-0.188019577,-0.441002209,-0.178845933,-0.06128936,0.302945537,0.371378362,-0.26649898,0.0618205,0.037713815,0
-2.635176872,0.080320468,-0.02783847,0.321263735,-0.505919345,-0.15455874,-0.202295318,0.092516952,-0.066073824,0.121179938,-0.297177547,-0.118834545,0.04520851,0
-2.842931777,-0.424765243,-0.311870202,0.406200036,-0.173296572,0.3025843,-0.418340751,0.067549149,-0.687136934,0.069942048,-0.33715691,-0.035254697,0.0049518,1
-2.559190913,-0.319353173,-0.503396247,0.150350281,0.546448247,0.535892661,0.285481147,0.145654387,0.137162305,0.332837359,-0.023914745,0.111710666,-0.027920488,2
-3.370694523,-0.362385074,-0.234069357,0.413575574,-0.210543304,0.374620426,-0.47314396,-0.101055537,-0.023990766,0.567677093,0.046573352,0.050617933,-0.023016112,2
-2.772071126,0.214047118,-0.098678313,0.196301537,-0.159413743,-0.394111184,0.001460167,0.334991253,0.291386821,0.105530828,-0.126350888,-0.376872841,0.081780646,0
-2.856526973,-0.122901136,-0.030745012,0.263357477,-0.492471738,-0.106413841,0.316251075,0.537337085,0.317707733,-0.196020704,-0.046887583,-0.32673552,0.079682684,0
-2.678261365,-0.403868838,-0.559379309,0.085226424,0.749212651,0.063618513,0.158113147,0.051889087,0.13605542,-0.171787739,0.101689881,-0.109823683,-0.188200855,1
-3.287370451,-0.623251099,-0.840314778,0.326008364,0.817238221,0.717697333,-0.802043943,-0.406799799,-0.359884028,-0.341644767,0.206105027,0.04935672,0.026872362,1
-2.998001579,-0.713032071,-0.095471904,0.178696299,-0.101841976,0.822922565,-0.057537893,0.192953098,0.20143284,-0.203024206,-0.017346555,0.057013444,-0.071711673,2
-3.356296516,-0.287971225,0.701554804,-0.243696287,-0.127343857,0.181591127,-0.53001276,0.0314572,0.171565919,0.545366049,0.08103905,0.340436021,0.032935817,1
-2.948303641,-0.506619793,-0.37282087,0.122053832,0.590786155,0.021171583,0.206589242,0.111433632,0.31890865,0.751017425,0.031022969,0.075155529,0.032906543,3
-3.038833376,-0.768947931,-0.12149152,0.409430628,-0.350098756,0.312310012,-0.239867373,-0.21173255,-0.025171114,0.670834011,-0.161773372,-0.176789648,0.110149415,3
-2.936022516,-0.422794495,-0.239347566,0.249127774,0.104068971,0.079543976,-0.058896685,-0.346524304,0.212248972,0.477764481,-0.113896524,-0.110516445,0.16775689,2
-3.098402677,-0.22217603,-0.336132388,0.436142945,-0.275686108,1.298903205,0.02599384,-0.302815604,0.19535664,0.529198408,-0.053143086,-0.03853608,0.045797922,3
-3.283320993,-0.45244602,-0.36224549,0.437578089,-0.160447652,0.970633657,-0.171591111,-0.098085528,-0.038277529,0.387105122,-0.075284271,0.034975145,0.049054662,2
-2.985733918,-0.392615909,-0.330998104,0.10420224,0.50475276,-0.22506814,0.195650604,0.380417215,0.50026278,0.285327929,-0.063922429,-0.118047394,0.160294818,2
-2.617589427,-0.55316338,-0.086854377,0.075867399,-0.007961785,-0.462586543,0.869021865,0.665194328,0.393104844,-0.247519446,-0.064247407,-0.098294333,0.164790217,0
-3.402986455,-0.373864949,-0.246722936,0.361214281,-0.228610793,0.195526039,-0.126749707,0.711875315,0.000295994,-0.07405631,0.001214573,-0.106187023,-0.018954184,0
-3.29580808,-0.282826701,-0.091673149,0.308722271,-0.314418314,-0.203576584,-0.036959425,0.784442682,0.122503989,0.176139947,-0.069400483,-0.154730112,-0.036371476,0
-3.346949483,0.25421936,-0.208991322,0.237922005,-0.105300324,-0.140777897,-0.014677829,0.556696652,0.306215162,-0.108761752,0.204454988,-0.017941429,0.033251256,0
-3.12095026,-0.139226216,0.013845943,0.049203425,-0.024653505,-0.449557037,0.360135235,0.707301351,0.401988534,-0.083966625,0.13406846,-0.030084779,-0.074141012,0
-3.369211651,0.029079803,-0.573990623,0.170646389,0.715476758,-0.094805738,-0.282524781,0.238501585,-0.1161616,-0.102137569,-0.004118165,0.025883403,-0.004452908,0
-3.95297919,0.294779268,-0.499475003,0.414732378,0.204976373,0.792962998,-1.310735092,-0.289339203,-0.411930746,0.011080065,0.05403988,0.186831933,0.028382418,1
-3.038169183,-0.541800787,0.237124863,-0.149000496,0.145429702,-0.152453025,0.484959284,0.302071913,0.480763001,0.0842227,0.042396425,0.223355461,-0.14828264,2
-2.724074128,-0.532869995,-0.637496636,-0.087123269,1.362501082,-0.000674634,0.406279999,-0.517346928,0.694460835,0.661476331,0.56937649,0.102685668,0.022576926,2
-3.293489841,-0.919765575,-0.313733842,0.423280108,-0.059561284,0.544753619,-0.542438125,-0.712679028,0.0926757,0.555329146,0.245188802,-0.167763558,0.148367259,2
-3.520328019,-0.242196172,-0.151206591,0.403553004,-0.340736869,0.180451846,-0.329390867,-0.442105211,0.200832297,0.170885807,-0.273168013,-0.329133098,0.02430971,1
-3.80374779,-0.016533023,-0.063988223,0.319946839,-0.355411596,0.572087074,-0.144637872,-0.138349545,0.435677362,0.205054627,-0.079221474,-0.173271729,-0.112192145,1
-3.59208917,0.261879874,-0.102135138,0.193814879,-0.135700467,0.148236403,0.344979763,0.503280845,0.904831747,0.219757566,0.003235775,-0.169565604,-0.029784507,0
-2.834823902,-0.020610639,-0.123099151,-0.103006029,0.383270658,-0.559480164,0.942853809,0.519531469,1.184612258,-0.317540085,0.132797261,-0.03445933,0.114065271,0
-2.490838906,-0.535179281,-0.292165926,-0.079746366,0.607813504,-0.505300507,1.15901789,0.600746515,0.460912407,-0.253502551,-0.054208829,-0.151609113,0.17561216,0
-2.324839559,-0.988265564,-0.019632001,-0.234984724,0.641360219,-0.277008745,0.991303641,0.250591189,0.090536411,-0.192629117,-0.235782087,-0.023062104,0.239213958,1
-3.058969025,-0.496149006,-0.40278198,0.291641617,0.192550247,0.363892796,-0.238162201,-0.258369122,0.048749291,0.177875283,0.269718627,-0.027871384,0.147768493,2
-3.363488357,-0.642018418,-0.394642167,0.553066836,-0.287873214,0.795541144,-0.966663957,-0.60555993,-0.293980919,-0.012639962,0.133086433,-0.128090184,0.258337888,2
-3.485423133,-0.045258482,-0.730139771,0.527398713,0.261334833,1.147360898,-1.408327111,-0.660697736,-0.235920561,-0.164759959,-0.01855455,-0.043903114,0.087960069,2
-3.662736497,0.110164578,-0.576447331,0.430985926,0.138444167,1.101393692,-0.504781759,-0.243252617,0.022005484,0.107852941,0.081063488,-0.016297484,-0.010941637,2
-3.744241488,1.207575235,-0.691434139,0.30558091,0.315513878,2.411828395,0.133112794,-0.217156336,-0.001654184,0.083589304,-0.029226073,0.028612921,-0.000354669,2
-3.304563802,0.022197647,0.666206714,-0.750338215,0.939624689,0.768670789,-0.244873974,-0.454116759,0.349244756,0.509170567,0.359955759,0.198315313,0.006219423,2
-2.972187402,-0.155749525,-0.671095943,0.061838109,1.118222252,0.368428982,0.027861489,-0.727349694,0.419060206,0.620329583,0.299352865,-0.006771886,0.015424089,3
-3.16651314,-0.41956181,-0.336635174,0.3156267,0.175160885,0.340379944,-0.343580764,-0.551274334,0.141580459,0.635151282,-0.019924607,-0.16303307,0.229119478,2
-3.534025168,-0.719669735,-0.226459313,0.39287674,-0.120319698,0.217189704,-0.28813814,-0.220162259,-0.038151823,0.456423494,-0.097944415,-0.058306262,0.069528614,2
-3.681571295,-0.748071689,-0.213667643,0.383332902,-0.102964369,0.16422543,-0.224837229,-0.001889581,0.033824556,0.498489531,-0.058572064,0.008483996,0.095293062,2
-2.913042544,-0.411086294,0.990204848,-0.450859222,-0.348730951,-0.262653432,0.731054456,0.551720501,0.832977164,0.186521701,-0.027479036,0.165212295,0.16057681,0
-2.829327999,-0.384033181,0.171522696,0.259753323,-0.70692999,-0.280789995,0.400905383,0.325904115,0.664225593,0.043367893,-0.068036535,0.057553211,0.160133383,0
-2.632063238,-0.213186757,-0.101398626,0.14550024,-0.078336414,-0.357663508,0.465774731,0.198077609,0.2427168,-0.064698793,-0.218598418,-0.2513009,0.120398164,0
-2.851871795,-0.578974834,-0.339993576,0.427641385,-0.171315376,0.465479021,-0.710725092,-0.475811142,-0.242246212,0.003682625,0.047991631,-0.061347576,0.039334779,1
-2.93254411,-0.246334192,-0.466651662,0.350180055,0.154414179,0.498367312,-0.615844991,-0.493926135,-0.174532749,0.02646618,0.094178948,0.009956089,0.009618333,1
-3.157113473,0.179846613,-0.146563782,0.205591273,-0.010560332,0.158640896,-0.317521727,-0.081104613,0.036702267,0.1521096,-0.120300747,0.065354993,0.079055222,2
-3.012355927,-0.123014402,-0.148850281,0.19832633,-0.002772592,-0.340214731,0.105553847,0.406777222,0.151720409,0.18457941,-0.216072087,0.049889199,-0.019426653,0
-2.92552693,-0.22017181,-0.309399242,0.2564796,0.093218704,-0.061146481,-0.181002082,0.25061589,-0.126307479,0.006538788,-0.088406962,-0.171879985,0.075690388,0
-2.693866996,-0.034036476,-0.028450357,0.122427828,-0.145641799,-0.540865494,0.306278422,0.42186386,0.552687595,0.141093143,0.142516933,-0.171484687,-0.109457872,0
-2.760350783,0.001044901,2.599220165,-2.101974364,0.974279545,0.302414895,-0.300534396,0.007705213,0.087582861,-0.184946875,0.017378299,0.370374375,-0.012926718,0
-2.611060981,-0.332658924,-0.085207508,0.295997084,-0.379980751,-0.111376622,-0.033582904,0.046637243,-0.14804279,-0.080556453,-0.189523084,0.190417133,-0.082631774,0
-2.649875334,-0.382333682,-0.398815879,0.319440344,0.207390817,0.079212759,-0.615798704,-0.230421313,-0.571766137,0.17169374,-0.327112264,0.018080937,0.215981778,1
-3.253880409,0.025432185,-0.394077372,0.384813411,0.106853521,0.136223144,-1.030171742,-0.500208413,-0.239003031,0.223502293,-0.084435704,0.064324164,-0.043558642,1
-2.931619621,-0.216808808,-0.197023446,0.402708884,-0.338056399,0.168247843,-0.642081042,-0.468962569,-0.131486247,0.048863347,-0.089280786,0.019513457,-0.069107581,1
-2.969984853,-0.299778769,-0.27108071,0.436299939,-0.30353942,0.365489059,-0.741187377,-0.787520983,-0.229500722,-0.085028663,0.043799657,0.120470361,0.08506711,1
-2.726436998,-0.091870976,-0.615268455,0.296382276,0.534574337,0.49049907,-0.862370499,-0.758016032,-0.096858021,-0.009369305,-0.185518717,-0.083557144,0.065605952,2
-2.738574234,-0.50148231,-0.345985357,0.420983089,-0.205990326,0.695488384,-0.391571818,-0.543276326,-0.339987337,0.023264484,-0.118656795,-0.045488614,0.004046121,2
-2.983104298,-0.693200548,-0.351670729,0.22446664,0.287733064,0.276142287,-0.175846635,-0.412198907,-0.382601925,-0.048523137,-0.041342584,0.031282642,0.087417016,2
-3.021836755,0.089631273,-0.007026601,0.172233081,-0.186681589,-0.498896692,0.02486266,0.090900599,0.770077131,0.099558613,-0.070436256,0.219780443,-0.07452436,1
-3.055663647,-0.156719741,0.002411127,0.115634636,-0.083975674,-0.45826882,0.373334296,0.303145766,0.609480155,0.071129134,-0.218260117,0.045873675,-0.058865681,2
-2.426337761,-0.550675701,-0.009314526,0.00806287,0.034610703,-0.389252281,0.714204645,0.344444453,0.035199133,-0.388021276,-0.259938114,-0.080672719,0.162317688,0
-2.557238517,-0.624977925,-0.221827398,0.324191604,-0.293074465,-0.005893423,-0.151364971,-0.204849469,-0.359436743,-0.642709623,0.011504532,-0.0543551,0.28596347,0
-2.227116639,-0.201102628,-0.428649592,0.121359698,0.384580764,-0.171289853,-0.074272773,-0.389285888,-0.111480412,-0.487554764,0.224610212,-0.221305287,0.056046369,0
-2.577801685,-0.02361975,-0.237109332,0.253912301,-0.067498655,-0.099428201,-0.473472777,-0.634258083,0.096856532,-0.0119334,0.249730712,-0.116986665,-0.176159579,1
-1.838554097,-1.158732175,0.965305967,-0.592897162,-0.148215263,-0.013011547,0.795402249,-0.439602897,0.346913953,-0.136933811,0.355311265,-0.1086236,-0.200902777,2
-2.512941673,-0.157224179,0.206891875,0.179265733,-0.543310097,-0.240750897,-0.273529794,-0.801362011,0.509084261,0.145182614,0.156427316,0.174042488,-0.221900657,2
-1.895426754,-0.865671599,0.827993916,-0.399799006,-0.210703477,0.037404158,0.387347362,-0.55931053,0.356806316,0.493457332,0.094344641,-0.066821648,-0.067872849,2
-2.334618916,-0.154092306,2.333148317,-1.440096819,-0.084516346,0.091741112,-0.156985003,-0.085472779,0.377595024,0.339089878,-0.14334029,0.053851776,0.058184712,0
-2.188407254,-0.126223766,0.217561353,0.247136795,-0.807685806,-0.405296082,0.219585292,0.28254188,0.426069304,0.117729687,-0.189568214,-0.084483783,0.08867343,0
-1.907298774,-0.913299343,0.007507327,0.147678746,-0.296036793,-0.310277801,0.904369893,0.55706152,-0.210641453,0.035543589,-0.342634685,-0.185688958,0.19796369,1
-2.336065907,-0.544555401,-0.210137976,0.358682813,-0.262017171,0.325502726,-0.243012051,-0.334574581,-0.326362314,0.134677602,-0.356835515,-0.058039938,0.277849097,2
-2.217805591,-0.537935522,-0.191329853,0.384385491,-0.250102784,0.389405496,-0.621246228,-0.641593292,-0.05500475,0.585876506,-0.336573761,-0.244562188,0.1198108,2
-2.37393208,-0.430189677,-0.145393402,0.110926255,0.163803106,0.371395971,-0.089620224,-0.250610415,0.054232324,0.395460695,-0.137258072,-0.044149102,-0.220126917,2
-2.43660778,0.455403386,0.124716441,0.257328971,-0.724968702,-0.503050294,-0.308596552,0.242325141,0.419487618,0.008037195,0.178795651,0.044835372,-0.32593125,0
-2.199870819,-0.130148486,-0.17446586,0.179939497,-0.071403824,-0.284713729,-0.022490979,-0.035736179,-0.087171003,-0.181533034,-0.068541053,0.182086366,-0.034731731,1
-2.013384224,-0.707335193,-0.158128102,0.295545818,-0.325647321,0.148281029,-0.098128378,-0.49276398,-0.10044969,-0.294083324,-0.089372548,0.011588048,0.252418194,1
-1.594109523,-1.242994674,0.166861847,0.006661441,-0.232929029,-0.002614189,0.48493462,-0.362962633,0.276660258,-0.231621612,0.009506757,0.022604934,0.154708905,2
-1.586028277,-0.169818711,0.13809419,-0.296915198,0.412304121,-0.62340206,0.818605118,-0.371790516,0.543488603,-0.036335729,-0.166043646,0.025282299,-0.052903909,1
-1.790050161,-0.303097006,0.083060304,0.189818233,-0.531428095,-0.16044002,0.214029192,-0.30199174,0.11493904,-0.153938853,-0.290394724,-0.027879104,-0.07373883,1
-1.429555183,-0.098708424,0.310696918,0.085411602,-0.800953647,-0.803003916,0.676562911,-0.099080448,0.512151377,-0.358751912,-0.084842539,0.032952192,-0.024528524,1
-1.316530694,0.371459505,0.333936999,0.11511544,-0.951902488,-0.801655823,0.325088589,0.003175479,0.670371339,-0.364251781,0.055837949,-0.193945429,0.072661991,0
-0.849882184,-0.578250499,0.391777005,0.047073495,-0.933298056,-0.896656269,1.126521491,0.000644123,0.213304433,-0.62505669,-0.20960981,0.103004464,0.093790941,1
-0.970179619,-0.431912079,0.327338319,0.03163699,-0.778445869,-0.834987402,1.027893659,-0.333168526,0.369886744,-0.57786811,-0.141625275,0.052126805,0.213490019,1
-1.137550695,-0.213251981,0.134214759,0.151771059,-0.679878387,-0.495233104,0.405663604,-0.465771365,-0.139801687,-0.469055499,-0.188784722,-0.050346892,-0.002360801,1
-1.273226542,-0.437278794,0.041411776,-0.019814607,-0.081189347,-0.462711079,0.602887175,-0.027060079,-0.148169494,-0.123903511,-0.233812931,0.212753862,-0.230167293,2
-1.799554968,-0.699270758,-0.036829306,0.232007517,-0.315604134,-0.17579938,0.096280182,-0.232556477,-0.271632759,0.326760901,-0.164635851,0.049495914,-0.117844948,2
-1.066787404,-0.691588989,-0.005531131,0.209788082,-0.417416589,0.144290023,-0.005786827,-0.695172505,0.327788656,0.444639851,-0.013391053,-0.253823804,-0.272375052,2
-0.60534671,-1.21887259,0.521748808,-0.226818925,-0.369901278,-0.149254518,0.993883393,-0.641778858,0.588177184,0.372749555,0.100605037,-0.256615508,-0.280062681,2
-1.796208791,-0.422285468,10.87033604,-8.113229238,1.878235583,2.215335712,-0.686809123,-0.080923954,-0.352997772,-0.590651752,0.017279074,-0.46148987,-0.177340563,1
-1.484967351,-0.306509956,1.193167443,-0.50706705,-0.719796492,-0.468769802,0.57967492,-0.180692757,0.430647314,-0.045832573,-0.155778884,0.007934227,-0.334012368,0
-1.061864414,-0.428189619,0.038712078,-0.136328697,0.139403892,-0.728993673,1.097581554,-0.444267436,0.65739957,0.155351636,0.002512991,0.104004826,-0.047679606,2
-0.913444078,-1.122730381,0.222921777,0.007564265,-0.400707426,-0.268016015,1.190907137,0.042313945,0.37087359,0.443385538,-0.1177188,-0.078535552,0.122910934,2
-1.132248157,0.283351642,0.197014218,0.042850485,-0.431201511,-0.874883083,0.344023134,-0.128049729,0.303864962,0.162388049,-0.411471289,-0.136247957,0.159487026,1
-0.595553764,-0.924730931,0.245727226,0.010420995,-0.552570648,-0.548114541,1.196790845,-0.099628355,0.268482644,-0.05209552,-0.255559286,-0.052118907,0.02695959,1
-1.003594219,0.018678689,0.435742295,0.124200373,-1.081701176,-0.691126052,0.499166577,-0.267674478,0.646145133,0.066807099,0.085845975,-0.106581295,0.085857314,1
-0.143958262,0.648076592,0.355505876,-0.049588619,-0.780403325,-0.977369149,0.45358972,-0.480793106,0.799104154,-0.399768071,0.080843771,0.080301002,0.201108369,0
-0.534002508,-0.450308803,3.10241766,-2.12645793,-0.122317434,-0.162968002,0.790840102,0.223618627,0.164605941,-0.226210923,0.074814042,0.234716364,0.097463352,2
-0.893124841,-0.330940187,0.44480215,0.074790318,-0.93980855,-0.706172852,0.866348191,0.2442483,0.525601294,0.367647061,-0.09011876,0.168384542,0.109214569,1
-0.174294982,-0.378255444,0.294941655,-0.336784865,0.11702866,-0.797220595,1.15357387,-0.325663967,0.605260685,0.53883913,0.068551079,0.023384,-0.336131599,2
-0.644813092,0.2064471,2.07262493,-1.40568692,-0.002689252,-0.139850837,0.18020018,-0.508493252,0.222144076,0.487206655,-0.348438399,-0.146126172,0.06613519,2
-0.30756755,0.724234328,0.48850839,0.105071585,-1.122470175,-0.871566225,0.090830756,-0.607994575,0.502705426,0.319740707,-0.378322291,-0.31538262,0.081013162,0
-0.187973998,0.628804637,0.298217739,-0.023765553,-0.683145563,-1.085020315,0.371187466,-0.445622286,0.182064788,-0.327106659,-0.253680045,0.035983587,-0.053883346,0
0.057570478,-1.212869699,0.116082614,0.112469355,-0.604218603,-0.377844856,0.688354081,-0.372220548,-0.634474647,-0.463924643,-0.346659916,0.113506426,0.257721543,2
0.577399795,-1.770860713,-0.071719811,-0.125340064,0.195568143,-0.285308438,1.397449094,-0.629128439,-0.781904326,-0.044038642,-0.317620882,-0.191863511,0.359701255,3
0.330468988,-1.51969677,-0.236040476,-0.176866803,0.547398691,-0.332927777,1.357902163,-0.898542556,-0.571009914,0.143285456,0.030322579,-0.085066444,-0.2030937,3
0.163868996,-1.746032221,-0.035151645,0.068449725,-0.211034266,0.032796253,0.813294549,-1.101087433,-0.385304963,0.126849666,0.00571074,-0.18967438,-0.014496034,3
-0.199170171,-0.846206809,0.240121802,0.106721627,-0.762349103,-0.203414837,0.725225544,-0.863421842,0.069303419,0.263948487,0.03455507,-0.175397911,-0.296545956,3
-0.534512536,1.149474676,1.095458015,-0.053574078,-1.869522333,-0.624307808,-0.225235596,-0.771025671,0.610511645,-0.509794732,0.044956632,-0.169568338,-0.063299237,0
-0.168855395,0.940401463,0.68422926,0.216876079,-1.902193261,-0.821910801,-0.053231239,-0.345210258,0.4796858,-0.452528237,0.22915486,0.196894209,0.115476317,0
-0.154898872,-0.163576311,0.358902538,0.075932617,-1.028448519,-0.777428792,0.623936341,0.132020921,-0.039811096,-0.460342641,0.036630688,0.181821406,0.174258053,1
-0.488953377,0.806902076,0.139170369,0.018953429,-0.619557386,-0.416517946,0.586955845,0.378531704,0.210550035,-0.086637529,0.174651647,0.017251968,0.264257029,1
0.465843607,1.013051151,-0.188606986,-0.303475901,0.523117799,-0.97387888,0.648276556,-0.022331878,0.066098457,-0.248561693,-0.203250861,-0.05632782,-0.059371341,1
0.687618098,-1.227642168,-0.086614368,-0.118415884,0.042606964,-0.647122568,1.319160414,0.25511485,-1.057912487,-0.587891365,-0.433425411,0.047821804,-0.097957475,2
0.554422393,-2.150521232,-0.219336983,0.039576261,0.010826799,0.025855192,1.065336641,-0.243144234,-1.252155061,-0.47833319,-0.188173171,0.024503264,-0.064385116,3
0.584188759,-1.998232953,-0.651847841,-0.327154251,1.421851401,-0.120583714,1.803399735,-0.392628291,-1.013132485,-0.234678934,-0.039560711,0.014561365,-0.166532728,3
0.050267943,-0.8684059,0.092264674,-0.106629478,-0.13914792,-0.589775228,1.296960544,-0.383675272,-0.172189278,0.098763289,-0.164904445,0.068628922,-0.321283019,3
0.594938433,-0.257964184,0.341390497,0.053016971,-1.057591722,-0.396791449,0.522244177,-0.197843137,0.448815639,-0.362778856,0.139465149,0.021330384,-0.284649672,1
0.441356494,-0.82305539,0.347253871,-0.080233016,-0.737150993,-0.803986284,1.263380528,-0.204810429,0.200037588,-0.471383775,0.119061033,0.311781314,0.129353178,2
0.370573424,-1.494509571,0.247685993,-0.02609112,-0.589253561,-0.544609926,1.395228492,0.2428963,-0.265905792,-0.09920956,-0.083938534,0.157178497,-0.026626863,2
0.153549638,-1.675644871,0.02420964,0.002099558,-0.187865925,-0.151413727,1.225283342,0.095259174,-0.531852707,0.399822804,0.085217191,0.20245333,0.136297787,3
0.436922212,-1.672264507,-0.105384817,-0.101198349,0.255356621,-0.166235431,1.375835672,-0.133715495,-0.671294563,0.825271706,0.056115711,-0.051649853,-0.058362548,3
0.130118916,0.901903821,0.404254263,0.14760268,-1.351597082,-0.535733217,0.151836339,-0.20729191,-0.018479483,-0.121245062,0.133158922,-0.332853458,-0.03096263,2
0.803684643,0.568328189,0.529511391,0.036078028,-1.454423128,-0.951983652,0.419518249,-0.508625889,0.227549512,-0.836098185,0.267051477,-0.086258269,0.133822588,0
0.754748909,-0.495904954,0.461487814,-0.009907893,-1.084006055,-0.921592524,0.863790413,-0.427925773,0.088412546,-0.63408642,-0.099934392,0.178106858,0.188127439,1
0.689393937,-1.148632854,0.313266569,-0.012050358,-0.81381971,-0.679702168,1.185120997,-0.359875437,-0.257589934,-0.659357055,-0.18379407,0.149937878,0.282863361,2
1.06756444,-1.023753149,-0.248925255,-0.529453848,1.121754593,-0.749718783,1.577017986,-0.472483877,-0.190755394,-0.634813914,-0.189936813,0.102685419,-0.005026206,3
1.194681975,-1.19790238,0.099282656,-0.378579582,0.400393849,-0.541505376,1.412852506,-0.490583617,-0.394348184,0.33108214,-0.280012286,-0.266645441,-0.240554728,3
0.467799018,0.337155571,0.393092709,0.084555695,-1.156485523,-0.385749114,0.62884621,0.108356961,-0.06055288,0.317355629,-0.035659427,-0.197939535,-0.083466886,1
0.289714943,3.141289978,0.141140755,0.327596554,-1.972213849,2.125183498,1.094497304,0.187121583,0.119177205,-0.238288706,0.055135333,-0.25032798,0.202242278,0
0.346149401,0.221552202,0.625336876,0.160907088,-1.586612558,-0.931548957,0.170005088,0.216579481,-0.033848123,0.144786351,0.06637486,-0.054436084,0.200886315,0
0.808428965,-0.748655231,0.324881026,0.030113222,-0.804502108,-0.593187913,0.655411084,0.411059138,-0.199915314,0.282377169,-0.073425441,0.207164986,0.349207027,2
0.684151486,0.243162724,-0.084600481,-0.195702708,0.177863203,-0.657438616,0.630510856,0.085838396,-0.062527622,0.275496908,0.32878821,-0.10791564,-0.034515235,2
1.072825944,3.23065769,-0.766658657,-0.765210123,2.292922319,-1.589905265,-0.016833433,-0.842513442,0.569819786,-0.072461696,-0.035874797,0.032108471,0.001712929,0
1.441968616,0.328881592,0.525740337,-0.044138886,-1.160565278,-1.057041979,0.191069062,-0.690243493,0.366439182,-0.136393785,0.186586542,0.199670269,-0.284292808,1
1.223144991,-0.287937708,0.627607579,0.088276608,-1.541201166,-0.74391553,0.429117967,-0.568906372,0.003556896,0.103241529,0.291008215,0.230231582,-0.12802487,2
0.989913154,0.526449467,0.06013071,-0.223781256,-0.048140351,-1.015783047,0.523037123,-0.44122981,-0.006603844,-0.161078733,0.245746821,0.283078174,0.012954347,1
1.438660446,0.333692658,-0.110704522,-0.339404624,0.495144388,-1.045065129,0.741628156,-0.114195837,-0.268836456,0.206621503,-0.033507002,-0.006239681,0.007775212,2
0.622690461,1.529591705,0.383378582,0.188757476,-1.444783847,0.04897524,0.145668512,0.3327653,-0.194581629,0.625111873,-0.193312178,-0.193352965,-0.081922068,1
0.946649343,4.527074635,0.035438403,0.434052254,-2.321714494,3.089378035,0.808871385,0.171115441,-0.241228476,-0.053546448,0.108915448,-0.117739602,-0.17926734,0
1.304350673,0.796506212,0.424519503,0.009164657,-1.163754077,-1.014114096,0.021426494,0.064866564,-0.282535745,-0.093735991,0.224597045,0.037338115,-0.158671468,0
1.486756723,0.194826307,0.461271326,0.018407303,-1.240930106,-0.872582132,0.174324895,-0.009373569,-0.027781172,-0.263010307,0.253326273,0.120456553,0.005701904,1
2.551911375,-0.572362413,-0.32003281,-0.438199927,0.89719885,-0.647380646,0.757119564,-0.414968895,0.179854176,-0.301039851,0.124010048,0.108573935,0.044987973,3
2.106701973,1.804549026,-1.018345709,-0.836929213,2.800406463,-0.806555198,0.688192486,-0.731487421,0.262714082,0.317051403,-0.104933225,-0.097885289,-0.067644009,2
1.702407449,1.506600028,0.064549942,-0.159815647,-0.347701394,-0.688466705,0.057071452,-0.467260974,-0.011895792,-0.233067798,-0.210707858,-0.118748924,-0.287266566,0
2.342814788,-0.358555931,0.161558809,-0.144482777,-0.442010017,-0.606248196,0.322268267,-0.347504987,0.112621739,-0.154637287,0.052757026,0.010615492,-0.15595853,2
3.223698135,-2.952524323,-0.086821654,-0.076449624,-0.137793009,0.369427715,1.040647321,-0.228071982,-0.728975587,0.043423558,0.153277047,0.044551153,0.215208619,3
3.035894043,-2.990169971,-0.490256123,-0.326319355,1.013628213,0.286420773,1.728958336,-0.214517723,-1.248582749,0.391727115,0.449184047,0.131891982,0.154931955,3
2.600403988,-1.293207355,-0.511941358,-0.398836246,1.082436623,-0.326819494,1.212564803,-0.187401111,-1.006509265,0.008168911,0.463147073,-0.402060232,-0.082208662,2
1.580858775,0.547418294,0.377411618,0.007675533,-1.08959503,-0.851692514,0.054084413,-0.047916694,-0.272466801,-0.224150065,-0.092842422,0.070486026,-0.281724972,1
2.365288163,-1.656516926,0.402155895,0.02202955,-1.060826702,-0.261619916,0.930204803,-0.391658735,-0.499890338,0.241753468,-0.040806893,0.043234667,-0.005727111,2
2.116530737,-0.465296202,0.364725917,-0.021113039,-1.008313227,-0.586819083,0.519403014,-0.297859129,-0.438500972,0.081277498,0.193528473,0.016819119,-0.205605114,2
2.479137813,-1.520652747,-0.044865207,-0.179798747,0.053611155,-0.209999682,0.912014212,-0.044482831,-0.48923095,0.352186036,0.05981664,0.156506661,-0.103973652,3
2.925288812,-2.664690956,-0.438508281,-0.292640795,0.922106957,0.30517111,1.29552729,-0.014116292,-0.714366684,0.571902238,0.359685875,0.18201198,0.07578329,3
1.677199711,0.278738648,0.388494438,0.050877291,-1.16648617,-0.757350597,0.033650683,0.119677671,-0.523150277,0.142056233,0.205393771,-0.162294251,-0.02397647,2
2.081566277,-0.166381121,-0.032108373,-0.207382778,0.051783604,-0.510327845,0.591280893,0.187785888,-0.286071901,0.286570791,-0.145152366,-0.014188316,-0.049080679,2
2.659883935,-2.080953385,0.214760645,-0.116154078,-0.40623749,0.058514141,1.118564154,-0.480702108,-0.645319246,1.200570096,0.541001678,0.018993328,-0.05398295,3
1.647969618,1.323825932,0.310112685,0.151944715,-1.446204598,0.45122272,0.255872757,0.043609709,-0.30100913,0.555940932,0.273082873,-0.131685792,0.123035224,2
2.377907218,6.156090161,-0.568340877,0.084160254,-1.264422485,4.561037755,2.105389599,-0.154268353,0.02657629,-0.359907367,0.101426069,0.242476287,0.207735764,0
2.147516994,1.816198481,0.526020944,0.026216242,-1.542760364,-0.627258875,-0.159649301,0.153243235,-0.150014176,0.156975243,0.316803217,0.472672388,0.134712159,1
1.400636211,2.630058294,0.498472872,0.237408801,-1.882195143,-0.233643102,-0.889596126,0.095893597,-0.243895021,0.285615532,0.351802511,0.28648018,0.502204315,0
2.023128832,3.812125737,-0.430431409,-0.392191195,0.735593053,-0.556957716,-0.501982848,-0.108299757,-0.085108989,0.281419785,0.18302186,0.24010186,-0.073468731,0
3.090276426,3.381248916,-1.197770913,-1.086866399,3.551746236,-1.76984075,-0.190181583,-0.263082383,0.101786135,0.345462918,-0.243738528,0.112862632,0.385616757,1
3.359516782,-0.060004907,0.141922866,-0.132006811,-0.452668372,-0.631194074,-0.205874327,0.209421727,-0.387375756,0.322182168,-0.039904465,-0.041920493,0.009085143,1
2.931308658,1.41415555,-0.328052659,-0.396174203,0.810843219,-0.5714846,-0.140644294,-0.127181774,0.04536887,0.550011814,-0.294680456,-0.188869897,-0.033047168,1
3.401514944,1.403710411,-0.445758231,-0.58686435,1.326731107,-1.141638344,-0.121165727,-0.566400044,0.05315686,-0.082655874,-0.329246227,0.08497932,-0.073796943,1
4.960938634,-2.475361392,-0.878448596,-0.553039205,1.995603836,0.687526691,0.505118446,-1.212333533,0.248313628,0.716628542,0.724894075,-0.265100607,-0.006608875,3
2.977866983,-0.142661996,0.217704905,0.166040141,-0.968324315,0.507813979,-0.073614449,-0.504204533,-0.404276818,0.751171583,0.349861643,-0.144157467,0.026178736,2
2.359628186,2.553273926,0.109707299,-0.042586078,-0.839188742,-0.072836302,-0.325321433,-0.225231733,-0.195392688,0.052271944,-0.233483086,-0.013209559,-0.230297287,0
2.015475261,2.757114206,0.317579471,0.049097092,-1.303248034,-0.199407984,-0.408308031,0.046139294,-0.272613898,0.386586447,-0.056719448,0.038935122,-0.158124806,0
2.645670599,0.704022959,0.539478587,0.05675255,-1.368550195,-0.954670603,-0.638539923,0.07401573,-0.273246437,0.382135456,-0.215436483,0.065699822,0.286206272,1
3.299468809,0.014749466,-0.278438333,-0.332972435,0.597931687,-0.621575444,-0.123621337,0.179619438,-0.160020745,-0.081932389,-0.120968329,0.155690421,0.076291948,2
2.894725204,2.443472304,-0.793662777,-0.533612948,1.569344623,0.186852103,0.122719402,-0.368013013,0.186378336,0.275867214,0.054261639,0.016917743,0.185519355,2
2.579658044,6.15732137,-0.731317293,-0.163015654,-0.173374019,3.266261517,1.436123812,-0.289667032,-0.074147579,0.101852153,-0.347937739,0.126199486,-0.096163433,0
3.175570822,0.313826922,0.324738265,0.036524257,-1.224080529,-0.114425863,-0.12498705,0.09399679,-0.352814681,0.110309905,-0.033306183,0.134747581,-0.162615803,2
4.510426989,-2.606102497,-0.212033925,-0.04765352,-0.035754814,0.957139245,-0.35994322,-0.231721227,0.485973059,0.401922275,0.354875049,0.068722853,0.034297169,3
2.331710101,2.989982776,-0.565467146,-0.410922135,1.031742594,0.046675714,0.053307868,-0.12239401,-0.087048285,0.598049718,-0.21407629,0.050302043,0.019557427,2
2.813295557,5.773612144,-0.802580308,-0.25143029,0.124753906,3.219411264,1.73610496,-0.15057363,0.03623633,0.025693023,-0.47071343,0.02305844,0.147747311,0
2.613587846,5.361190472,-0.353294878,0.289578621,-1.982847681,4.978789082,2.218459293,0.334596389,-0.343095409,-0.120701768,-0.368497096,0.047434046,-0.204697092,0
3.133136626,-0.713136648,0.149120259,-0.022733125,-0.613520503,-0.256509201,-0.205264621,0.316757282,-0.338641679,0.41790151,-0.018374916,-0.029056331,0.137086425,2
3.410581861,-0.09158173,-0.818255579,-0.589128089,1.989959511,-0.247342971,0.146724216,0.284498677,0.188567002,0.398808946,0.152980859,0.086544488,0.024121185,2
2.411092349,2.729883537,-0.350773034,-0.476366643,0.973627007,-1.153950654,-0.442009467,-0.451180782,0.120822394,0.088342442,-0.447009593,-0.039271656,-0.026910569,0
2.99693275,2.207111762,-0.702385053,-0.713902506,1.941667903,-1.094439922,0.081536127,-0.675979335,0.10758123,-0.144365833,-0.4140052,-0.03486345,0.055897762,0
4.011596,-1.899545055,0.00751734,-0.094437783,-0.360185929,0.230285047,0.020847656,-0.450780243,0.134935366,-0.055173671,0.26886295,0.220296961,-0.219095202,3
4.431095583,-3.263075632,-0.339386988,-0.101722334,0.157458971,1.056499027,0.495785455,-0.36874246,-0.219425442,-0.089664788,0.565419293,0.087917507,0.236478647,3
3.371143802,-1.054190102,-0.65761144,-0.357872383,1.295861542,0.183399446,0.184849144,0.251168319,-0.282527087,0.347261885,0.115270398,-0.020412676,-0.005228635,3
2.986700682,-1.078525795,-0.422808781,-0.231095615,0.740388334,0.116251624,0.141607107,0.722080791,-0.52712765,0.868042587,0.370379852,0.073433575,-0.127421967,3
1.970379781,0.483128004,0.354781541,0.097839885,-1.125974285,-0.641680142,-0.471784786,0.690087311,-0.549814504,0.518374782,-0.168405452,-0.011412043,-0.03103952,1
2.054233693,4.342681716,0.212428122,0.295778341,-2.191776922,2.002489597,0.198691388,-0.171304954,-0.223994743,0.053695903,0.008203137,0.064252674,-0.122371849,0
