DEWP,TEMP,PRES,Iws,Is,Ir,pm2.5
-8.5,-5.125,1024.75,24.86,0.708333333,0,2
-10.125,-8.541666667,1022.791667,70.93791667,14.16666667,0,2
-20.875,-11.5,1029.291667,111.1608333,0,0,0
-24.58333333,-14.45833333,1033.625,56.92,0,0,1
-23.70833333,-12.54166667,1033.75,18.51166667,0,0,1
-21.25,-12.5,1034.083333,10.17,0,0,1
-17.125,-11.70833333,1028,1.972916667,0,0,3
-16.33333333,-9.125,1029.041667,13.29875,0,0,2
-15.95833333,-8.75,1032.5,17.41583333,0,0,1
-20.70833333,-8.708333333,1034.333333,41.68583333,0,0,0
-23.54166667,-12.41666667,1030.708333,60.37833333,0,0,0
-21.95833333,-10,1030.458333,169.7541667,0,0,1
-17.625,-9.5,1025.208333,13.23875,0,0,2
-17.16666667,-7.041666667,1036.833333,12.38166667,0,0,1
-13.5,-8.416666667,1033.041667,2.677916667,0,0,3
-12.08333333,-7.25,1028.833333,4.134583333,0,0,3
-9.666666667,-4.916666667,1026.75,4.91625,0,0,3
-3.791666667,0.291666667,1020.666667,4.788333333,0,0,3
-11.04166667,-1.166666667,1030.208333,34.48125,0,0,2
-21.16666667,-6.125,1036.375,59.07083333,0,0,0
-18.79166667,-4.583333333,1034.375,93.06208333,0,0,0
-18.05882353,-2.705882353,1029.764706,44.5,0,0,0
-14.41666667,-2,1021.333333,2.644166667,0,0,3
-11.70833333,1.125,1016.208333,24.70708333,0,0,2
-19.125,-1.208333333,1026.166667,41.2725,0,0,0
-21.625,0.625,1022.833333,44.32833333,0,0,0
-18.70833333,1.958333333,1019.541667,40.01583333,0,0,1
-15.79166667,1.333333333,1024.208333,62.51041667,0,0,1
-10.08333333,-2.875,1026.75,13.03791667,0,0,1
-16.29166667,-5.416666667,1028.291667,5.959583333,0,0,1
-19.95833333,-5.166666667,1028.5,14.9175,0,0,2
-20.5,-5.041666667,1026.791667,5.60625,0,0,1
-14.33333333,-4.083333333,1029.833333,4.731666667,0,0,2
-10.45833333,-5,1030.541667,22.81875,0.666666667,0,2
-6.5,-4.333333333,1022.666667,5.770833333,1.708333333,0,2
-5.25,-1.541666667,1019.208333,3.257916667,0,0,3
-9.833333333,0.041666667,1023.791667,3.295416667,0,0,3
-22.29166667,-1.583333333,1030.958333,40.35833333,0,0,0
-22.125,-3.666666667,1035.708333,27.06041667,0,0,0
-21.54166667,-5.208333333,1034.916667,6.852916667,0,0,0
-17.83333333,-4.583333333,1028.791667,8.958333333,0,0,2
-20.26086957,-4.173913043,1032.695652,9.367826087,0,0,2
-22.29166667,-5.541666667,1035.125,5.977083333,0,0,0
-16.95833333,-5.375,1030.208333,7.5025,0,0,2
-19.08333333,-2.291666667,1026.25,43.6575,0,0,1
-19,-2.041666667,1023.708333,4.61625,0,0,2
-15.58333333,0.083333333,1016.625,3.7375,0,0,2
-10.29166667,0.875,1012.708333,3.64875,0,0,3
-9.708333333,4.208333333,1013.291667,14.58541667,0,0,2
-7.791666667,0.083333333,1018.583333,20.10125,0,0,2
-6.541666667,0.083333333,1007.333333,1.655416667,0,0,3
-2.5,4.375,1004.208333,9.555,0,0,3
-1.333333333,3.916666667,1015.625,21.90333333,0,0,3
-6.791666667,1.833333333,1020.875,35.40375,0,0,1
-6.375,-1.25,1019.5,18.31708333,0.458333333,0,2
-7.125,-0.125,1022.416667,14.67541667,0.875,0,2
-5.041666667,-2.541666667,1022.833333,42.0125,1.208333333,0,1
-8.458333333,1.625,1021.166667,23.54875,0,0,2
-6.208333333,1.666666667,1022.875,7.114583333,0,0,3
-3.458333333,2.416666667,1015.5,7.937083333,0,0.041666667,3
-20.33333333,0.541666667,1026.958333,50.30583333,0,0,0
-17.33333333,-2,1033.666667,31.55333333,0,0,1
-10.25,-2.458333333,1035.25,11.64333333,0.041666667,0,2
-6.875,-3.333333333,1039.5,14.1075,2.75,0,1
-17.95833333,-3.375,1035.375,97.55083333,0,0,0
-13.70833333,0.75,1021.375,11.47041667,0,0,1
-7.791666667,2.208333333,1009.416667,4.4875,0,0,3
-14.29166667,5.541666667,1017.416667,26.33833333,0,0,1
-9.75,2.875,1026.375,21.70791667,0,0,1
-3.541666667,0.25,1020.916667,10.34,3.375,0.25,2
-9.75,1.583333333,1023.208333,61.10291667,0,0,1
-10.79166667,0.5,1023.208333,4.0425,0,0,1
-12.83333333,3,1026.333333,16.01833333,0,0,1
-3.291666667,0.583333333,1020.041667,4.840833333,0.041666667,0,3
1.791666667,4.375,1003.5,3.031666667,0,0.25,3
-7.363636364,6.954545455,1009.136364,89.96863636,0,0,3
-8.041666667,7.458333333,1013.75,18.905,0,0,1
-7.913043478,8.695652174,1013.695652,37.03521739,0,0,3
-7.75,7.625,1020.958333,28.82625,0,0,1
-6.541666667,6.75,1022.333333,20.00041667,0,0.25,1
-11,4.375,1026.041667,13.76166667,0,0,0
-10.75,6.5,1019.041667,9.479583333,0,0,1
-8.541666667,5.875,1025.25,16.48458333,0,0,1
-7.166666667,6.541666667,1026.458333,14.47458333,0,0,1
-0.208333333,7.541666667,1023.458333,11.34416667,0,0.458333333,3
6.142857143,7.428571429,1019,8.622857143,0,6.857142857,3
-5.222222222,11.66666667,1015.444444,25.92222222,0,0,2
-16.59090909,8.409090909,1020.090909,123.1340909,0,0,0
-15.25,6.541666667,1020.375,38.605,0,0,0
-7.416666667,7.916666667,1016.916667,21.94166667,0,0,2
-4.791666667,13.83333333,1009.625,7.189583333,0,0,2
1.708333333,10.91666667,1014,10.46875,0,0.125,2
-12.29166667,10.5,1025.333333,17.05916667,0,0,0
-5.916666667,11.91666667,1020.041667,26.17,0,0,2
0.875,14.58333333,1008.25,109.4975,0,0,2
2.25,11.16666667,1011.458333,19.20375,0,0,2
-8.416666667,10.58333333,1017.625,17.63708333,0,0,1
0.25,6.25,1017,49.27666667,0,0.875,1
-6.208333333,7.083333333,1018,60.05666667,0,0.041666667,1
-16.70833333,6.375,1026.791667,174.6608333,0,0,0
-9.75,7.166666667,1026.333333,8.605833333,0,0,1
0.708333333,6.083333333,1020.583333,51.53916667,0,0,3
2.75,8.583333333,1018.166667,16.40458333,0,0,3
3.375,8.583333333,1021.416667,72.46875,0,0,2
6.458333333,13.54166667,1012.916667,3.204166667,0,0,3
7.958333333,14.20833333,1014.208333,16.44625,0,0.25,3
4,13.875,1019.083333,7.43125,0,0,2
2.208333333,12.04166667,1022.208333,14.71166667,0,0.5,1
5.333333333,9.458333333,1020.958333,13.33833333,0,5.125,1
-4.041666667,13.20833333,1020.333333,10.78541667,0,0,0
1.333333333,16.79166667,1016.333333,36.405,0,0,2
6.541666667,13.83333333,1014.583333,83.17208333,0,0.625,2
-5.458333333,8.875,1013.541667,24.72041667,0,0.041666667,0
-10.70833333,8.708333333,1009.291667,138.9045833,0,0,0
-9.583333333,10.5,1012.583333,319.0270833,0,0,0
-6.75,14.04166667,1013.208333,90.69041667,0,0,0
-5.708333333,18.375,1013.791667,164.9058333,0,0,0
-0.083333333,20.83333333,1006.083333,17.11041667,0,0,1
0.375,23.875,1002.25,19.75958333,0,0,2
3.25,19.66666667,1007.458333,4.599166667,0,0,2
11.625,19.66666667,1002.541667,12.32833333,0,0.5,2
9.708333333,18.83333333,998.25,66.08333333,0,0.583333333,2
0.25,20.625,1006,54.32083333,0,0,0
2.416666667,21.66666667,1003.333333,38.77625,0,0,2
6.5,19.54166667,1006.791667,17.47125,0,0,2
0.666666667,17.29166667,1007.083333,33.40166667,0,0.125,2
-0.458333333,16.83333333,1005.958333,49.94708333,0,0,1
2,17.95833333,1014.708333,60.12125,0,0,0
5.958333333,17.41666667,1017.875,13.74916667,0,0,1
6.125,18.70833333,1017.5,13.39083333,0,0,1
9.291666667,18,1015,9.4825,0,0.666666667,2
12.25,21.45833333,1012.583333,8.51125,0,0,3
12.375,18.70833333,1014,63.30958333,0,1.541666667,2
13.31818182,16.22727273,1009.909091,15.11954545,0,1.272727273,1
10.25,17.54166667,1002.041667,19.48125,0,0.958333333,1
3.75,24.08333333,999.7916667,13.74375,0,0,0
4.875,25.41666667,1004.708333,13.89166667,0,0,1
10.875,23.375,1007.083333,19.445,0,0,2
11.5,22.41666667,1005.708333,7.576666667,0,0,3
9.958333333,24.16666667,1000.541667,7.597916667,0,0.041666667,2
7.333333333,23.41666667,1003.208333,24.27166667,0,0,1
3.958333333,24.875,1010.375,8.234583333,0,0,0
11,25.16666667,1012.833333,22.11125,0,0,2
14.15789474,21.57894737,1015,4.258421053,0,1.684210526,2
16.16666667,19.125,1009.708333,4.023333333,0,7.458333333,2
13.04166667,22.79166667,1004.875,6.329166667,0,0,2
11.125,23.20833333,1007.166667,9.515833333,0,0.041666667,1
13.29166667,21.83333333,1014.666667,7.563333333,0,0.083333333,2
14.19047619,20.71428571,1015.428571,5.31952381,0,0.142857143,2
14.28571429,21.42857143,1016.571429,4.468571429,0,0,2
13.04166667,21.75,1017.333333,8.21,0,0,2
13.25,19.16666667,1017,11.09416667,0,0,2
13.58333333,28.08333333,1012.083333,29.57916667,0,0,2
14,21.75,1014,28.2725,0,0,3
12.14285714,26.28571429,1013.142857,14.29714286,0,0,1
14.625,21.125,1013.333333,12.61166667,0,0.625,1
15.45833333,21.375,1011.541667,6.78125,0,0,2
16.29166667,24.5,1007.708333,7.152083333,0,0.125,2
17.70833333,23.41666667,1005.208333,23.97291667,0,0.666666667,2
18.08333333,24,1003.708333,9.46,0,0,2
18.79166667,26.66666667,1001.041667,3.22125,0,0.041666667,2
18.70833333,25.33333333,1000.375,6.034583333,0,0.25,2
17.45833333,19.70833333,1002.083333,3.724166667,0,0.625,1
17.04166667,21.79166667,1003.375,5.735833333,0,0,1
18.08333333,24.41666667,1004.333333,5.624166667,0,0,2
15.90909091,27.90909091,1006.727273,10.44590909,0,0,2
15.375,25.66666667,1003.708333,6.09,0,0.041666667,1
19.2,25.7,1002.3,2.191,0,0.1,2
10.71428571,28.5,1008.428571,13.78642857,0,0,1
13.04166667,26.08333333,1008,9.79875,0,0,2
15.70833333,25.91666667,1008,8.94125,0,0,3
16.58333333,26.16666667,1006.458333,8.380833333,0,0,3
15.625,25.75,1003.958333,10.97291667,0,0.166666667,2
18.95833333,26.41666667,1001.791667,12.79291667,0,0,3
19.54166667,27.25,1002.916667,13.89291667,0,0,3
20.04166667,26.25,1002.666667,7.805833333,0,0,3
21.16666667,23.875,1000.375,5.384166667,0,1.5,2
16.91666667,28.58333333,999.5833333,11.41708333,0,0,0
19.125,30.5,999.7916667,9.049583333,0,0,1
19.125,30.95833333,999.625,9.313333333,0,0.041666667,2
12.29166667,32.375,999.625,14.95791667,0,0,1
9.666666667,32.875,1000.208333,13.7625,0,0,0
16.125,27.33333333,1004.25,9.42375,0,0,1
14.625,29.91666667,1005.625,8.997916667,0,0,1
18.25,25.5,1006.25,12.38583333,0,1.083333333,2
19.79166667,21.66666667,1005.541667,12.7275,0,3.208333333,2
20.41666667,22.875,1004.541667,23.10458333,0,0.666666667,3
20.41666667,22.875,1006.291667,2.570416667,0,0.041666667,2
20.875,24.45833333,1009.416667,7.860833333,0,0.416666667,2
21.70833333,25.20833333,1009.833333,3.724166667,0,0,2
21.83333333,24.08333333,1006.333333,4.60125,0,0.375,3
22.58333333,26.75,1004.333333,8.736666667,0,0.125,3
22.16666667,27.875,1005.916667,8.998333333,0,0.041666667,2
22.58333333,28.25,1005.666667,18.12333333,0,0.041666667,3
22.25,25.25,1006.333333,35.43291667,0,1.25,3
19.83333333,25.95833333,1003.458333,15.04708333,0,0.583333333,1
21.625,27.04166667,1006.208333,13.90833333,0,0,1
23.45833333,28.25,1007.875,9.482083333,0,0,3
23.45833333,29.83333333,1008.083333,17.4525,0,0,3
23.04166667,30.16666667,1010.083333,25.11083333,0,0,2
23.33333333,30.04166667,1009.666667,23.8975,0,0,3
24.33333333,29.20833333,1008.125,9.574166667,0,0,3
23.75,30.45833333,1004.375,23.50666667,0,0,3
23.95833333,30.58333333,999.4583333,49.10625,0,0,3
26.20833333,30.20833333,996.2083333,21.2175,0,0.25,3
25.25,27.875,998.8333333,6.125416667,0,0.125,3
22.625,28.79166667,1000.125,14.37291667,0,0.25,2
18.20833333,26.95833333,1008.291667,12.51625,0,0.083333333,1
16.25,26.20833333,1008.083333,8.67625,0,0,1
18.95833333,25.70833333,1002.541667,9.093333333,0,0,2
21.375,24.54166667,1003,15.0825,0,0.416666667,2
13.20833333,26.875,1008,57.57708333,0,0,0
13.04166667,24.41666667,1015.208333,69.77833333,0,0,0
18.04166667,24.5,1010.875,15.55125,0,0.25,2
20.04166667,25.41666667,1004.125,8.830833333,0,0.916666667,2
22.41666667,27.29166667,1003.875,4.919166667,0,0,3
18.83333333,27.45833333,1006.25,11.81166667,0,0,2
21.95833333,25.20833333,1004.958333,21.68791667,0,0.25,2
21.29166667,26.75,1001.166667,4.766666667,0,0,2
24.5,27.55,1000.95,8.047,0,0.1,2
16,30.25,1006.125,27.31625,0,0,0
18.45833333,27.625,1007.833333,34.385,0,0,2
22.5,25.5,1010.166667,41.36,0,2.041666667,3
21.33333333,24.625,1011.833333,9.111666667,0,2.125,2
22.16666667,26.45833333,1013.875,10.22625,0,0,2
19.375,21.41666667,1012,15.1625,0,4.458333333,1
16.29166667,23,1013.166667,10.67166667,0,0.208333333,0
18.66666667,23.70833333,1013.708333,6.5375,0,0,2
19.41666667,24.33333333,1013.625,15.59166667,0,0,2
17.625,23.04166667,1014.541667,3.593333333,0,0,2
17,25.04166667,1014.25,7.469166667,0,0,1
15.16666667,24.83333333,1012.583333,17.13791667,0,0,1
16.54166667,24.75,1010.208333,11.58583333,0,0,1
18.95833333,25.70833333,1007.5,10.13375,0,0,2
19.75,25.45833333,1007.791667,6.205416667,0,0.041666667,2
19.54166667,23.79166667,1010.125,5.197916667,0,0.125,2
18.95833333,23.25,1013.416667,11.75458333,0,0.25,1
18.83333333,24.29166667,1014.791667,5.176666667,0,0,2
19.08333333,23,1013.583333,5.77125,0,0.666666667,2
16.875,23.25,1012.375,4.43375,0,0,2
19.16666667,24.08333333,1010.916667,6.7725,0,0,2
19.95833333,24.91666667,1010.125,2.940833333,0,0,3
18.25,24.20833333,1013.5,4.560416667,0,0,2
14.08333333,21.95833333,1014.791667,5.659583333,0,0,2
15.66666667,21.75,1011.458333,12.66416667,0,0,3
12.04166667,23.375,1008.041667,17.78916667,0,0,2
12.875,19,1009.25,10.1175,0,0,2
14.66666667,24.66666667,1010.458333,6.01625,0,0,2
16.45833333,25.29166667,1011.583333,6.625,0,0,3
16.70833333,24.91666667,1013,8.0475,0,0,3
19.33333333,25.04166667,1011.166667,17.50791667,0,0,3
19.875,23.41666667,1010.375,82.6,0,0.791666667,3
14.75,16.08333333,1012.5,38.96958333,0,15.5,1
12.70833333,15.08333333,1014.708333,4.975,0,12.25,0
13.94736842,19,1013.368421,5.531578947,0,0.315789474,1
15.08333333,17.66666667,1012.333333,8.216666667,0,0.708333333,2
13.4,14.6,1015,42.292,0,8,0
-4,22,1016,70.21,0,0,1
13,14.33333333,1018.333333,1.186666667,0,0,3
13.75,17.66666667,1017.625,1.9725,0,0.041666667,3
11.375,17.41666667,1013.5,48.48708333,0,1.458333333,0
2.375,17.75,1016.041667,198.795,0,0,0
6.916666667,15.54166667,1017.708333,5.269166667,0,0,0
10.41666667,16.625,1014.291667,4.469583333,0,0,2
13.29166667,17,1013.458333,3.424583333,0,0,3
13.375,16.70833333,1015.583333,2.604583333,0,0,3
12.875,16.08333333,1014.916667,2.643333333,0,0,3
12.66666667,15.33333333,1010.791667,2.21125,0,0,3
14,15.25,1011.083333,2.492916667,0,0.916666667,3
6.916666667,14.70833333,1017.666667,16.68666667,0,0.75,0
6.090909091,11.63636364,1022.272727,5.079545455,0,0,1
8.583333333,14.04166667,1016.75,4.50375,0,0,2
0,15.16666667,1019.458333,45.8925,0,0,0
-0.041666667,14.95833333,1015.833333,74.39041667,0,0,1
5.166666667,12.04166667,1018.25,20.03333333,0,0,2
-2.875,8.625,1028.333333,66.14666667,0,0,1
3.375,7.208333333,1026.958333,6.088333333,0,2.291666667,1
6.75,8.708333333,1026.791667,1.915833333,0,0,1
6.666666667,9.083333333,1027.208333,1.915416667,0,0,2
8.333333333,10.45833333,1022.541667,1.879583333,0,0,2
9.541666667,11.66666667,1020.375,1.84,0,0,3
11.375,13.08333333,1018.625,2.492083333,0,0.416666667,3
6.5,9.416666667,1023.333333,23.63666667,0,3.791666667,2
-8.375,8.25,1031.291667,83.95125,0,0,0
-11.04166667,3.541666667,1039.083333,7.636666667,0,0,0
-3,3.541666667,1030.625,3.124166667,0,0,2
-0.708333333,8.375,1027.958333,7.280833333,0,0,2
-0.5,10.54166667,1027.291667,9.57375,0,0,1
-0.166666667,10.29166667,1026.791667,8.28875,0,0,1
0.25,9.916666667,1024.333333,13.735,0,0,1
-0.111111111,5.222222222,1026,18.88111111,0,0,1
0.333333333,10.22222222,1021.555556,2.481111111,0,0,2
-0.833333333,9.833333333,1021.708333,10.95416667,0,0,1
1.208333333,10.04166667,1019.75,7.45,0,0,2
4.208333333,8.583333333,1015.958333,2.120833333,0,0,3
-2,10.08333333,1017.625,60.88541667,0,0,1
-9.083333333,7.666666667,1024.5,79.51708333,0,0,0
-5.583333333,2.25,1020.958333,1.768333333,0,0,1
-2.708333333,3.458333333,1016.875,5.0975,0,0,2
-2.333333333,6.083333333,1011.083333,56.87833333,0,0,0
-7.583333333,1.125,1017.895833,111.36,0,0,1
-12.83333333,3.125,1027.583333,131.3520833,0,0,0
-8,0,1035,194.065,0,0,0
-6.666666667,-0.291666667,1031,237.025,0,0,1
-4,-1,1023,279.985,0,0,2
-3,1.708333333,1022.625,52.45958333,0,0,3
0,3.541666667,1019.541667,4.562916667,0,0,3
0.083333333,4.916666667,1014.208333,6.255,0,0,3
-0.708333333,5.208333333,1010.875,6.10875,0,0,3
-8,5.541666667,1014.375,68.84416667,0,0,2
-9.909090909,1.318181818,1021.090909,3.555909091,0,0,1
-7.041666667,2.25,1019.916667,2.735,0,0,3
-12.66666667,2.666666667,1024.333333,45.24791667,0,0,1
-11.70833333,-0.666666667,1025.708333,4.3775,0,0,1
-10.41666667,-0.916666667,1017.083333,3.685833333,0,0,2
-19.79166667,1.375,1022.875,78.71541667,0,0,0
-12.20833333,-1.625,1021.708333,1.934166667,0,0,3
-4.416666667,-0.5,1019.375,3.85125,0,0,3
-1.916666667,-0.458333333,1018.333333,4.26375,0,0,3
-0.958333333,0.666666667,1013.291667,3.122916667,0,0,3
-12.625,2.416666667,1019.125,66.69791667,0,0,2
-12.625,-1.916666667,1022.083333,2.755416667,0,0,1
-9.291666667,-0.333333333,1011.958333,5.737083333,0,0,3
-9.416666667,4.291666667,1020.333333,32.92041667,0,0,2
-17.75,1.833333333,1031.083333,154.0054167,0,0,0
-16,2.583333333,1017.041667,10.91375,0,0,1
-11.875,2.666666667,1015.333333,8.030416667,0,0,1
-7.958333333,0.208333333,1010.666667,3.278333333,0,0,3
-12.45833333,0.833333333,1009.666667,72.90958333,0,0,2
-15.70833333,-2.708333333,1020.833333,37.25541667,0,0,1
-10.33333333,-2.041666667,1017.791667,9.011666667,0,0,2
-21.20833333,-4.708333333,1029.666667,55.51833333,0,0,0
-22.91666667,-7.458333333,1034.333333,53.63625,0,0,0
-25.04166667,-7.875,1032.75,162.1095833,0,0,0
-21,-2.5,1017.291667,13.87541667,0,0,1
-16.70833333,-0.541666667,1013.041667,9.253333333,0,0,2
-12.16666667,-2.958333333,1012.541667,2.065416667,0,0,3
-13.125,4.541666667,1016.041667,27.32208333,0,0,3
-11.70833333,1.125,1016.875,4.933333333,0,0,3
-7.5,-1,1012.625,2.2275,0,0,3
-13.66666667,0.958333333,1018.583333,31.01333333,0,0,2
-23.20833333,-6.125,1035.083333,37.57083333,0,0,0
-25,-9.666666667,1037.333333,9.793333333,0,0,1
-22.33333333,-7.833333333,1027.208333,8.325,0,0,1
-17.70833333,-3.666666667,1015.916667,21.73958333,0,0,1
-16.58333333,-2.75,1010.958333,31.8325,0,0,2
-19.66666667,-3.75,1018.625,115.5683333,0,0,0
-17,-4.416666667,1021.041667,40.76875,0,0,1
-22.70833333,-7.041666667,1025.416667,234.1558333,0,0,0
-21.91666667,-6.833333333,1029.375,463.1879167,0,0,0
-16.95833333,-4.958333333,1035.333333,9.327083333,0,0,1
-14.5,-6.041666667,1030.875,1.50375,0,0,3
-15.41666667,-4.958333333,1027.208333,15.8125,0,0,2
-20.04166667,-5.041666667,1031.666667,177.6758333,0,0,0
-19.20833333,-5.041666667,1038.083333,357.2675,0,0,0
-17.83333333,-4.708333333,1030.916667,82.28541667,0,0,1
-15.8125,-4.125,1025.875,27.40875,0,0,2
-20,-3,1023,11.51125,0,0,2
-20.58333333,-4.041666667,1023.041667,36.99541667,0,0,0
-20.16666667,-6.375,1023.958333,5.009583333,0,0,1
-18.75,-4.541666667,1022.333333,6.46125,0,0,2
-20.95833333,-4.541666667,1033.416667,87.31625,0,0,0
-25.25,-8.041666667,1039.583333,222.9904167,0,0,0
-21.75,-8.125,1036.541667,3.053333333,0,0,1
-20.83333333,-7.041666667,1035.125,61.55,0,0,1
-22.20833333,-7.875,1033.666667,44.88666667,0,0,0
-22.20833333,-6.791666667,1032.541667,51.45708333,0,0,0
-21.5,-6.916666667,1030.875,6.37125,0,0,1
-20.125,-5,1028.166667,7.041666667,0,0,1
-18.25,-5.583333333,1028.333333,25.52208333,0,0,1
-21.16666667,-5.625,1032.208333,170.57375,0,0,0
-19.95833333,-6.791666667,1032.708333,47.49791667,0,0,1
-20.83333333,-6.041666667,1034.375,33.75791667,0,0,0
-19.625,-7.208333333,1038.916667,8.815416667,0,0,1
-20.20833333,-5.75,1041.708333,14.905,0,0,0
-20.95833333,-5.458333333,1037.708333,38.98875,0,0,0
-23.25,-6.625,1036.041667,65.9425,0,0,0
-20.91666667,-2.5,1033.833333,134.59375,0,0,0
-19.125,0.166666667,1028.083333,33.95041667,0,0,0
-19.625,1.375,1022.541667,46.26083333,0,0,0
-18.58333333,0.041666667,1020.875,41.08583333,0,0,1
-17.45833333,-0.875,1021.416667,44.75708333,0,0,2
-13.54166667,0,1021.458333,11.64125,0,0,2
-9.75,-3.166666667,1018.666667,3.461666667,0,0,2
-10.66666667,2.5,1020,5.494166667,0,0,1
-9.75,-0.291666667,1015.208333,5.885,0,0,2
-11.875,-0.583333333,1015.833333,9.369166667,0,0,2
-7.875,-2.125,1026.166667,12.515,0.041666667,0,2
-4.75,-3.708333333,1027.541667,55.30541667,8.708333333,0,1
-12.33333333,-3.791666667,1030.375,28.85333333,0,0,1
-17.20833333,-6.041666667,1032.5,11.10291667,0.125,0,0
-8.083333333,-4.916666667,1030.333333,10.69375,4.25,0,1
-17.125,-5.416666667,1032.083333,9.162916667,0,0,0
-10.75,-5.833333333,1027.208333,2.492916667,0,0,3
-8.041666667,-3.333333333,1022.416667,2.81125,0,0,3
-7.333333333,0.416666667,1024.75,7.78375,0,0,3
-9.708333333,0.208333333,1026.583333,9.239583333,0,0,3
-9,2.333333333,1024.208333,10.56166667,0,0,3
-5.791666667,0.916666667,1026.5,2.622916667,0,0,3
-4.041666667,0.583333333,1024.583333,1.65375,0,0,3
-5.291666667,0.75,1020.416667,2.697083333,0,0,3
-3.916666667,2.166666667,1015.375,5.401666667,0,0,3
-9.916666667,4.166666667,1021.666667,19.98291667,0,0,2
-8.375,1.125,1031.166667,11.19666667,0,0,1
-4.416666667,-1.291666667,1026.625,10.52375,1.5,0,2
-4.75,-0.583333333,1027.333333,27.0575,1.166666667,0,1
-11.08333333,1.458333333,1026.791667,37.03208333,0,0,0
-14.79166667,0.958333333,1025.666667,52.16166667,0,0,0
-15.79166667,1.666666667,1025.458333,36.20708333,0,0,0
-15.16666667,3.875,1026.875,132.2745833,0,0,0
-11,4.083333333,1022.708333,7.5425,0,0,1
-5.166666667,7.083333333,1016.583333,23.615,0,0,2
-13.15,7.75,1023.6,25.592,0,0,0
-15.04761905,6.285714286,1023.047619,61.37238095,0,0,0
-16.39130435,5.47826087,1022.826087,66.49304348,0,0,0
-15.82608696,6.826086957,1027.391304,28.28173913,0,0,0
-13.75,7.416666667,1022.375,8.307916667,0,0,1
-10.70833333,6.333333333,1017.125,6.202083333,0,0,2
-3.541666667,8.083333333,1008.958333,4.489583333,0,0,3
-5.833333333,9.666666667,1013.583333,15.70041667,0,0,3
-17.25,6.458333333,1028.958333,70.98291667,0,0,0
-18.08333333,5.166666667,1027.083333,264.98875,0,0,0
-13,4.5,1023.833333,23.57625,0,0,1
-8.285714286,6.80952381,1018.380952,4.787619048,0,0,2
-22.75,6.25,1027.75,121.13375,0,0,0
-20.66666667,5.5,1028.041667,79.68166667,0,0,0
-16.45833333,6.625,1024.333333,81.63916667,0,0,0
-19.13043478,7.434782609,1026.478261,135.1591304,0,0,0
-14.54166667,8.458333333,1027.5,47.88708333,0,0,0
-11.25,8.333333333,1025.541667,5.71875,0,0,1
-13.83333333,11.625,1024.041667,45.00583333,0,0,0
-8.375,9.083333333,1027.083333,9.540833333,0,0,1
-5.958333333,11.16666667,1024.708333,9.105833333,0,0,2
-6.25,12.55,1020.35,8.3115,0,0,2
2.2,16,1014.8,3.442,0,0,3
-5.826086957,9.869565217,1026.26087,41.24521739,0,0.913043478,1
-3.782608696,8.652173913,1028.869565,14.24521739,0,0,1
-7.85,10.45,1025.55,11.1075,0,0,2
-7.958333333,13.04166667,1022.958333,16.625,0,0,2
-4.791666667,12.95833333,1022.041667,44.42083333,0,0,3
0,11.8,1017.8,45.82,0,0.3,2
-10.66666667,20,1015.333333,36.79666667,0,0,0
-5.642857143,21.85714286,1010.857143,15.99785714,0,0,2
-15.69565217,14,1021.826087,25.36130435,0,0,0
-14.47826087,15.30434783,1020.391304,21.7073913,0,0,0
-4.083333333,16.25,1013.291667,14.8425,0,0,2
5.041666667,17.5,1010.75,5.994166667,0,0,3
3.333333333,18.6,1006.333333,11.71133333,0,0,2
-5.2,22.4,1010,19.136,0,0,0
-0.5,20,1008.8,53.241,0,0,2
-6.434782609,16.34782609,1011.695652,89.48521739,0,0,1
-9.826086957,14.47826087,1016.782609,31.44217391,0,0,0
-1.333333333,14.79166667,1016.666667,21.33291667,0,0,2
4.75,16.33333333,1008.708333,14.87,0,0,2
6.538461538,14.61538462,1011.615385,4.814615385,0,0.461538462,2
3.166666667,15.16666667,1015.333333,5.586666667,0,0,1
-0.444444444,15.11111111,1013.333333,25.93111111,0,0,0
-2.608695652,15.7826087,1009.956522,73.62565217,0,0,0
4.260869565,13.43478261,1003.217391,15.35652174,0,0,2
4.583333333,13.08333333,1004.5,15.38458333,0,0.041666667,2
1.25,13.70833333,1010.208333,12.83166667,0,0,1
3.642857143,14.14285714,1008.642857,14.88,0,0,2
10.82352941,16.82352941,998.5294118,14.86176471,0,0.058823529,3
4.791666667,15.875,1001.458333,44.14291667,0,0,3
-1.875,21.66666667,1009.916667,158.3679167,0,0,1
-5.708333333,19.66666667,1011.416667,54.05625,0,0,0
-3.291666667,19.625,1014.75,15.32875,0,0,0
7.291666667,14.875,1010.25,46.08125,0,0.041666667,1
5,16.125,1002.083333,8.398333333,0,0.083333333,2
0.041666667,18.25,1002.583333,23.67125,0,0,1
4.130434783,19.73913043,1007.26087,9.970869565,0,0,0
8.125,15.58333333,1010.291667,14.09416667,0,1.875,1
7.958333333,18.91666667,1005.958333,12.29208333,0,0.125,1
6.083333333,20.58333333,1007.791667,18.94208333,0,0,0
3.625,20.91666667,1006.208333,37.80833333,0,0,2
-5.916666667,19.08333333,1009.333333,196.5658333,0,0,1
-3.791666667,22,1009.75,127.735,0,0,0
-2.375,24.83333333,1007.666667,42.54375,0,0,0
0.541666667,20.625,1010.416667,12.90833333,0,0,1
2.375,19.875,1012.416667,17.635,0,0,1
11.95833333,20.70833333,999.5,16.27958333,0,0,2
13.41666667,22.58333333,998.9166667,10.74375,0,0,3
3.875,20.58333333,1010.291667,46.64708333,0,0.125,0
-1.708333333,17.41666667,1013.875,30.38375,0,0,0
-1.958333333,18.95833333,1013.333333,26.78833333,0,0,1
2.416666667,21.33333333,1010.75,27.41541667,0,0,1
8.166666667,21.41666667,1012.25,26.37291667,0,0,2
9.75,22.41666667,1013.708333,106.9445833,0,0,1
10,23.08695652,1013.130435,178.0986957,0,0,1
11.18181818,19.90909091,1013,21.54545455,0,0.090909091,2
14.875,25.5,1009.125,29.09875,0,0,2
15.79166667,25.54166667,1008.583333,32.35666667,0,0,2
17.5,24.875,1007.333333,13.54416667,0,0,2
11.91666667,24.91666667,1002.625,5.419166667,0,0,1
8.391304348,23.95652174,1002.217391,74.40304348,0,0.043478261,0
7.434782609,25.73913043,1006.652174,101.7334783,0,0,0
10.25,27.04166667,1003.708333,12.94333333,0,0,2
4.416666667,26.5,1004.041667,13.87666667,0,0,0
8.105263158,24.57894737,1006.052632,10.70157895,0,0,1
11.58333333,26.16666667,1006.375,15.71541667,0,0,2
16.0952381,25.04761905,1000.190476,3.215238095,0,0.142857143,2
17.16666667,25.625,996.375,6.164583333,0,0.125,2
16.29166667,25.79166667,998.5833333,16.35208333,0,0.833333333,0
17.25,26.25,1002.5,14.19083333,0,0,2
16.41666667,26.875,999.7916667,14.35958333,0,0.125,2
16.79166667,22.70833333,1003.541667,5.119583333,0,0.041666667,1
12.125,26.16666667,1006,8.233333333,0,0,0
16.54166667,26.54166667,1005.666667,7.879166667,0,0,2
16.79166667,27.29166667,1002.708333,13.87458333,0,0.458333333,3
19.04166667,24.58333333,1002.5,11.00583333,0,0.208333333,2
17.25,21.375,1006.041667,5.60625,0,0.208333333,2
17.91666667,24.79166667,1007.791667,6.236666667,0,0,2
19.125,26.375,1006.625,9.588333333,0,0,3
19.54166667,25.66666667,1006.708333,15.23208333,0,0,3
18.04166667,27.20833333,1004.166667,14.32041667,0,0,3
17,29.83333333,1002.041667,37.82958333,0,0,2
20.375,26.33333333,998.5,21.57125,0,0.041666667,3
21.125,22.75,998.75,13.5225,0,1.333333333,2
15.875,22.75,1008.291667,10.46708333,0,1.166666667,0
14.91666667,25,1011.125,3.745,0,0,0
14.95833333,25.54166667,1003.708333,9.330416667,0,0,1
15.58333333,26.16666667,998.875,10.355,0,0,1
18.75,26.75,1002.083333,13.87583333,0,0,2
21.25,25.91666667,1003.666667,14.17583333,0,0,3
22.04166667,25.25,1002.625,3.687916667,0,0.166666667,2
23.04166667,25,1002.416667,3.352916667,0,0.458333333,2
23.41666667,25.66666667,1000.416667,2.1575,0,0.666666667,3
18.875,28.70833333,1001.625,6.927916667,0,0,2
18.04166667,29.04166667,1003.333333,7.579583333,0,0,1
19.375,27.125,999.5416667,29.64833333,0,0,2
21.29166667,27.75,996.75,9.275833333,0,0,3
14.33333333,25.375,996.625,9.777083333,0,0.25,0
14.95833333,25.875,998.8333333,17.68833333,0,0.041666667,0
15.04166667,27.33333333,1004.458333,8.307083333,0,0,0
19.25,27.25,1006.541667,6.688333333,0,0,2
21.79166667,27.16666667,1007.583333,13.705,0,0,3
21.45833333,26.75,1008,13.18791667,0,0,2
21.95833333,27.25,1005.291667,18.14708333,0,0.125,2
21.91666667,26.75,1005.375,6.2225,0,0.083333333,2
20.875,25.125,1006,12.85416667,0,0.625,1
19.91666667,26.54166667,1004.458333,17.8625,0,0.125,0
21.08333333,23.95833333,1004.5,4.620416667,0,0.291666667,2
20.625,24.91666667,1004.583333,5.159583333,0,0,2
21.66666667,25.95833333,1002.25,5.30875,0,0.041666667,2
21.91666667,23.41666667,1002.541667,7.039166667,0,1.75,1
22.83333333,25.16666667,1002.708333,10.20166667,0,0.25,2
23.83333333,25.75,1002.875,30.94,0,0.083333333,3
26.20833333,28.54166667,1002.375,2.83,0,0,3
25.625,27.54166667,1001.583333,9.464583333,0,1.916666667,3
23.95833333,25.54166667,998.9583333,2.436666667,0,0.916666667,1
22.79166667,27.95833333,999.7083333,8.009166667,0,0.041666667,1
23.375,26.25,1002.125,13.52041667,0,0.25,1
25.33333333,27.875,1004.875,22.88875,0,0,3
23.625,24.91666667,1005.958333,8.214166667,0,5,2
21.91666667,25.875,1001.708333,8.71625,0,6.5,1
22.38095238,28.23809524,1002.904762,6.107619048,0,0,1
20.16666667,28.08333333,1003.333333,26.75,0,0,1
21.82608696,26.56521739,1004.478261,17.16173913,0,0,2
23,26.66666667,1006.166667,15.66916667,0,0,0
22,24,1006.5,45.385,0,0,2
22,24,1008,61.23,0,0,2
23,29.94444444,1000.222222,7.901111111,0,0,2
24.22727273,27.72727273,1003.318182,7.987727273,0,1.136363636,3
24,27,1007,14.01333333,0,0,1
23.72727273,28,1005.545455,8.7,0,0,2
24.08333333,28.375,1002.875,11.19666667,0,0,2
24.375,27.625,1000.416667,30.06083333,0,0,2
24.75,26,1001.875,8.385,0,0.541666667,2
23.75,24.79166667,1002,6.801666667,0,1.625,2
20.16666667,27.16666667,1003.625,11.9375,0,0.25,0
21.16666667,24.375,1007.333333,11.39875,0,0.416666667,1
18.375,25.41666667,1010.25,11.23375,0,0,0
19.95833333,24.875,1012.041667,18.39833333,0,0,1
20.16666667,25,1011.916667,14.75208333,0,0,2
20.5,25.45454545,1010.590909,6.236363636,0,0,2
19.27272727,25.27272727,1010.818182,5.075909091,0,0,2
21,22,1012,1.79,0,0,2
20.33333333,25.2,1011.6,6.885333333,0,0.266666667,2
20.25,22.25,1014.083333,4.695,0,0.125,2
20.75,22.91666667,1015.375,13.55625,0,0.958333333,2
19.375,22.75,1013.208333,7.879583333,0,0,2
18.91666667,23.25,1009.833333,4.562916667,0,0,2
20.26086957,24.04347826,1009.086957,5.577391304,0,0,2
22.375,25.95833333,1008.333333,5.045416667,0,0,3
23.625,26.33333333,1005.125,2.100833333,0,0,3
16.66666667,23.66666667,1010.583333,14.70958333,0,0.291666667,1
17.16666667,23.16666667,1009.583333,11.37583333,0,0,1
19.125,23.25,1012.75,12.14125,0,0,2
17.33333333,23.75,1013.208333,4.841666667,0,0,2
16.875,22.625,1013.125,12.23625,0,0,2
17.08333333,23.33333333,1009.833333,13.55875,0,0,2
18.33333333,22.875,1005.958333,22.67583333,0,0.25,3
15.58333333,18.83333333,1012.333333,6.349583333,0,0.25,1
9.958333333,19.45833333,1020.083333,7.26375,0,0,0
12.875,14.70833333,1023.583333,10.95375,0,7.125,0
14.08333333,17.625,1019.125,6.409166667,0,0,1
14.91666667,16.70833333,1015.875,11.36125,0,0,2
17.83333333,20,1012.291667,20.88958333,0,0,2
18.08333333,20.79166667,1010.083333,3.77875,0,0,3
18.04166667,21.16666667,1009.833333,3.780833333,0,0.125,3
13.04166667,19.29166667,1014.375,10.43208333,0,0.291666667,0
3.833333333,17.04166667,1019.708333,5.977916667,0,0.625,0
2.541666667,14.91666667,1025.5,8.360416667,0,0,0
4.833333333,15.45833333,1023.333333,15.64791667,0,0,0
5.208333333,16.66666667,1019.291667,13.13375,0,0,1
5.916666667,17.66666667,1015,6.445416667,0,0,1
6.416666667,18.375,1014.75,12.96291667,0,0,1
10.41666667,18.5,1015.625,8.02625,0,0,2
12.375,19.33333333,1013.916667,5.6425,0,0,2
14.625,18.625,1016.25,3.77625,0,0,3
13.43478261,19.2173913,1017.73913,12.8826087,0,0,3
13.70833333,19.04166667,1016.5,10.82166667,0,0,3
16.125,18.29166667,1014.208333,2.117083333,0,0,3
2.375,18.29166667,1018.083333,56.75708333,0,0,1
-1.041666667,14.04166667,1024.541667,14.17208333,0,0,0
1.083333333,14.70833333,1025.125,8.777083333,0,0,1
-0.583333333,12.91666667,1030.541667,4.807916667,0,0,0
1.076923077,10.07692308,1029.692308,11.89846154,0,0,1
10.375,15.625,1017.875,16.475,0,0,2
11.91666667,15.625,1017.875,5.288333333,0,0,3
14.375,18.79166667,1018.416667,7.41375,0,0,3
7.5,17.375,1025,4.730416667,0,0,2
11.45833333,17.54166667,1023.458333,6.089583333,0,0,2
13.13043478,17,1017.304348,2.67826087,0,0,3
11.5,17.20833333,1011.458333,7.714166667,0,0.625,2
1.583333333,15.70833333,1011.041667,21.43875,0,0,0
2.916666667,15.41666667,1009.208333,86.62833333,0,0,0
1.125,16.91666667,1013.083333,21.785,0,0,0
1.333333333,12.08333333,1022.541667,3.667916667,0,0,0
7.166666667,12.125,1024.166667,2.957916667,0,0,2
9.791666667,12.45833333,1021.791667,6.946666667,0,0,3
11.66666667,13.25,1020.5,2.86625,0,0.041666667,3
10.75,13.25,1019.708333,2.265416667,0,0,3
11.375,13.54166667,1017.333333,3.27875,0,0,3
6.791666667,10.45833333,1021.25,10.97041667,0,1.875,3
-2.913043478,7.652173913,1028.347826,5.93,0,0,0
-4.176470588,7.294117647,1030.705882,5.679411765,0,0,0
2.647058824,7.058823529,1024.882353,1.524117647,0,0.058823529,2
5.5,11.66666667,1022.5,6.705,0,0,3
3.913043478,9.695652174,1024.26087,2.873043478,0,0,3
6.291666667,8.708333333,1021.583333,8.139583333,0,0,3
7.375,8.833333333,1021.291667,7.565,0,0,3
10.91666667,12.66666667,1022.75,3.4975,0,0,3
10.90909091,12.72727273,1023.272727,7.920454545,0,0.045454545,3
2.958333333,10.58333333,1027.916667,22.605,0,0,1
6.333333333,12.25,1026.416667,1.672083333,0,0.125,1
7.666666667,13.25,1022.958333,3.59375,0,0.166666667,2
4.5,11.41666667,1026.875,17.02291667,0,1.375,0
3.125,9.583333333,1027.666667,2.643333333,0,0,1
1.375,9,1027.666667,7.843333333,0,0,1
2.5,11.16666667,1026.791667,8.9225,0,0,1
-1.666666667,8.041666667,1025.375,7.727083333,0,0,1
-2.791666667,7.208333333,1019.291667,8.90375,0,0,1
0.708333333,6.291666667,1014.875,2.24875,0,0,0
-5.958333333,11.08333333,1017.958333,23.74458333,0,0,1
-11.70833333,5.375,1025.166667,21.00791667,0,0,0
-6.625,3.75,1025.458333,1.86,0,0,2
-0.083333333,4.041666667,1026.833333,2.53,0,0,3
3.909090909,6.909090909,1026.727273,3.453181818,0,0,3
5.916666667,6.916666667,1020.75,7.432916667,0,3.25,2
4.666666667,9.583333333,1015.416667,13.50833333,0,0.25,2
-8.166666667,4.333333333,1023.5,76.11916667,0,0.166666667,0
-9.333333333,0.625,1029.916667,24.665,0,0,1
-4,1.583333333,1028.958333,3.911666667,0,0,2
-5.916666667,4.125,1022.666667,32.76,0,0,3
-14.75,0.833333333,1032.041667,162.9691667,0,0,0
-7.75,-2.458333333,1027.791667,1.599166667,0,0,3
-5.75,-0.958333333,1028.208333,6.794166667,0,0,3
-4.041666667,1.5,1021.333333,12.18333333,0,0,3
-3.166666667,2.708333333,1020.791667,6.315416667,0,0,3
-2.333333333,4.875,1025.833333,13.09458333,0,0,2
-8.333333333,1.916666667,1033.291667,4.657083333,0,0,1
-10.91304348,0.565217391,1037.304348,5.653478261,0,0,2
-7.416666667,-1.833333333,1031.416667,2.69625,0,0,3
-2.041666667,-1.041666667,1023.416667,2.510833333,1.166666667,0,3
-7.041666667,-0.583333333,1025.75,5.272083333,0,0,2
-4.541666667,-2.208333333,1028.791667,4.040416667,0,0,3
-1.875,-1.333333333,1031.791667,2.379166667,0.375,0,3
-0.5,0.291666667,1031.166667,5.27125,0.875,0,3
-6.916666667,0.916666667,1033.416667,37.58958333,0.416666667,0,2
-17.45833333,-3.75,1039.708333,84.64708333,0,0,0
-16.66666667,-3.625,1036.916667,63.715,0,0,0
-14,0.125,1029,111.8295833,0,0,0
-9.583333333,2.125,1026.083333,17.76791667,0,0,2
-7.833333333,1.666666667,1029.625,10.87916667,0,0,1
-2.208333333,0.375,1024.583333,3.47875,0,0,3
-17.25,-1.791666667,1033.25,113.1125,0,0,0
-18.91666667,-4.375,1036.625,84.68291667,0,0,0
-21.58333333,-6.208333333,1038.458333,154.3016667,0,0,0
-17.16666667,-5.791666667,1033.541667,5.7025,0,0,2
-17.58333333,-3.041666667,1033.208333,10.76375,0,0,1
-18.41666667,-2.333333333,1031.041667,4.69,0,0,1
-15.08333333,-2.75,1028.75,10.0975,0,0,2
-17.95652174,-2.130434783,1029.782609,37.87521739,0,0,0
-17.66666667,-2.125,1031.958333,31.68,0,0,0
-15.20833333,-2.458333333,1026.333333,12.01333333,0,0,1
-15.875,-1.916666667,1027.458333,14.00666667,0,0,1
-14.125,-3.583333333,1032.041667,2.73875,0,0,2
-12.20833333,-4.916666667,1036.083333,2.847083333,0,0,2
-10.29166667,-4.166666667,1030.916667,6.01875,0,0,3
-9.666666667,-2.625,1031.5,14.3775,0,0,3
-10.58333333,-4.708333333,1037.958333,22.58125,0.25,0,1
-8.75,-4.083333333,1033.541667,5.585833333,0,0,2
-11.79166667,-3.666666667,1029,11.08333333,0,0,3
-14.95833333,-3.375,1033,14.15333333,0,0,2
-13.25,-2.708333333,1028.875,33.84583333,0,0,1
-19.45833333,-3.916666667,1032.375,220.1466667,0,0,0
-19.54166667,-4.458333333,1034.208333,88.25166667,0,0,0
-17.45833333,-6.125,1029.208333,5.215416667,0,0,2
-13.54166667,-5.375,1037.083333,13.00666667,0,0,2
-7.166666667,-4.5,1037.875,22.90458333,7.125,0,2
-7.833333333,-4.125,1032.708333,3.798333333,0,0,3
-11.625,-5.291666667,1031.541667,4.765,0,0,3
-13.25,-3.625,1033.291667,26.135,0,0,3
-16.79166667,-5.458333333,1036.875,11.36083333,0,0,1
-14.79166667,-5.166666667,1026.25,4.990416667,0,0,3
-13.875,-2.375,1027.375,19.96833333,0,0,1
-14.2,-7,1026.4,4.115,0,0,2
-6.416666667,-1.916666667,1022.75,1.634166667,0,0,3
-6.416666667,-2.833333333,1025.583333,6.179166667,0,0,3
-6.666666667,-2.416666667,1028.75,3.623333333,0,0,3
-18.875,-3.458333333,1035.041667,59.28833333,0,0,1
-25.70833333,-8.291666667,1037.25,71.3875,0,0,0
-24.83333333,-9.291666667,1034.791667,8.084166667,0,0,1
-23.08333333,-8.291666667,1028.708333,22.50166667,0,0,3
-22.45833333,-5.833333333,1027.625,26.9475,0,0,0
-20.54166667,-6.25,1022.916667,6.384583333,0,0,1
-17.91666667,-5.541666667,1020.791667,3.370416667,0,0,2
-17.625,-3.875,1026.625,8.324583333,0,0,1
-10.45833333,-5.375,1030.333333,2.657083333,0.125,0,2
-18.83333333,-4.916666667,1033.833333,6.070416667,0,0,1
-10.45833333,-6.416666667,1030.666667,7.913333333,2.291666667,0,2
-18.33333333,-4.833333333,1024.916667,31.99875,0,0,2
-25.625,-8.625,1035.791667,14.695,0,0,0
-24.375,-7.375,1036.75,24.61583333,0,0,0
-23.16666667,-6.041666667,1025.041667,13.68916667,0,0,1
-22.54166667,-3.583333333,1026,9.573333333,0,0,0
-13.58333333,-1.875,1019,3.612083333,0,0,2
-21.375,-4.541666667,1026.5,98.73291667,0,0,2
-25.375,-7.208333333,1031.375,127.8966667,0,0,0
-22.91666667,-4.541666667,1026.583333,54.68125,0,0,0
-19.66666667,-4,1025.875,7.357916667,0,0,1
-20.91666667,-1,1028.958333,25.07583333,0,0,0
-19,-2.333333333,1027.291667,12.34916667,0,0,2
-9.25,-3.25,1027.041667,4.429166667,0,0,2
-9.5,-2.041666667,1022.916667,3.8725,0,0,3
-17.33333333,-1.375,1026.75,6.721666667,0,0,2
-10.83333333,-3.25,1028.75,5.307916667,0,0,2
-20.41666667,-2.083333333,1029.833333,72.73833333,0,0,0
-21.83333333,-4,1032.541667,229.6025,0,0,0
-21.33333333,-2.875,1031.083333,40.34375,0,0,0
-19.95833333,-1.75,1024.083333,4.655416667,0,0,1
-16.5,-1.083333333,1020.583333,6.705833333,0,0,2
-10.83333333,-0.958333333,1020.083333,3.930416667,0,0,2
-5.583333333,0.708333333,1015.583333,4.487083333,0,0,3
-16.25,0.041666667,1026,15.40541667,0,0,0
-11.04166667,-0.416666667,1024.083333,12.20041667,0,0,2
-18.79166667,-0.708333333,1030.791667,37.36125,0,0,0
-17,-0.166666667,1028.791667,6.093333333,0,0,1
-9.333333333,-0.333333333,1024.541667,10.09291667,0,0,3
-8.375,0.833333333,1020.458333,13.68833333,0,0,3
-6.666666667,-0.611111111,1020.444444,7.398333333,0,0,3
-3.083333333,0.833333333,1023.458333,3.48125,0,0.75,3
-0.666666667,0.666666667,1027.208333,15.21958333,3.25,0.75,2
-5.863636364,0.227272727,1028.454545,29.565,0,0,2
-7.916666667,0.5,1022.041667,6.663333333,0,0,2
-6.333333333,-0.458333333,1013.625,4.005833333,0,0,3
-14.83333333,4.75,1015.875,95.03833333,0,0,0
-14.69565217,4.608695652,1021.869565,44.97652174,0,0,0
-19.875,-0.5,1029.833333,21.29041667,0,0,0
-11.125,-0.041666667,1026.541667,14.47125,0,0,2
-16.20833333,0.666666667,1026.416667,65.63666667,0,0,1
-21.91666667,0.125,1032.791667,172.1541667,0,0,0
-16.83333333,1.208333333,1026.625,7.488333333,0,0,1
-12.5,4.833333333,1019.541667,9.572083333,0,0,2
-15.7826087,6.434782609,1024.913043,19.53130435,0,0,0
-7.25,3.791666667,1023.916667,11.86458333,0,0.083333333,2
3.333333333,6,1013.083333,7.173333333,0,0.375,3
2.958333333,3.25,1013.541667,20.74958333,0.041666667,0.666666667,3
-4.416666667,1.625,1026.291667,14.53,0.75,0,1
-2.541666667,3.125,1025.583333,5.473333333,0,0,2
-2.458333333,4.75,1023.958333,12.905,0,0,2
1.125,5.708333333,1019.958333,14.37625,0,0,3
-1.166666667,8.083333333,1021.333333,12.28875,0,0,3
-6.041666667,7.166666667,1015.208333,49.73083333,0,0.25,0
-12.25,9.375,1018.791667,62.05875,0,0,0
-9.958333333,8.375,1023,9.385833333,0,0,1
-3.791666667,9.208333333,1018.708333,3.575416667,0,0,3
-5.708333333,13.79166667,1020.083333,18.55375,0,0,2
-5.625,14.29166667,1023.458333,25.985,0,0,1
-6,15.29166667,1013.791667,38.98208333,0,0.166666667,1
-13.66666667,10.16666667,1021.375,210.7220833,0,0,0
-13.875,8.833333333,1019.083333,17.11541667,0,0,0
-7.166666667,7.375,1017.041667,34.41916667,0,0,1
-6.458333333,8.375,1015.416667,7.13375,0,0,1
-14.125,12.625,1015.458333,25.165,0,0,0
-14.33333333,15.20833333,1011.25,45.22375,0,0,0
-13.25,13.66666667,1015.708333,94.93416667,0,0,0
-6.416666667,13.45833333,1017.333333,7.91625,0,0,0
-5.25,10.875,1015.875,6.965,0,0,1
-11.5,17.79166667,1014.375,40.4775,0,0,1
0.916666667,18.20833333,1012.375,28.02208333,0,0,2
8.333333333,17.91666667,1009,33.3825,0,0.125,1
-8,14.79166667,1014.875,31.16208333,0,0,0
-7.583333333,18.66666667,1008.208333,18.84875,0,0,0
0.041666667,18.66666667,1007.083333,23.99291667,0,0,1
-0.125,21.375,1005.208333,33.32041667,0,0,1
3.75,19.04166667,1008.083333,27.36166667,0,0,1
-4.125,15.91666667,1016.958333,15.88791667,0,0,0
4.791666667,18.25,1008.708333,43.0025,0,0,2
12.125,18.125,1007.875,63.38708333,0,0.375,3
10,14,1011.875,7.190416667,0,0.208333333,2
11.66666667,13.375,1016.25,14.63375,0,0.666666667,2
10.66666667,13.41666667,1011.041667,7.542083333,0,0.25,3
11.16666667,16.625,1003.5,7.73125,0,0,3
13.875,18.95833333,1002.75,6.594583333,0,0,3
13.70833333,15.58333333,1005.416667,25.16166667,0,3.791666667,2
-3.083333333,14.45833333,1007.75,113.5475,0,0,0
3.916666667,13.66666667,1002.125,3.500416667,0,0,1
-2.260869565,18.04347826,1000.304348,59.89434783,0,0,2
-7.916666667,15.08333333,1011.958333,15.43833333,0,0,2
0.875,15,1012.041667,15.01416667,0,0,3
11.66666667,15.45833333,1009.708333,6.35125,0,0,3
12.125,18.54166667,1011.791667,19.1125,0,0,3
9.5,21.875,1007.791667,5.175416667,0,0,2
8.041666667,23.66666667,1007.625,6.760416667,0,0,1
11.39130435,23.73913043,1006.565217,8.764347826,0,0,2
3.833333333,23.5,1009.125,10.22458333,0,0,2
8.708333333,22.375,1004.208333,19.35041667,0,0,2
5.75,21.25,1004.25,4.525416667,0,0,2
6.166666667,22.54166667,1007.583333,7.28625,0,0,2
7.291666667,21.20833333,1012.666667,15.7225,0,0,2
12.58333333,22.875,1010.833333,9.650833333,0,0,3
14.20833333,19.5,1011.333333,8.084166667,0,1.458333333,3
12.54166667,18.33333333,1010.208333,10.29708333,0,3.208333333,2
13.125,18.04166667,1007.375,64.85416667,0,0.125,2
-0.083333333,19.125,1007.75,22.2475,0,0,1
-2.041666667,20.25,1004.958333,43.42208333,0,0,0
-0.875,22.58333333,1002.5,83.505,0,0,0
6.5,22.04166667,1005.5,41.325,0,0,1
11.41666667,22.79166667,1006.583333,5.998333333,0,0,2
16.95,25,1007.5,12.1005,0,0,3
16.33333333,24.16666667,1013.083333,11.21416667,0,0,2
14.0625,23.75,1009.5,24.94375,0,0,2
1.333333333,23,1010.916667,11.06333333,0,0,0
2.272727273,21.36363636,1010.5,3.758636364,0,0,0
5.916666667,21.70833333,1009.375,7.18625,0,0,1
9.208333333,24,1004.833333,19.43166667,0,0,2
12.79166667,24.25,1006.583333,28.81583333,0,0,2
13.13636364,25.77272727,1011.363636,10.60818182,0,0,2
13.20833333,22.79166667,1011,21.4975,0,0.416666667,1
6.25,20.91666667,1015.708333,9.18,0,0,0
9.75,19.54166667,1016.958333,6.350833333,0,0.125,1
14.04166667,18.83333333,1012.75,6.611666667,0,0.25,2
14.66666667,22.04166667,1009.75,22.61625,0,0,2
18.54166667,21.25,1005.541667,14.83041667,0,0.541666667,3
15.83333333,24.20833333,1004.166667,13.55708333,0,0,2
12.375,27,1003.75,11.54708333,0,0,1
15.45833333,24.95833333,1001.166667,12.89,0,0,2
15.125,25.95833333,999.5833333,6.889166667,0,0,1
15.29166667,26.79166667,999.75,15.34541667,0,0.125,1
18.58333333,24.5,998.1666667,16.7625,0,0.166666667,2
6.458333333,23.5,1000.458333,7.9525,0,0.125,0
6.291666667,24.83333333,996.9583333,6.182083333,0,0,0
9.166666667,24.29166667,996.5416667,6.352916667,0,0,0
13.54166667,22.29166667,999.875,7.54375,0,0.208333333,1
13.125,21.875,1004,10.1325,0,0,0
12.22222222,23.27777778,1006.555556,6.162222222,0,0,0
12.58333333,25.75,1004.458333,14.17625,0,0.083333333,0
13.875,28.58333333,1001.833333,8.62375,0,0,0
16.375,27.75,1001.916667,8.9025,0,0,3
18.69565217,25.39130435,1000.826087,18.93217391,0,0.434782609,3
18.7826087,25.95652174,1002.304348,13.21478261,0,0,3
19.17391304,25.86956522,1003.73913,8.005652174,0,0.130434783,3
19.95652174,23.91304348,1003.869565,21.33782609,0,0.130434783,2
20.75,24.08333333,1002.25,5.625833333,0,0.125,3
21.47826087,23.26086957,1002.26087,11.81652174,0,0.956521739,3
20.79166667,23.45833333,1005.75,14.6575,0,1.25,2
20.75,24.33333333,1009.791667,16.59708333,0,0.041666667,2
18.83333333,24.45833333,1012.041667,11.15833333,0,0,1
20,21.70833333,1009.666667,11.235,0,2.291666667,2
20.69565217,22.2173913,1004.478261,3.733478261,0,3.086956522,2
19.625,27.45833333,1002.958333,7.225833333,0,0,1
23.22727273,28.31818182,999.1363636,15.30454545,0,0,2
14.95652174,29.47826087,998.2608696,6.977391304,0,0,1
16.73913043,29.17391304,996.2608696,7.60173913,0,0,0
18.13043478,27.65217391,1000.608696,14.98652174,0,0,2
20.83333333,24.45833333,1002.958333,10.61833333,0,0.333333333,2
21.75,23.66666667,1002.5,2.885416667,0,0.166666667,2
23.5,26.875,1001.458333,15.92416667,0,0.25,3
23.45833333,26.875,1001.875,7.504583333,0,0.041666667,2
23.66666667,25.375,1002.041667,13.96958333,0,1.958333333,2
23.45833333,26.70833333,996.625,10.37458333,0,0.208333333,1
22.08333333,25.08333333,994.4583333,3.036666667,0,0,1
20.86363636,26.5,997.7272727,3.251818182,0,0.045454545,0
19.91666667,26.5,1003.25,4.188333333,0,0,0
18.08333333,26.20833333,1003.75,5.644166667,0,0,0
17.54166667,27.375,1004.875,5.420833333,0,0,1
18.45833333,28.33333333,1007.5,13.61583333,0,0,2
20.69565217,27.43478261,1009.217391,33.21826087,0,0,2
21.43478261,26.69565217,1007.956522,46.84826087,0,0,2
22.91666667,27.08333333,1005.583333,15.11833333,0,0,2
24.25,28.625,1004.25,14.62666667,0,0,3
24.375,25.70833333,1002.125,30.78333333,0,4.791666667,3
20.125,27.66666667,998.625,18.21625,0,3.5,0
20.20833333,27.125,1004.833333,8.71875,0,0,0
21.79166667,26.70833333,1008.125,6.4975,0,0,1
24.04166667,26.25,1007.291667,13.79,0,0.333333333,2
24.20833333,25.33333333,1004,16.01708333,0,0.083333333,1
24.69565217,26.30434783,1005.521739,2.641304348,0,0.130434783,2
25.25,27.0625,1002.5625,19.06,0,0.25,2
22.90909091,25.63636364,1005.272727,3.291818182,0,2,1
20.2173913,20.69565217,1006.608696,6.316956522,0,10.13043478,0
20.08333333,21,1007.208333,13.48625,0,7.125,0
20.625,25.25,1007.5,5.309583333,0,0,0
23.2173913,26.34782609,1007.565217,10.84782609,0,0,1
22.125,27.79166667,1007.375,12.44416667,0,0,0
23.04166667,27.625,1010.791667,8.942916667,0,0,1
23.83333333,28.29166667,1008.916667,11.08333333,0,0,1
24.29166667,28.04166667,1006.666667,8.005,0,0,1
24.75,28,1005,3.91,0,0.125,2
21.375,27.54166667,1006.583333,6.459583333,0,0,1
21.79166667,27.33333333,1006.458333,8.159166667,0,0,2
21.82352941,25.29411765,1005.823529,2.444705882,0,0.352941176,2
15.46153846,26.07692308,1008.692308,5.916923077,0,0,0
16.69565217,21.60869565,1006.73913,20.09608696,0,0.043478261,1
17.95833333,24.20833333,1006.625,6.405416667,0,0,1
19.81818182,25.13636364,1010.454545,12.53181818,0,0,2
21.2173913,25.04347826,1007.913043,32.48086957,0,0,2
22.54545455,24,1006.818182,60.51272727,0,0.909090909,3
10.90909091,24.54545455,1013.181818,7.154545455,0,0,0
8.791666667,21.625,1015.916667,7.485833333,0,0,0
14.83333333,22.125,1014.5,8.754166667,0,0,2
14.91666667,23.04166667,1013.458333,8.355,0,0,2
16.5,23.33333333,1011.916667,10.70666667,0,0,2
18.58333333,24.5,1010.416667,15.92375,0,0,3
21.75,25.25,1009.25,9.87625,0,0.25,1
21.25,27.08333333,1002.75,3.687916667,0,0,2
20.875,28.29166667,1004.75,6.407916667,0,0,2
22.54166667,27.66666667,1008.875,5.341666667,0,0,3
23.08333333,27.75,1010.333333,11.46791667,0,0,3
22.875,25.25,1009.958333,4.342083333,0,0.791666667,3
18.33333333,20.95833333,1008.291667,19.03583333,0,4.25,0
9.166666667,21.08333333,1012.875,32.13916667,0,0,0
8.208333333,19.83333333,1015.25,17.05916667,0,0,0
11.625,20,1017.125,13.14708333,0,0,0
14.66666667,18.45833333,1017.041667,5.530416667,0,0.625,2
17.70833333,20.75,1015.25,6.109166667,0,1.25,2
17.375,22.33333333,1014.791667,5.7175,0,0,1
18.45833333,22.25,1014.5,5.418333333,0,0,2
19.08333333,22.75,1014,4.09625,0,0,2
18.45833333,21.66666667,1010.375,11.2875,0,0.333333333,2
9.458333333,20,1010.75,24.54958333,0,0,0
8.625,18.20833333,1013,3.426666667,0,0,0
8.217391304,18.13043478,1016.695652,10.00913043,0,0,0
9.583333333,18.83333333,1019.875,9.423333333,0,0,0
10.73913043,19.30434783,1020.391304,4.409130435,0,0,1
9.75,20.16666667,1013.583333,9.1625,0,0,1
8.083333333,21.45833333,1009.375,10.03875,0,0,0
10.04166667,20.33333333,1009,4.153333333,0,0,1
14.75,20.16666667,1012.791667,3.610416667,0,0,2
15,21.625,1011.708333,11.67625,0,0,3
15.83333333,21.45833333,1011.166667,3.110416667,0,0,2
15.04166667,21,1013.291667,3.648333333,0,0,2
15.08333333,20.5,1017.5,3.54,0,0,1
15.91666667,18.83333333,1017.875,13.69,0,1.208333333,1
12,19.2173913,1019.26087,6.006086957,0,0,0
10.33333333,15.42857143,1016.761905,9.727142857,0,0.142857143,1
-4.041666667,19,1018.166667,152.3679167,0,0,0
2.083333333,17,1018,26.07541667,0,0,0
5.125,16.83333333,1017.375,6.110833333,0,0,0
8.125,16.54166667,1016,4.7875,0,0,1
11.70833333,16.5,1014.041667,3.182916667,0,0,2
6.913043478,18,1012.434783,10.7673913,0,0,1
4.333333333,18,1014.916667,7.0575,0,0,0
8,17,1017.75,6.052916667,0,0,1
7.416666667,17.125,1024.041667,7.022083333,0,0,2
11.08333333,16.125,1022.791667,2.99625,0,0,2
12.625,16.41666667,1018.541667,3.8725,0,0,3
6.5,18.25,1014.708333,48.21833333,0,0.25,2
-0.875,15.54166667,1020.125,33.65833333,0,0,0
4.833333333,12.66666667,1015.916667,8.863333333,0,0,2
6,11,1014,11.125,0,0,3
6.041666667,11,1014.125,32.485,0,0,1
7,14,1020,53.845,0,0,1
7,13.95833333,1020,75.205,0,0,2
3.260869565,12.47826087,1018.608696,42.55347826,0,2.086956522,1
-5.333333333,10.5,1019.583333,16.98166667,0,0,0
0.791666667,10.70833333,1017.5,3.462916667,0,0,1
5.125,10.29166667,1017,2.08375,0,0,3
6.173913043,12.34782609,1017.782609,7.214347826,0,0,3
7,10.83333333,1020.875,5.904166667,0,2.291666667,1
2.125,11.75,1017.916667,22.78291667,0,0,0
3.458333333,10.20833333,1015.333333,2.732916667,0,0,1
3.333333333,13.5,1011.708333,6.16375,0,0,2
7.625,12.16666667,1016.666667,3.165833333,0,0,3
11.79166667,13,1018.458333,3.405416667,0,0.083333333,3
3.375,15.25,1016.958333,24.80958333,0,0,3
-1.75,10.91666667,1025.958333,26.92708333,0,0,0
0.916666667,10.70833333,1024.333333,6.535416667,0,0,1
-8,7.913043478,1023.391304,22.15434783,0,0,0
-7.208333333,7.708333333,1020.416667,8.13375,0,0,0
-1.625,7.375,1019.166667,4.39625,0,0,2
4.208333333,7.916666667,1019.916667,3.650833333,0,0,3
6.5,7.875,1017.166667,14.86333333,0,3.458333333,2
1.041666667,3.5,1011.666667,168.0245833,0,17.58333333,0
-3.291666667,7.083333333,1019.875,365.43875,0,0,0
-1.208333333,6.166666667,1021.458333,40.47458333,0,0,2
-3.791666667,7.75,1019.041667,35.41583333,0,0,1
-2.5,6.458333333,1019.958333,48.78916667,0,0,1
2.541666667,7.458333333,1024.25,2.416666667,0,0,2
2.791666667,5.875,1021.666667,11.43416667,0,2.75,2
-11.25,4.041666667,1014.916667,172.62375,0,0,0
-12.625,5.208333333,1017.666667,136.15625,0,0,0
-16.91666667,3.333333333,1018.416667,187.7283333,0,0,0
-12.5,1.541666667,1024.875,55.03583333,0,0,0
-5.041666667,1.416666667,1027.291667,2.04625,0.041666667,0.25,2
-1.625,3.625,1021.791667,13.46041667,0.125,0,2
-4.333333333,3.375,1019.958333,11.75166667,0,0,1
-4.375,4.125,1018.958333,12.10291667,0,0,2
-10.75,5,1024.55,29.479,0,0,0
-3.5,3.5,1021.875,2.0075,0,0,2
-2.5,2.375,1019.166667,1.875,0,0,3
-6.25,3.375,1023.75,20.76958333,0,0,3
-14.04166667,0.958333333,1026.708333,13.6525,0,0,1
-7.25,-0.416666667,1020.791667,3.182916667,0,0,0
-9.75,2.125,1020.125,17.21083333,0,0,3
-15.5,2.636363636,1021.272727,37.97,0,0,0
-8.333333333,0.125,1012.5,4.260416667,0,0,3
-16.45833333,2,1020.875,98.07166667,0,0,0
-12.375,-1.833333333,1023.958333,1.9925,0,0,1
-19.41666667,-3.333333333,1031.166667,30.15541667,0,0,1
-12.25,-5,1030.291667,13.5975,0,0,2
-5.958333333,-4.791666667,1020.333333,2.680833333,0.125,0,3
-14.29166667,-1.791666667,1021.166667,43.21291667,0,0,1
-12.79166667,-3.666666667,1021.541667,2.30625,0,0,2
-19.83333333,-4.333333333,1024.083333,53.43625,0,0,0
-16.33333333,-6.958333333,1022.166667,2.755,0,0,1
-18.625,-4.875,1023.791667,22.235,0,0,1
-26.20833333,-7.333333333,1028,166.5529167,0,0,0
-22.47826087,-4.695652174,1027.130435,234.7608696,0,0,0
-13.75,-4.375,1029.333333,4.992083333,0,0,1
-10.875,-5.291666667,1032.5,5.346666667,0,0,2
-4.875,-3.458333333,1029.125,19.80458333,1.5,0,3
-4.333333333,-1.833333333,1026.958333,19.51458333,0.25,0,3
-1.125,-0.5,1023.875,64.74375,7.666666667,0,3
-0.208333333,1.166666667,1023.791667,2.530416667,0,0,3
-2.916666667,-1.375,1027.875,14.29958333,1.5,0.291666667,2
-13,-3.083333333,1034.333333,68.71416667,0,0,0
-16.66666667,-6.041666667,1035.875,30.37916667,0,0,1
-10.54166667,-6.333333333,1029.208333,3.4575,0,0,3
-8,-5.47826087,1029.869565,7.153043478,0.652173913,0,3
-10.69565217,-3.52173913,1029.26087,22.34826087,0.260869565,0,2
-18.91666667,-6.25,1035.791667,29.89291667,0,0,0
-25.33333333,-10.83333333,1039.333333,127.625,0,0,0
-8.909090909,-5.090909091,1026.454545,45.72,1.363636364,0,3
-17.16666667,-4.583333333,1030.375,58.18125,0,0,1
-19.375,-4.916666667,1025.5,57.66416667,0,0,0
-15.91666667,-7.916666667,1018.875,4.785833333,0,0,2
-20.54166667,-7.208333333,1023.666667,46.64666667,0,0,0
-27.45833333,-10.5,1039.458333,233.05625,0,0,0
-24.58333333,-9.875,1043.458333,96.39458333,0,0,0
-21.08333333,-10.66666667,1032.791667,12.84166667,0,0,2
-21.08333333,-7.583333333,1028.708333,8.88625,0,0,1
-17.58333333,-6.708333333,1027.666667,10.83833333,0,0,2
-15.79166667,-7.125,1025.25,6.335833333,0,0,2
-17.58333333,-6.958333333,1031,30.89833333,0,0,2
-19.45833333,-6.958333333,1030.625,5.381666667,0,0,1
-13.08333333,-8.291666667,1027.708333,6.873333333,0,0,3
-7.791666667,-3.875,1024.083333,3.722916667,0.041666667,0,3
-10,-7.260869565,1023.130435,3.323043478,0,0,3
-6.565217391,-3.739130435,1024.608696,5.28826087,0,0,3
-7.5,-4.625,1027.333333,10.65416667,0.083333333,0,3
-7.52173913,-5.130434783,1026.347826,33.56478261,0.652173913,0,2
-13.91304348,-4,1033.130435,8.766956522,0,0,2
-15.625,-3.666666667,1037.125,8.661666667,0,0,1
-12.25,-5.583333333,1027.375,2.84875,0,0,3
-10.25,-2.416666667,1029.458333,3.985,0,0,3
-5.833333333,-2.416666667,1030.833333,2.68,1.5,0,2
-5.833333333,-2,1028.916667,6.462916667,0,0,0
-7.75,-6.208333333,1028.916667,6.61,1.166666667,0,3
-6.458333333,-5.083333333,1019.375,3.575833333,0.458333333,0,3
-16.20833333,-0.708333333,1022.875,31.3625,0,0,0
-15.91666667,-7,1023.916667,3.500416667,0,0,1
-10.95833333,-5.708333333,1027.416667,3.6475,0,0,3
-6.791666667,-5,1027.75,2.30875,0.041666667,0,3
-5.041666667,-1.833333333,1021.5,4.153333333,0,0,3
-5.086956522,-4.347826087,1025.347826,7.350869565,2.391304348,0,3
-4.541666667,-2.958333333,1026.041667,9.46625,0,0,3
-2.208333333,-1.291666667,1023.958333,3.7975,0.5,0.625,3
-11.16666667,-1.458333333,1028.375,9.75875,0,0,1
-14.375,-3.041666667,1031.708333,11.25166667,0,0,1
-4.416666667,-2.833333333,1021,4.322916667,2.75,0,3
-11.75,-3.166666667,1028.291667,12.7775,0,0,1
-5.583333333,-3.458333333,1024.125,16.89625,0.25,0,2
-15.41666667,-5.208333333,1026.25,31.43666667,0,0,2
-24.83333333,-9.583333333,1038.375,21.88333333,0,0,0
-19.75,-7.833333333,1035.791667,8.775416667,0,0,1
-13.79166667,-4.833333333,1025.75,3.35375,0,0,3
-18.91666667,-3.25,1030.666667,17.29125,0,0,1
-13.83333333,-4.791666667,1032.666667,5.010833333,0,0,1
-11.625,-1.333333333,1025.916667,10.76291667,0.041666667,0,2
-6.458333333,-2.291666667,1021.833333,7.916666667,0,0,3
-16.82608696,0.347826087,1026.26087,24.0573913,0,0,2
-15.25,-2.125,1028.083333,21.11625,0,0,1
-8.041666667,-1.625,1022.291667,10.18833333,0,0,2
-11.58333333,1,1020.416667,11.43416667,0,0,2
-16.79166667,-0.291666667,1027.25,9.368333333,0,0,0
-19.875,-3.125,1029.583333,18.19958333,0,0,0
-14.16666667,-2.041666667,1027.375,9.4825,0,0,2
-6.208333333,-2.041666667,1028.1875,5.665416667,0,0,3
-16.66666667,0.75,1029.5,16.83416667,0,0,2
-13.75,0.583333333,1027.583333,3.017916667,0,0,2
-7.458333333,0.541666667,1026.083333,1.896666667,0,0,3
-3.708333333,-0.416666667,1027.208333,7.340416667,0.666666667,0,3
-4.833333333,1.375,1020.166667,25.2625,0,0,3
-8.708333333,5,1016.833333,6.929583333,0,0,3
-9.625,4.125,1014.541667,41.14333333,0,0,3
-23.20833333,0.75,1032.416667,70.32833333,0,0,0
-16.91666667,-0.041666667,1032.875,5.85125,0,0,1
-13.29166667,3.958333333,1020.541667,5.732916667,0,0,2
-15,8.565217391,1023.043478,11.67956522,0,0,0
-8.458333333,5.75,1016.708333,5.07875,0,0,3
-5.260869565,6.130434783,1013.043478,14.14173913,0,0,3
-2.541666667,7.416666667,1008.125,2.047916667,0,0,3
-2.083333333,8.583333333,1005.166667,21.14291667,0,0,3
-12.45833333,6.75,1009.041667,50.99458333,0,0,1
-15.70833333,4.791666667,1026.375,23.95416667,0,0,1
-7.25,5.666666667,1019.958333,21.78,0,0,2
1.208333333,4.791666667,1014.166667,6.462083333,0,1.916666667,2
-12.41666667,3.5,1028.25,9.014583333,0,0,0
-4.347826087,3.043478261,1027.608696,15.3173913,0,0,2
-1.375,4.791666667,1020.375,1.841666667,0,0,3
-0.130434783,8.652173913,1022.347826,12.84652174,0,0,3
2.083333333,8.416666667,1008.208333,3.333333333,0,0,3
-11.54166667,7.875,1006.583333,29.33375,0,0,1
-1.291666667,1.916666667,1014.125,11.30375,0.458333333,0.333333333,1
-4.083333333,1.166666667,1023.125,12.03041667,1.875,0,1
-2.541666667,3.791666667,1011,15.73791667,0,0,3
-6.958333333,5.916666667,1017.208333,21.60333333,0,0,1
-6.875,4.125,1014.208333,52.1475,0,0,1
-15.25,4.416666667,1021.958333,9.90875,0,0,0
-7.130434783,4.739130435,1021.173913,9.114782609,0,0,2
-2.25,7.125,1013.5,14.14083333,0,0,3
-4.708333333,10.79166667,1010.25,17.93833333,0,0,2
-14.875,8.041666667,1020.875,9.815833333,0,0,0
-6.208333333,5.416666667,1021.833333,6.35,0,0,2
-4.125,5.541666667,1022.375,21.105,0,0,2
2.125,5.125,1019.166667,52.91,0,0,3
-3.625,10.29166667,1016.666667,9.145,0,0,2
-4.826086957,9.782608696,1017.217391,13.58434783,0,0,2
-1.583333333,10.91666667,1012.041667,24.56416667,0,0,2
-1.083333333,8.333333333,1014.5,34.14208333,0,1.5,2
-0.875,8.541666667,1018,51.98916667,0,2.875,1
-9.416666667,7.75,1016.875,9.146666667,0,0,0
-2.333333333,8.791666667,1007.916667,56.60583333,0,0,2
-13.54166667,9.5,1012.083333,98.92541667,0,0,0
-11.95833333,8.833333333,1019.375,180.33875,0,0,0
-12.125,8.75,1019.291667,134.9058333,0,0,0
-13.43478261,10.47826087,1018.086957,204.4243478,0,0,0
-6.166666667,13.625,1012.625,4.767083333,0,0,1
-1.458333333,16.29166667,1004.083333,23.03833333,0,0,1
-10.41666667,11.79166667,1010.25,17.09625,0,0,0
-0.739130435,12.2173913,1003.391304,20.81478261,0,0,1
-0.909090909,13.45454545,1006.227273,13.18772727,0,0,1
-2.666666667,11.33333333,1011.375,28.51541667,0,0,1
-15.33333333,10.5,1022.375,11.60166667,0,0,0
-2.125,7.041666667,1024.166667,22.90833333,0,0,1
-0.625,9.166666667,1020.875,18.51208333,0,0,2
2.291666667,11.66666667,1018.208333,20.18916667,0,0,2
5.708333333,12.125,1014.166667,21.49333333,0,0,3
7.333333333,11.79166667,1011.166667,9.48,0,0.041666667,3
0.291666667,15.125,1010.375,17.04083333,0,0,2
-9.166666667,16.83333333,1012.708333,86.43,0,0,0
-1.5,16.45833333,1009.958333,13.07208333,0,0,1
1.208333333,17.70833333,1010.291667,22.08541667,0,0,1
3.041666667,15.875,1010,12.42,0,0,0
-9.25,21.20833333,1011.625,35.07708333,0,0,0
-9.791666667,20.70833333,1013.583333,11.56791667,0,0,0
-0.791666667,17.16666667,1015.041667,10.27958333,0,0,1
3.625,18.33333333,1012,30.285,0,0,2
6.916666667,17.25,1016.333333,9.849583333,0,0.25,1
5.708333333,18.875,1016.291667,31.30458333,0,0,2
11.04166667,20.41666667,1015.916667,15.4525,0,0,3
12.83333333,22.66666667,1014.041667,7.222083333,0,0,3
13.16666667,22.79166667,1014.708333,13.33458333,0,0,3
11.04166667,20.625,1013.666667,25.66708333,0,0.083333333,2
11.625,17.54166667,1009.708333,19.13375,0,0,1
2.666666667,21.375,1001.333333,7.9875,0,0,1
-1.208333333,22.83333333,995.0416667,17.9525,0,0,1
-4.833333333,21.875,999.5416667,7.542916667,0,0,1
6.166666667,20.33333333,1001.958333,6.872916667,0,0,2
1.25,24.5,1007.375,20.06083333,0,0,1
6.416666667,21.75,1015.583333,11.21333333,0,0,1
9.25,20.75,1016.583333,17.7675,0,0,1
11.625,19.25,1012.875,9.136875,0,0,2
13.625,21.9375,1005.125,40.00875,0,0,2
2.25,20.29166667,1000.375,33.62,0,0,1
-2.75,21.58333333,1000.5,33.13666667,0,0,1
9.25,22.875,998.7916667,24.62458333,0,0,2
7.291666667,22.91666667,1009.875,19.44041667,0,0,1
10.16666667,22.41666667,1009.916667,7.375,0,0,2
14.16666667,23.25,1011.333333,6.722083333,0,0,2
12.79166667,24.08333333,1010.333333,10.91125,0,0,1
16.875,20.79166667,1008.416667,14.26416667,0,0.416666667,2
15.54166667,19.75,1007.5,4.545,0,0.166666667,1
15.82608696,20.52173913,1004.956522,12.10956522,0,0.391304348,2
-1.041666667,25.45833333,1008.541667,63.88333333,0,0,0
5.458333333,25.91666667,1005.791667,22.92708333,0,0,1
13.125,25.20833333,1002.333333,38.48125,0,0,2
7.458333333,25.04166667,1005.916667,4.488333333,0,0,0
15.58333333,22,1004.791667,19.37333333,0,0,3
12.125,25.91666667,1004.458333,3.8175,0,0,2
15.95833333,20.95833333,1011.333333,14.02875,0,0.166666667,2
17.41666667,18.79166667,1011.875,5.999583333,0,1.791666667,2
18.08333333,19.25,1010.208333,4.917083333,0,2.291666667,3
18.83333333,20.58333333,1008.125,3.539166667,0,0.625,2
18.79166667,20.45833333,1007.416667,2.810833333,0,0.208333333,3
16.91666667,18.625,1010,23.99,0,3.916666667,1
14.66666667,20.375,1012.333333,6.05,0,0.166666667,0
15,21.08333333,1008.041667,7.766666667,0,0.083333333,1
14,21.16666667,1007.625,13.3525,0,0,1
15.20833333,23.95833333,1007.875,11.11958333,0,0,2
12.95833333,25.83333333,1007.833333,51.7475,0,0,2
15.08333333,25.25,1006.75,10.30458333,0,0,2
18.54166667,22.625,1003.375,8.700833333,0,0.5,3
16.20833333,25.70833333,1001.416667,11.67875,0,0,1
15.95833333,27.95833333,997.375,13.40958333,0,0,1
14.29166667,29.125,1002.125,3.222083333,0,0,1
17,27.09090909,1006.454545,4.573636364,0,0,2
16.79166667,26.5,1008.916667,17.48958333,0,0,2
18.29166667,21.75,1008.166667,11.80875,0,1.541666667,1
16.875,25.625,1003.541667,7.76375,0,0,1
19.75,24.91666667,1002.041667,16.33125,0,0.25,2
20.33333333,22.29166667,1000.25,3.37,0,0.291666667,2
20.95833333,25.66666667,996.9166667,14.58458333,0,0,3
18.25,27.75,997.6666667,3.8,0,0,2
21.79166667,25.41666667,1000.666667,16.03666667,0,0.166666667,3
20.91666667,23.125,1003.833333,2.217083333,0,0.041666667,2
22.41666667,25.20833333,1003.416667,7.579166667,0,0,3
22.375,24.875,998.875,2.476666667,0,0.458333333,2
17.33333333,28.70833333,994.8333333,36.29916667,0,0.75,0
18.375,30.08333333,995.125,9.739166667,0,0,0
18.20833333,28.16666667,994.0416667,6.984583333,0,0.125,0
16.83333333,29.08333333,997.625,14.19333333,0,0,0
19.29166667,29.625,1000.416667,21.31375,0,0.041666667,1
22.33333333,27.375,999.9583333,13.6475,0,0.25,2
22.75,25.04166667,1001.916667,3.445,0,1.333333333,2
22.79166667,24.33333333,1002.958333,2.28875,0,1.958333333,2
21.20833333,23.79166667,1004.708333,16.28041667,0,1.625,1
20.20833333,25.125,1005.5,28.33208333,0,0,1
21.66666667,26.54166667,1005.375,9.649583333,0,0,1
22.25,27.375,1006.458333,14.64458333,0,0,2
21.33333333,26.58333333,1007.208333,25.88083333,0,0.125,2
23.04166667,24.25,999.125,14.13791667,0,13.125,1
17.25,27.41666667,999.2916667,11.00625,0,0,0
18.39130435,26.39130435,1004.826087,11.32869565,0,0,1
22.08333333,25.5,1004.291667,27.11208333,0,0.125,2
21.25,26.54166667,1001.875,5.712916667,0,0,2
18.58333333,28.08333333,1003.5,1.9725,0,0,2
20.875,27.375,1004.458333,8.808333333,0,0,1
20.16666667,25.5,1003.833333,13.65611111,0,0,2
17.79166667,27.29166667,999.8333333,12.45958333,0,0.041666667,1
16.5,29.66666667,999.2083333,13.705,0,0,1
16.75,29.70833333,1001,14.80541667,0,0,0
19.25,25.91666667,1002.916667,15.14208333,0,0.25,1
22.25,24.58333333,1000.416667,2.250416667,0,1.25,2
18.95833333,29.95833333,999.625,5.77375,0,0,1
22.08333333,28.54166667,999.5833333,3.777916667,0,0.041666667,1
21.66666667,28.58333333,997.1666667,8.08375,0,0,2
20,26.29166667,999.5416667,7.841666667,0,0.791666667,1
19.79166667,23.16666667,1003.083333,2.533333333,0,0.416666667,1
19.83333333,25.83333333,1005.166667,3.7975,0,0.041666667,1
17.25,27.58333333,1003.208333,12.20291667,0,0,0
20.95833333,27.04166667,999.7083333,9.146666667,0,0.166666667,2
19.33333333,26,997.875,5.57125,0,0.083333333,1
23.75,28.375,998.9583333,5.959583333,0,0,2
20.5,25.75,1001.958333,16.83416667,0,0.541666667,1
19.04166667,28.08333333,999.6666667,9.36875,0,0,0
18.29166667,28.58333333,1000.541667,14.60416667,0,0,1
22.25,28.75,1004.25,4.97,0,0,2
23.58333333,27.5,1005.583333,6.092083333,0,0.75,2
21.79166667,26.625,1004.583333,30.66666667,0,0.125,1
22.20833333,28.08333333,1004.333333,8.77,0,0.041666667,2
22.25,28.33333333,1003.708333,13.30041667,0,0,1
24.20833333,29.375,1002.291667,18.94916667,0,0,2
24.79166667,28.20833333,997.3333333,7.78625,0,0.208333333,2
14.83333333,31,1000.583333,44.9525,0,0,1
14.375,28.08333333,1007.625,3.240833333,0,0,0
14.30434783,27.34782609,1009.826087,4.937391304,0,0,0
20.375,25.5,1008.833333,5.030833333,0,0.375,2
19.7826087,26.08695652,1007.521739,11.75913043,0,0,2
19.71428571,23.61904762,1008.571429,5.343333333,0,0.285714286,2
16.25,26.95833333,1008.708333,10.39041667,0,0,1
14.45833333,26.54166667,1008.833333,7.360833333,0,0,1
15.41666667,27.08333333,1006.25,9.61125,0,0,1
16.20833333,27,1005.375,15.38458333,0,0,1
18.5,24.20833333,1007.166667,44.04083333,0,0.083333333,1
19.625,23.08333333,999.75,15.80333333,0,0.708333333,1
10.95833333,24.75,1002.083333,60.92583333,0,0,1
9.1,21.8,1011.65,12.0725,0,0.1,0
9.125,22.5,1011.541667,4.657083333,0,0,0
12.625,22.79166667,1013.125,4.209583333,0,0.125,1
13.75,22.08333333,1015.416667,5.19875,0,0,1
16,22.54166667,1015.875,5.2525,0,0,2
16.75,20.45833333,1015.791667,6.48375,0,1.333333333,2
13.95833333,20.70833333,1014.125,14.23333333,0,1.875,0
14.45833333,21.04166667,1015.791667,6.572083333,0,0.125,2
12.91666667,22,1016.375,3.724166667,0,0,2
15.625,21.33333333,1016.125,2.15625,0,0.083333333,2
15.83333333,21.29166667,1012.666667,11.73833333,0,0.208333333,2
10.79166667,22.875,1011.875,13.3225,0,0,1
12.79166667,21.45833333,1014.083333,13.48875,0,0,1
15.625,22.08333333,1011.458333,13.26583333,0,0.083333333,3
17,19.81818182,1006.045455,10.49136364,0,0.318181818,2
12.04166667,23.16666667,1008.041667,6.52125,0,0,1
5.5,20.375,1013.416667,6.538333333,0,0,0
12.79166667,20.41666667,1011.458333,5.584583333,0,0,1
16.58333333,20,1014.541667,1.990416667,0,1.208333333,2
17.79166667,21.41666667,1018.541667,3.501666667,0,0.166666667,2
17.5,21.79166667,1013.125,4.319583333,0,0.125,2
13.25,22.04166667,1014.958333,6.685,0,0,1
13.29166667,22.83333333,1015.125,9.685416667,0,0,1
15.58333333,20.20833333,1014.875,1.486666667,0,0.041666667,2
9.166666667,16.20833333,1017.875,31.80833333,0,4.375,1
2.416666667,14.41666667,1021.666667,12.66208333,0,0,0
-1.791666667,16.45833333,1020.25,8.791666667,0,0,0
5.652173913,15.43478261,1016.695652,4.88,0,0,1
9.208333333,16.08333333,1011.375,6.0175,0,0,3
9.958333333,15.875,1011,3.352083333,0,0,3
12.83333333,17.25,1017.083333,14.08208333,0,0,3
14.375,18.95833333,1018.375,7.129166667,0,0,2
13.41666667,18.08333333,1016.791667,4.189166667,0,1.166666667,2
3.583333333,16.41666667,1020.666667,7.615,0,0,0
7.75,14.91666667,1017.916667,6.702916667,0,0,1
11.125,16.16666667,1013.958333,3.762083333,0,0,3
11.91666667,16.91666667,1019.125,3.63125,0,0,3
12.875,16.04166667,1022.25,1.97,0,0.041666667,3
7.833333333,18.16666667,1022.166667,8.045833333,0,0,2
8.75,15.95,1020.3,4.9575,0,0,1
10.08333333,14.70833333,1010.875,2.270416667,0,0,2
4.041666667,16.91666667,1010.541667,43.08166667,0,0,2
2.791666667,14.75,1015.083333,2.625833333,0,0,1
5.958333333,15.5,1017.833333,7.596666667,0,0.041666667,1
8.291666667,15.125,1018.541667,3.315,0,0.125,1
0.208333333,12.16666667,1025.958333,18.30375,0,0.125,1
-6.875,9.333333333,1030.333333,4.265833333,0,0,0
-3,10.79166667,1025.333333,8.734583333,0,0,1
2.25,10.5,1025.958333,8.621666667,0,0,3
4.375,11.04166667,1024.708333,3.425833333,0,0,3
-1.333333333,14.16666667,1025.083333,52.56583333,0,0.041666667,2
-2.75,12.66666667,1024.708333,4.15375,0,0,0
1.541666667,10.75,1022.916667,4.334166667,0,0,2
4.272727273,10.18181818,1022.090909,3.676818182,0,0.136363636,3
-7.333333333,10.04166667,1022.166667,20.28541667,0,0,0
-7.583333333,10.5,1026.625,39.59708333,0,0,0
-3.708333333,11.54166667,1026.916667,61.41291667,0,0,1
-2.875,9.291666667,1022.416667,15.8325,0,0,1
1.75,8.291666667,1017.583333,2.028333333,0,0,3
3.5,10.20833333,1019.416667,11.10166667,0,0,3
-2.375,9.666666667,1027.541667,4.303333333,0,0,1
-0.916666667,7.333333333,1027.833333,2.69875,0,0,2
0.625,7.833333333,1027.25,6.127083333,0,0,3
2.625,8,1026.083333,3.109166667,0,0.041666667,3
4.041666667,8.333333333,1022.25,6.700416667,0,0,3
-3.75,12.66666667,1024,25.87166667,0,0,1
-3.583333333,9.625,1027.833333,3.630416667,0,0,1
0.375,8.666666667,1020.666667,1.859583333,0,0,3
-7.541666667,9.75,1017.375,36.73541667,0,0,2
-10.25,8.708333333,1020.791667,39.5825,0,0,1
-2.916666667,6.416666667,1020.416667,1.63875,0,0,3
-5.5,9.666666667,1023.583333,13.77958333,0,0,2
-25.875,5.083333333,1029.25,107.9620833,0,0,0
-12.29166667,5.75,1028,8.325,0,0,1
-7.375,6.625,1024.75,4.395416667,0,0,1
-1.75,5,1021.208333,1.840833333,0,0,3
-9.708333333,8.416666667,1018.583333,18.25625,0,0,1
-8.375,6.625,1017.041667,4.88,0,0,2
-11.79166667,8.208333333,1018.833333,84.66541667,0,0,1
-15.5,4.75,1024.375,54.25833333,0,0,0
-18.08333333,4.791666667,1026.666667,160.3666667,0,0,0
-16.47826087,2.434782609,1025.086957,6.199565217,0,0,1
-11.25,3.458333333,1023.291667,7.745416667,0,0,0
-8.75,3.958333333,1025.833333,3.515416667,0,0,2
-8.083333333,4.541666667,1024.291667,9.29625,0,0,3
-7,6.086956522,1020,4.330869565,0,0,3
-10,6.291666667,1015.416667,13.18541667,0,0,2
-16.875,4.5,1017.333333,95.29708333,0,0,0
-19.625,0.916666667,1018.875,27.13125,0,0,0
-27.20833333,-2.25,1026.916667,219.3295833,0,0,0
-26,1.708333333,1026.166667,407.3533333,0,0,0
-15.66666667,4.875,1020,47.34625,0,0,1
-15.375,3.916666667,1022.708333,8.024583333,0,0,1
-14,2.916666667,1023.125,3.444166667,0,0,2
-12.29166667,2.208333333,1018.875,3.500833333,0,0,2
-12.875,6.5,1021.583333,10.28125,0,0,2
-10.29166667,4.541666667,1019.666667,3.968333333,0,0,2
-13.70833333,4.875,1023.583333,3.687916667,0,0,1
-9.708333333,1.416666667,1019.583333,1.710416667,0,0,3
-5.375,0.166666667,1019.875,2.215833333,0,0,3
-7.25,5.083333333,1020.541667,20.25,0,0,3
-16.66666667,2.083333333,1023.875,120.5458333,0,0,0
-16.625,0.041666667,1019.708333,38.09125,0,0,0
-19.45833333,1.541666667,1019.416667,41.46208333,0,0,0
-23.625,-2.875,1021.541667,35.53708333,0,0,0
-21.66666667,-3.791666667,1025.541667,3.724583333,0,0,1
-22.33333333,-2.916666667,1028.708333,6.75875,0,0,1
-20.75,-0.916666667,1033.333333,3.742916667,0,0,1
-14.75,-3.041666667,1031.125,2.807916667,0,0,3
-17,-0.958333333,1033.125,14.065,0,0,2
-20.125,-4.791666667,1032.625,16.33625,0,0,1
-19.29166667,-5.375,1030.75,9.850416667,0,0,1
-18.45454545,-4,1034.363636,6.483181818,0,0,1
-18.20833333,-2.625,1035.166667,6.835,0,0,2
-14.66666667,-4.708333333,1032.333333,3.872916667,0,0,3
-15.625,-2.416666667,1032.041667,11.045,0,0,2
-11.66666667,-4.541666667,1034.041667,1.727916667,0,0,3
-14.875,-2.166666667,1028.333333,41.73333333,0,0,3
-23.41666667,-1.791666667,1034.041667,245.8870833,0,0,0
-21.54166667,-2.333333333,1030.375,259.7404167,0,0,0
-22.82608696,-1.304347826,1026.304348,75.86869565,0,0,0
-23.38888889,1.055555556,1020,11.37055556,0,0,1
-21.69230769,5.538461538,1014.923077,76.73769231,0,0,1
-18.66666667,4.666666667,1012.333333,56.87666667,0,0,1
-17.16666667,6.625,1014.458333,51.59166667,0,0,1
-9.208333333,0.375,1018.333333,3.569583333,0,0,3
-13.375,2.75,1022.125,5.996666667,0,0,1
-7.25,-2,1022.875,2.924166667,0,0,0
-11.08333333,-0.916666667,1024.291667,15.23708333,0,0,2
-5.291666667,-0.916666667,1026,10.35541667,0.375,0,0
-12.25,-0.083333333,1026.875,9.57125,0,0,2
-23,-3.375,1033.625,25.7375,0,0,0
-25.79166667,-4.416666667,1031.791667,21.795,0,0,0
-23.25,-4.75,1030.75,3.985,0,0,2
-20.79166667,-3.791666667,1030.333333,3.5,0,0,3
-24.26315789,-1.421052632,1036.052632,8.467894737,0,0,0
-19.5,-5.5,1031.833333,1.934166667,0,0,2
-18.29166667,-3.833333333,1033.875,4.506666667,0,0,2
-17.08333333,-2.833333333,1031.083333,4.412083333,0,0,3
-8.458333333,-0.916666667,1027.916667,4.1725,0,0,3
-13.66666667,0.5,1031.333333,18.00791667,0.166666667,0,3
-17.45833333,0.458333333,1032.666667,18.32458333,0,0,1
-10.54166667,0.041666667,1024.833333,11.32208333,0,0,2
-22.08333333,0.041666667,1029.583333,175.3520833,0,0,0
-21.75,-1.208333333,1032.041667,109.3654167,0,0,1
-18.18181818,-3.772727273,1023.818182,3.473181818,0,0,3
-14.04166667,-3.083333333,1016.791667,1.58125,0,0,3
-16.95833333,2.5,1017.291667,10.63625,0,0,3
-19.125,1.791666667,1027,9.405416667,0,0,0
-10.58333333,-1.041666667,1029.125,15.93125,0,0,1
-14.29166667,0.5,1019.125,15.55833333,0,0,2
-16.125,-0.041666667,1027.75,19.48125,0,0,1
-8.833333333,-2.5,1014.916667,4.31875,0,0,2
-17.66666667,1.958333333,1017.791667,12.57208333,0,0,0
-6.625,0.291666667,1019.333333,10.76291667,0,0,3
-3.625,2.666666667,1016,9.558333333,0,0,3
-15.95833333,4.416666667,1015.041667,38.05458333,0,0,1
-33.33333333,-1.208333333,1026.875,54.11666667,0,0,0
-31.70833333,-3,1029.625,33.06291667,0,0,0
-18.16666667,-3.916666667,1028.708333,5.3775,0,0,2
-13.04166667,-2.375,1029.916667,2.3075,0,0,2
-7.25,-3.375,1027.333333,37.86125,7.125,0,2
-11.91666667,-2.958333333,1027.833333,23.455,4.375,0,1
-21.375,-5.875,1036.458333,63.96416667,0,0,0
-19.79166667,-6.333333333,1035.041667,14.58541667,0,0,0
-15.54166667,-6.041666667,1028.291667,4.506666667,0,0,2
-16.45833333,-2.666666667,1032.291667,10.04125,0,0,2
-10.58333333,-2.208333333,1034.833333,43.97916667,0.125,0,3
-9,-3.125,1026.458333,2.081666667,0,0,3
-7.958333333,-1.791666667,1024.416667,3.55875,0,0,3
-9.625,0.75,1029.083333,14.49333333,0,0,3
-13.45833333,0.875,1034.75,14.13791667,0,0,2
-11.86956522,-1.47826087,1032.347826,18.52478261,0.043478261,0,1
-13.08333333,-0.541666667,1028.666667,6.946666667,0,0,2
-6.043478261,-1.739130435,1030.217391,16.83173913,0.130434783,0,3
-6.291666667,-0.875,1028.291667,1.99375,0,0,3
-4.708333333,2.666666667,1029.791667,6.870833333,0,0,3
-5.608695652,1.782608696,1030.73913,4.967391304,0,0,3
-4.958333333,3.458333333,1027.416667,2.772083333,0,0,3
-4.291666667,2.458333333,1026.041667,2.6975,0,0,3
-1.166666667,4.666666667,1022.833333,4.1325,0,0.291666667,3
-16.41666667,4.458333333,1028.625,27.98041667,0,0,0
-7.5,1.416666667,1026.583333,3.854583333,0,0,2
-15.375,5.083333333,1023.291667,14.95375,0,0,2
-8.166666667,3.875,1022.458333,7.989166667,0,0,3
-5.916666667,1,1021.958333,5.923333333,0,0,3
-19.25,4.125,1026.083333,46.21375,0,0,1
-21.41666667,2.333333333,1028.208333,32.35208333,0,0,0
-26.625,2.75,1029.791667,12.61083333,0,0,0
-18.66666667,2.5,1029.375,7.564166667,0,0,1
-7.541666667,3.75,1023.416667,6.61625,0,0,3
-9.791666667,3.291666667,1025.958333,10.32125,0,0,2
-7.333333333,2.75,1023.916667,10.0425,0,0,2
-6.416666667,6.833333333,1017.666667,6.946666667,0,0,3
-19.125,7.083333333,1025.333333,8.45375,0,0,0
-21.125,6.583333333,1021.666667,8.719166667,0,0,0
-21.29166667,11.08333333,1018,37.14041667,0,0,0
-10.5,11,1010.75,10.69208333,0,0,2
-9.041666667,11.625,1014.916667,13.05125,0,0,2
-7.666666667,12.79166667,1012.041667,40.80791667,0,0,2
-9.708333333,11.70833333,1021.916667,35.96416667,0,0,1
-7.833333333,8.791666667,1022.541667,18.43916667,0,0,1
-16,11.75,1026.25,33.84041667,0,0,0
-14.86956522,14.43478261,1020.217391,13.32956522,0,0,0
-13.875,14.58333333,1017.5,10.33625,0,0,1
-4.875,12.5,1023.291667,14.03875,0,0,3
0.208333333,12.875,1013.875,5.69375,0,0,3
1.208333333,14.70833333,1010.083333,6.12375,0,0,3
6.083333333,15.5,1010.083333,4.92625,0,0,3
4.541666667,13.41666667,1011.291667,6.05,0,0,3
6.083333333,15.91666667,1007.791667,6.924166667,0,0.416666667,2
0.958333333,16.33333333,1012.666667,5.29,0,0,1
-4.875,18.04166667,1015,7.730416667,0,0,0
2.916666667,17.16666667,1015.166667,17.28291667,0,0.041666667,3
2.041666667,15.95833333,1012.125,6.142916667,0,0,2
1.083333333,16.29166667,1014.5,14.41458333,0,0,2
-17.41666667,14.04166667,1023.208333,18.2875,0,0,0
-10.125,13.875,1014.875,10.80125,0,0,0
-11.04166667,13.29166667,1021.916667,8.287916667,0,0,0
-8.458333333,15.625,1017.375,18.47083333,0,0,1
-1.25,16.45833333,1013.083333,4.279583333,0,0,2
2.625,17.41666667,1013.166667,11.82583333,0,0,3
0.208333333,21.20833333,1010.75,20.86041667,0,0,2
-2.130434783,15.52173913,1021.608696,12.22347826,0,0.043478261,2
-3.333333333,14.45833333,1018.958333,7.9025,0,0.208333333,1
-2.375,14.75,1015.916667,6.629166667,0,0,2
3.333333333,16.25,1016.875,14.89416667,0,0,3
8.136363636,17.81818182,1016.181818,11.07136364,0,0,3
2.958333333,18.125,1018.5,24.76958333,0,0,1
-3.375,16.625,1014,2.585416667,0,0,1
6.458333333,14.375,1012.583333,5.59,0,1.166666667,2
9.583333333,16,1019.125,16.055,0,0,2
3.5,12.625,1020.75,18.66291667,0,0.541666667,1
2.541666667,14.79166667,1016.333333,10.15,0,0,1
0.291666667,17.625,1015.666667,7.78625,0,0,1
2.625,19.08333333,1013.166667,16.61708333,0,0,2
10.95833333,20.04166667,1010.208333,71.37916667,0,0.125,2
11.45833333,19.79166667,1014,18.01333333,0,0,2
9,19.45833333,1016.458333,9.945,0,0.166666667,2
7.041666667,15.91666667,1020,9.965416667,0,1.041666667,1
5.458333333,17.70833333,1020.166667,10.69083333,0,0,1
4.958333333,18.625,1018.791667,5.995833333,0,0,1
5.625,19.70833333,1013.083333,10.97041667,0,0,2
9.583333333,21.125,1008.791667,17.39375,0,0,2
10.66666667,20.625,1007.833333,39.225,0,0.083333333,2
-2.166666667,17.08333333,1015.458333,133.6504167,0,0,1
-0.083333333,16.08333333,1012.583333,27.25125,0,0,2
-9.625,14.25,1017.375,187.5616667,0,0,1
-5.875,13.875,1017.125,8.494166667,0,0,1
3.666666667,15.75,1008.458333,3.66875,0,0.041666667,2
1.583333333,18.91666667,1006.125,18.19583333,0,0,2
7.375,17.41666667,1014,15.97375,0,0,2
5.541666667,17.66666667,1014.666667,29.69041667,0,0,1
5.75,17.20833333,1015.916667,8.29,0,0.125,1
9.625,12.04166667,1006.708333,14.99708333,0,8.041666667,0
8.958333333,20.875,1000.291667,20.89916667,0,0,1
5.708333333,22.5,999.9166667,26.48666667,0,0,1
-1.375,19.375,1005.041667,107.5245833,0,0,0
3.75,20.375,1000.166667,13.705,0,0,2
4.291666667,23.25,1006.583333,7.579166667,0,0,2
6.041666667,22.08333333,1012.291667,17.27833333,0,0.041666667,1
9.625,23.5,1008.333333,21.3975,0,0.041666667,2
15.5,22.45833333,1004.541667,10.31875,0,0.416666667,2
11,24.54545455,1003.863636,11.05363636,0,0,2
13.625,24.08333333,1005.291667,10.095,0,0,2
13.70833333,27,1006.083333,25.42458333,0,0,2
13.08333333,27.95833333,1009.625,32.12958333,0,0,2
17.45833333,20.83333333,1007.875,13.67791667,0,0.958333333,2
7.958333333,22.875,1006.375,31.5775,0,0,1
3.875,26.375,999.25,12.62416667,0,0,0
4.791666667,26.625,995.875,47.19333333,0,0,0
7.166666667,28.16666667,1000.291667,20.91583333,0,0,0
10.45833333,30.20833333,997.75,6.290833333,0,0,1
13,28.66666667,1005.541667,21.06291667,0,0,2
15.25,27,1007.166667,10.39083333,0,0.125,2
16.58333333,23.95833333,1008.333333,11.04791667,0,0.25,1
12.625,22.45833333,1011.291667,3.48375,0,0,0
12.83333333,25.54166667,1007.625,16.70625,0,0,1
14.58333333,25.70833333,1006,10.03625,0,0,1
15.2173913,28,1004.130435,5.421304348,0,0,1
16.60869565,21.08695652,1004.565217,10.00956522,0,1.217391304,1
10.86956522,22.86956522,1003.826087,17.43652174,0,0,0
13.69565217,21.08695652,1002.043478,3.225652174,0,0.043478261,1
11.85714286,24.85714286,1004.785714,5.490714286,0,0.071428571,0
15.70833333,21.16666667,1008.625,4.05875,0,0.083333333,0
13.83333333,24.33333333,1009.625,5.029583333,0,0,1
14.125,27.75,1006,4.210416667,0,0,0
17.20833333,24.875,1007.291667,3.444166667,0,0.208333333,1
17.5,25.33333333,1006.291667,7.264583333,0,0,1
18.33333333,26.54166667,1004.208333,7.060416667,0,0.208333333,2
19.83333333,25.08333333,1002.041667,4.728333333,0,0.041666667,2
18.375,21.83333333,1002.333333,6.8925,0,0.5,2
17.38095238,23.66666667,1002.904762,7.768571429,0,0,1
18.66666667,23.75,1004.416667,17.12666667,0,0.041666667,2
17.54166667,22.95833333,1007,7.17375,0,1.5,1
16.95833333,22.66666667,1008.458333,8.494583333,0,0.416666667,1
16.95833333,22.58333333,1008.708333,4.114166667,0,0,0
15.08333333,25.16666667,1007.666667,12.27416667,0,0,0
16.91666667,26.25,1004.208333,13.53416667,0,0,1
18.70833333,24.75,1003.083333,28.33625,0,0,2
20.41666667,26.91666667,1002.833333,12.51791667,0,0,2
13.125,28.45833333,1006.083333,8.7375,0,0,0
13.16666667,29.33333333,1005.25,17.99041667,0,0,0
15.95833333,28.66666667,1005.708333,11.36041667,0,0,1
16.79166667,29.45833333,1005.5,12.69833333,0,0,1
18.91666667,27.83333333,1004.333333,27.20958333,0,0.25,2
20.66666667,23.08333333,1003.083333,2.642083333,0,0.791666667,1
21.95833333,25.79166667,1001,6.409583333,0,0,3
22.58333333,27.58333333,1004.333333,8.002916667,0,0,3
21.83333333,26.91666667,1006.583333,8.176666667,0,0,2
22.95833333,27.20833333,1004.916667,50.13208333,0,0,3
22.08333333,27.58333333,1002.75,33.76416667,0,0,2
18.75,28.16666667,1001.916667,2.791666667,0,0,2
15.45833333,27.25,1003.916667,6.65125,0,0,0
15.04166667,29.95833333,999.6666667,14.73583333,0,0,0
15.41666667,29.20833333,999.5833333,5.43625,0,0,0
12.47368421,28.15789474,1002.578947,15.89947368,0,0,0
14.25,28.04166667,1002.083333,4.786666667,0,0.125,0
15.83333333,28.79166667,1002.041667,7.11375,0,0,0
17.20833333,28.20833333,1003.458333,23.09875,0,0.125,1
21,25.83333333,1003.541667,5.8475,0,0.375,2
21.25,25.70833333,1005.666667,4.26375,0,0,2
22.5,29.08333333,1006.708333,5.82875,0,0,2
23.25,31.70833333,1007.875,12.19416667,0,0,1
23.16666667,31.70833333,1004.75,29.00208333,0,0.125,1
19.58333333,30.83333333,1001.791667,28.12458333,0,0.041666667,0
16.22727273,27.95454545,1006,11.01272727,0,0.045454545,0
16.33333333,28,1003.75,7.747916667,0,0,0
20,25.91666667,1005.208333,3.072916667,0,0.291666667,1
17.33333333,27.33333333,1005.666667,12.92666667,0,0,0
17.83333333,29.04166667,1007.833333,14.99,0,0,2
17.58333333,29.45833333,1007.916667,27.94083333,0,0,2
19.625,29.91666667,1003.875,41.33375,0,0,2
20.54166667,29.66666667,1002.916667,106.8129167,0,0.166666667,2
21.75,25.08333333,1005.25,22.80208333,0,1.208333333,2
22.33333333,27.125,1006.833333,17.40416667,0,0,3
22.58333333,27.91666667,1006.166667,10.69625,0,0,2
23.875,29.20833333,1003.125,4.224583333,0,0,2
23.91666667,29.16666667,1000.875,2.735416667,0,0,2
20.33333333,24,1004.083333,7.730416667,0,0.791666667,0
18.08333333,25.16666667,1006.458333,8.94375,0,0,0
16.66666667,27.79166667,1007.083333,9.482083333,0,0,0
16.75,26.79166667,1008.875,10.33458333,0,0,1
16.79166667,26.54166667,1008.416667,16.82208333,0,0,1
17.875,25.91666667,1005.875,17.84833333,0,0.125,2
18.04166667,26.20833333,1002.875,5.085416667,0,0,0
14.66666667,28.04166667,1004.083333,8.047916667,0,0,0
13.54166667,27.04166667,1005.583333,3.782083333,0,0,0
17.95833333,20.375,1008.166667,2.811666667,0,2.875,0
16.75,23.54166667,1007.5,8.82875,0,0,0
17.08333333,24.375,1006.375,3.034583333,0,0,1
18.16666667,26.375,1007.5,4.152083333,0,0,1
17.83333333,25.91666667,1009.75,8.94375,0,0,1
17.86363636,25.09090909,1011.727273,11.72409091,0,0,1
18.25,26.70833333,1011,14.98833333,0,0,2
18.9375,26.375,1009.3125,23.494375,0,0,2
19.86956522,27.13043478,1006.869565,8.415652174,0,0.086956522,2
19.08333333,24.66666667,1007.375,2.531666667,0,0,1
20.5,27,1005.041667,4.57875,0,0.041666667,2
16.20833333,26.25,1006.833333,6.816666667,0,0.125,0
12.5,26.04166667,1010.791667,6.464166667,0,0,0
10.16666667,26.66666667,1012.708333,6.911666667,0,0,0
13.83333333,26.04166667,1012.958333,5.569166667,0,0,1
17.375,24.125,1014.083333,3.500416667,0,0.916666667,2
18.66666667,22.625,1015.333333,1.9725,0,0.125,2
20.5,22.875,1014.625,2.084166667,0,0.125,2
20.20833333,22.5,1012.958333,3.035,0,0.333333333,2
20.33333333,22.08333333,1012.666667,3.67,0,0.75,2
18.75,20.33333333,1010.541667,2.421666667,0,2.166666667,0
13.91666667,23.08333333,1009.208333,8.568333333,0,0,0
15.45833333,24.33333333,1004.916667,7.672916667,0,0,1
18.125,23.83333333,1009.208333,14.84791667,0,0,2
19.83333333,24.54166667,1010.833333,9.91125,0,0,2
19.58333333,24.95833333,1007.583333,16.65458333,0,0.166666667,2
9.125,23.08333333,1009.916667,7.115,0,0,0
13.125,21.91666667,1009.875,6.799166667,0,0,1
15.08333333,22.83333333,1013.583333,9.982083333,0,0,1
16.83333333,21.95833333,1013.833333,3.3125,0,0.208333333,2
17.5,21.41666667,1014.625,4.692916667,0,0.25,1
15.66666667,22.20833333,1014.291667,12.77666667,0,0.041666667,1
11.33333333,19.91666667,1016.958333,5.361666667,0,0,1
5.5,20.45833333,1018.166667,9.04875,0,0,0
10.31818182,17.5,1018.227273,3.352272727,0,0,1
11.45833333,18.125,1020.208333,4.861666667,0,0,1
10.16666667,19.54166667,1019.25,9.483333333,0,0,1
13.65217391,18.52173913,1012.434783,6.180869565,0,0.086956522,2
16.45833333,21.08333333,1010.041667,2.177916667,0,0,2
15.08333333,21.20833333,1016.791667,10.54791667,0,0,2
17.04166667,20.16666667,1018.333333,5.515,0,0.333333333,2
17.04545455,18.04545455,1017.409091,6.055,0,10.77272727,1
15.58333333,20,1016.125,4.916666667,0,0.833333333,0
16.375,18.41666667,1016.291667,3.11125,0,0,2
16.41666667,18.91666667,1011.291667,8.495833333,0,0.041666667,2
11.16666667,18.45833333,1015.875,3.427083333,0,0,1
13.95833333,18,1016.125,6.33125,0,0,1
8.666666667,17.79166667,1018.958333,8.119583333,0,0,1
2.291666667,12.45833333,1026.041667,10.82625,0,0,0
8.625,11.70833333,1016.416667,4.674166667,0,2.75,2
11.33333333,14.875,1013.041667,6.523333333,0,0,1
12.54166667,14.95833333,1017.375,2.306666667,0,0.166666667,2
13.41666667,14.625,1019.041667,9.855,0,1.875,2
7.041666667,15.125,1024.291667,9.981666667,0,0,0
4.166666667,13.33333333,1024.291667,6.555,0,0,0
8.666666667,13.5,1019.75,2.250833333,0,0,2
12.04166667,14.83333333,1019.041667,2.064166667,0,0.041666667,3
13.45833333,15.95833333,1019.458333,1.4125,0,0,3
14,16.70833333,1021.791667,2.960833333,0,0,3
12.54166667,16.95833333,1021.875,10.70875,0,0,3
0.625,14.79166667,1030.375,21.58958333,0,0.416666667,0
-3.458333333,9.791666667,1027.125,17.39666667,0,0,0
1.041666667,12.20833333,1019.166667,7.800833333,0,0,1
-1.458333333,13.79166667,1015.375,31.52666667,0,0,1
-1.333333333,12.25,1020.833333,17.53875,0,0,1
4.541666667,13.25,1016,3.145416667,0,0,2
8.291666667,14.83333333,1016.375,2.884583333,0,0,3
12.04166667,16.29166667,1014.333333,5.400416667,0,0,3
12.39130435,14.73913043,1018.217391,6.450869565,0,0,3
0.625,11.91666667,1024.458333,16.35208333,0,0,1
4.833333333,10.08333333,1022.375,3.999583333,0,0,2
7.875,12.5,1015.125,1.784583333,0,0,2
9.833333333,12.16666667,1011.333333,4.714583333,0,0,3
11.41666667,13.41666667,1011.416667,4.155,0,0,3
-4.833333333,13.83333333,1023.875,26.76333333,0,0,2
-7.708333333,9.916666667,1031.583333,15.00666667,0,0,0
2.125,9.125,1027.125,2.789583333,0,0,1
5.333333333,10.70833333,1024,2.993333333,0,0,2
7.208333333,12.20833333,1022.583333,1.655,0,0.125,3
9.5,13.08333333,1020.458333,2.717083333,0,0.166666667,3
-0.625,11.66666667,1019.291667,27.54583333,0,0,1
-10,10.83333333,1022.875,160.8233333,0,0,0
-4.125,9.583333333,1020.125,4.448333333,0,0,0
0.5,6.958333333,1015.625,3.033333333,0,0,2
-3.708333333,11.125,1017.666667,13.14958333,0,0,2
-8.739130435,7.043478261,1029.478261,20.2126087,0,0,0
-4.083333333,4.666666667,1031.708333,2.265,0,0,1
-1.958333333,4.833333333,1027.791667,5.010416667,0,0,2
-3.875,6.083333333,1025.375,7.525,0,0,1
-3.708333333,7.041666667,1021.5,5.36625,0,0,2
-5.875,8.583333333,1018.583333,54.96916667,0,0,1
-17.75,5.458333333,1025.333333,211.0475,0,0,0
-12.13043478,5.391304348,1025.086957,10.16391304,0,0,0
-10.20833333,4.708333333,1026.375,7.006666667,0,0,1
-5.375,4.083333333,1027.666667,2.996666667,0,0,3
-4.875,6.166666667,1026.041667,28.66291667,0,0,2
-8.916666667,6.291666667,1030.583333,30.63875,0,0,0
-6.75,4.166666667,1029.041667,5.847083333,0,0,2
-2.041666667,2.625,1023,1.506666667,0,0,3
-0.428571429,3.238095238,1017.238095,2.742857143,0,0,3
-8.866666667,9,1021.266667,6.199333333,0,0,2
-8.875,5.083333333,1026.75,12.14958333,0,0,1
0.208333333,3.666666667,1025.5,4.191666667,0,0,2
-7.083333333,3.958333333,1026.833333,8.531666667,0,0,2
-1.583333333,3.208333333,1020.666667,4.056666667,0,0,3
-0.25,2.75,1016.416667,2.305416667,0,0,3
-12.66666667,5.5,1023.708333,9.517916667,0,0,2
-5.5,4.75,1020.791667,13.61541667,0,0,2
0.041666667,1.958333333,1020.666667,3.61125,0,0.041666667,3
-12.91666667,3.5,1023.291667,65.90708333,0,0,2
-22.375,-3.541666667,1031.75,299.7625,0,0,0
-19.5,-5,1027.833333,38.07125,0,0,1
-22.25,-2.791666667,1026.625,53.08041667,0,0,0
-22.41666667,-2,1027.375,60.92458333,0,0,0
-20.09090909,-3.318181818,1027.409091,13.93681818,0,0,1
-16.54166667,-1.958333333,1026.291667,4.210833333,0,0,1
-12.875,0.916666667,1026.75,26.03875,0,0,1
-13.94444444,-2.055555556,1033.5,9.289444444,0,0,1
-7.615384615,-0.769230769,1031.692308,2.577692308,0,0,3
-12.04166667,-0.25,1028,37.24416667,0.041666667,0,2
-17.04166667,0.041666667,1031.291667,63.77541667,0,0,0
-18.79166667,-0.791666667,1027.958333,62.42708333,0,0,0
-15.66666667,-2.916666667,1028.125,3.2,0,0,1
-14.875,-1.625,1026.041667,4.248333333,0,0,2
-16.54166667,-0.75,1028.25,67.06916667,0,0,2
-19.45833333,-3.291666667,1031.291667,247.5483333,0,0,0
-16,-2.916666667,1028.708333,29.87083333,0,0,2
-10.08333333,-3.416666667,1028.291667,4.7675,0,0,3
-14.41666667,-0.291666667,1024.833333,72.06541667,0,0,2
-18.53333333,-2.733333333,1030.466667,243.7106667,0,0,0
-18.54166667,-1.708333333,1027.541667,304.145,0,0,0
-13.375,-0.75,1023.333333,4.31625,0,0,2
-13.16666667,-0.166666667,1020.875,10.97333333,0,0,2
-14.41666667,0.833333333,1031.5,26.39,0,0,0
-13.125,0.5,1033.083333,24.64166667,0,0,0
-9.583333333,-2.791666667,1031.708333,2.0425,0,0,3
-9.666666667,-1.791666667,1027.833333,9.278333333,0,0,3
-10.79166667,1.583333333,1019.958333,10.94875,0,0,3
-12.33333333,0.75,1013.75,8,0,0,3
-13.91666667,1.875,1019.125,9.778333333,0,0,1
