Iws,TEMP,DEWP,Is,Ir,pm2.5
24.86,-5.125,-8.5,0.708333333,0,2
70.93791667,-8.541666667,-10.125,14.16666667,0,2
111.1608333,-11.5,-20.875,0,0,0
56.92,-14.45833333,-24.58333333,0,0,1
18.51166667,-12.54166667,-23.70833333,0,0,1
10.17,-12.5,-21.25,0,0,1
1.972916667,-11.70833333,-17.125,0,0,3
13.29875,-9.125,-16.33333333,0,0,2
17.41583333,-8.75,-15.95833333,0,0,1
41.68583333,-8.708333333,-20.70833333,0,0,0
60.37833333,-12.41666667,-23.54166667,0,0,0
169.7541667,-10,-21.95833333,0,0,1
13.23875,-9.5,-17.625,0,0,2
12.38166667,-7.041666667,-17.16666667,0,0,1
2.677916667,-8.416666667,-13.5,0,0,3
4.134583333,-7.25,-12.08333333,0,0,3
4.91625,-4.916666667,-9.666666667,0,0,3
4.788333333,0.291666667,-3.791666667,0,0,3
34.48125,-1.166666667,-11.04166667,0,0,2
59.07083333,-6.125,-21.16666667,0,0,0
93.06208333,-4.583333333,-18.79166667,0,0,0
44.5,-2.705882353,-18.05882353,0,0,0
2.644166667,-2,-14.41666667,0,0,3
24.70708333,1.125,-11.70833333,0,0,2
41.2725,-1.208333333,-19.125,0,0,0
44.32833333,0.625,-21.625,0,0,0
40.01583333,1.958333333,-18.70833333,0,0,1
62.51041667,1.333333333,-15.79166667,0,0,1
13.03791667,-2.875,-10.08333333,0,0,1
5.959583333,-5.416666667,-16.29166667,0,0,1
14.9175,-5.166666667,-19.95833333,0,0,2
5.60625,-5.041666667,-20.5,0,0,1
4.731666667,-4.083333333,-14.33333333,0,0,2
22.81875,-5,-10.45833333,0.666666667,0,2
5.770833333,-4.333333333,-6.5,1.708333333,0,2
3.257916667,-1.541666667,-5.25,0,0,3
3.295416667,0.041666667,-9.833333333,0,0,3
40.35833333,-1.583333333,-22.29166667,0,0,0
27.06041667,-3.666666667,-22.125,0,0,0
6.852916667,-5.208333333,-21.54166667,0,0,0
8.958333333,-4.583333333,-17.83333333,0,0,2
9.367826087,-4.173913043,-20.26086957,0,0,2
5.977083333,-5.541666667,-22.29166667,0,0,0
7.5025,-5.375,-16.95833333,0,0,2
43.6575,-2.291666667,-19.08333333,0,0,1
4.61625,-2.041666667,-19,0,0,2
3.7375,0.083333333,-15.58333333,0,0,2
3.64875,0.875,-10.29166667,0,0,3
14.58541667,4.208333333,-9.708333333,0,0,2
20.10125,0.083333333,-7.791666667,0,0,2
1.655416667,0.083333333,-6.541666667,0,0,3
9.555,4.375,-2.5,0,0,3
21.90333333,3.916666667,-1.333333333,0,0,3
35.40375,1.833333333,-6.791666667,0,0,1
18.31708333,-1.25,-6.375,0.458333333,0,2
14.67541667,-0.125,-7.125,0.875,0,2
42.0125,-2.541666667,-5.041666667,1.208333333,0,1
23.54875,1.625,-8.458333333,0,0,2
7.114583333,1.666666667,-6.208333333,0,0,3
7.937083333,2.416666667,-3.458333333,0,0.041666667,3
50.30583333,0.541666667,-20.33333333,0,0,0
31.55333333,-2,-17.33333333,0,0,1
11.64333333,-2.458333333,-10.25,0.041666667,0,2
14.1075,-3.333333333,-6.875,2.75,0,1
97.55083333,-3.375,-17.95833333,0,0,0
11.47041667,0.75,-13.70833333,0,0,1
4.4875,2.208333333,-7.791666667,0,0,3
26.33833333,5.541666667,-14.29166667,0,0,1
21.70791667,2.875,-9.75,0,0,1
10.34,0.25,-3.541666667,3.375,0.25,2
61.10291667,1.583333333,-9.75,0,0,1
4.0425,0.5,-10.79166667,0,0,1
16.01833333,3,-12.83333333,0,0,1
4.840833333,0.583333333,-3.291666667,0.041666667,0,3
3.031666667,4.375,1.791666667,0,0.25,3
89.96863636,6.954545455,-7.363636364,0,0,3
18.905,7.458333333,-8.041666667,0,0,1
37.03521739,8.695652174,-7.913043478,0,0,3
28.82625,7.625,-7.75,0,0,1
20.00041667,6.75,-6.541666667,0,0.25,1
13.76166667,4.375,-11,0,0,0
9.479583333,6.5,-10.75,0,0,1
16.48458333,5.875,-8.541666667,0,0,1
14.47458333,6.541666667,-7.166666667,0,0,1
11.34416667,7.541666667,-0.208333333,0,0.458333333,3
8.622857143,7.428571429,6.142857143,0,6.857142857,3
25.92222222,11.66666667,-5.222222222,0,0,2
123.1340909,8.409090909,-16.59090909,0,0,0
38.605,6.541666667,-15.25,0,0,0
21.94166667,7.916666667,-7.416666667,0,0,2
7.189583333,13.83333333,-4.791666667,0,0,2
10.46875,10.91666667,1.708333333,0,0.125,2
17.05916667,10.5,-12.29166667,0,0,0
26.17,11.91666667,-5.916666667,0,0,2
109.4975,14.58333333,0.875,0,0,2
19.20375,11.16666667,2.25,0,0,2
17.63708333,10.58333333,-8.416666667,0,0,1
49.27666667,6.25,0.25,0,0.875,1
60.05666667,7.083333333,-6.208333333,0,0.041666667,1
174.6608333,6.375,-16.70833333,0,0,0
8.605833333,7.166666667,-9.75,0,0,1
51.53916667,6.083333333,0.708333333,0,0,3
16.40458333,8.583333333,2.75,0,0,3
72.46875,8.583333333,3.375,0,0,2
3.204166667,13.54166667,6.458333333,0,0,3
16.44625,14.20833333,7.958333333,0,0.25,3
7.43125,13.875,4,0,0,2
14.71166667,12.04166667,2.208333333,0,0.5,1
13.33833333,9.458333333,5.333333333,0,5.125,1
10.78541667,13.20833333,-4.041666667,0,0,0
36.405,16.79166667,1.333333333,0,0,2
83.17208333,13.83333333,6.541666667,0,0.625,2
24.72041667,8.875,-5.458333333,0,0.041666667,0
138.9045833,8.708333333,-10.70833333,0,0,0
319.0270833,10.5,-9.583333333,0,0,0
90.69041667,14.04166667,-6.75,0,0,0
164.9058333,18.375,-5.708333333,0,0,0
17.11041667,20.83333333,-0.083333333,0,0,1
19.75958333,23.875,0.375,0,0,2
4.599166667,19.66666667,3.25,0,0,2
12.32833333,19.66666667,11.625,0,0.5,2
66.08333333,18.83333333,9.708333333,0,0.583333333,2
54.32083333,20.625,0.25,0,0,0
38.77625,21.66666667,2.416666667,0,0,2
17.47125,19.54166667,6.5,0,0,2
33.40166667,17.29166667,0.666666667,0,0.125,2
49.94708333,16.83333333,-0.458333333,0,0,1
60.12125,17.95833333,2,0,0,0
13.74916667,17.41666667,5.958333333,0,0,1
13.39083333,18.70833333,6.125,0,0,1
9.4825,18,9.291666667,0,0.666666667,2
8.51125,21.45833333,12.25,0,0,3
63.30958333,18.70833333,12.375,0,1.541666667,2
15.11954545,16.22727273,13.31818182,0,1.272727273,1
19.48125,17.54166667,10.25,0,0.958333333,1
13.74375,24.08333333,3.75,0,0,0
13.89166667,25.41666667,4.875,0,0,1
19.445,23.375,10.875,0,0,2
7.576666667,22.41666667,11.5,0,0,3
7.597916667,24.16666667,9.958333333,0,0.041666667,2
24.27166667,23.41666667,7.333333333,0,0,1
8.234583333,24.875,3.958333333,0,0,0
22.11125,25.16666667,11,0,0,2
4.258421053,21.57894737,14.15789474,0,1.684210526,2
4.023333333,19.125,16.16666667,0,7.458333333,2
6.329166667,22.79166667,13.04166667,0,0,2
9.515833333,23.20833333,11.125,0,0.041666667,1
7.563333333,21.83333333,13.29166667,0,0.083333333,2
5.31952381,20.71428571,14.19047619,0,0.142857143,2
4.468571429,21.42857143,14.28571429,0,0,2
8.21,21.75,13.04166667,0,0,2
11.09416667,19.16666667,13.25,0,0,2
29.57916667,28.08333333,13.58333333,0,0,2
28.2725,21.75,14,0,0,3
14.29714286,26.28571429,12.14285714,0,0,1
12.61166667,21.125,14.625,0,0.625,1
6.78125,21.375,15.45833333,0,0,2
7.152083333,24.5,16.29166667,0,0.125,2
23.97291667,23.41666667,17.70833333,0,0.666666667,2
9.46,24,18.08333333,0,0,2
3.22125,26.66666667,18.79166667,0,0.041666667,2
6.034583333,25.33333333,18.70833333,0,0.25,2
3.724166667,19.70833333,17.45833333,0,0.625,1
5.735833333,21.79166667,17.04166667,0,0,1
5.624166667,24.41666667,18.08333333,0,0,2
10.44590909,27.90909091,15.90909091,0,0,2
6.09,25.66666667,15.375,0,0.041666667,1
2.191,25.7,19.2,0,0.1,2
13.78642857,28.5,10.71428571,0,0,1
9.79875,26.08333333,13.04166667,0,0,2
8.94125,25.91666667,15.70833333,0,0,3
8.380833333,26.16666667,16.58333333,0,0,3
10.97291667,25.75,15.625,0,0.166666667,2
12.79291667,26.41666667,18.95833333,0,0,3
13.89291667,27.25,19.54166667,0,0,3
7.805833333,26.25,20.04166667,0,0,3
5.384166667,23.875,21.16666667,0,1.5,2
11.41708333,28.58333333,16.91666667,0,0,0
9.049583333,30.5,19.125,0,0,1
9.313333333,30.95833333,19.125,0,0.041666667,2
14.95791667,32.375,12.29166667,0,0,1
13.7625,32.875,9.666666667,0,0,0
9.42375,27.33333333,16.125,0,0,1
8.997916667,29.91666667,14.625,0,0,1
12.38583333,25.5,18.25,0,1.083333333,2
12.7275,21.66666667,19.79166667,0,3.208333333,2
23.10458333,22.875,20.41666667,0,0.666666667,3
2.570416667,22.875,20.41666667,0,0.041666667,2
7.860833333,24.45833333,20.875,0,0.416666667,2
3.724166667,25.20833333,21.70833333,0,0,2
4.60125,24.08333333,21.83333333,0,0.375,3
8.736666667,26.75,22.58333333,0,0.125,3
8.998333333,27.875,22.16666667,0,0.041666667,2
18.12333333,28.25,22.58333333,0,0.041666667,3
35.43291667,25.25,22.25,0,1.25,3
15.04708333,25.95833333,19.83333333,0,0.583333333,1
13.90833333,27.04166667,21.625,0,0,1
9.482083333,28.25,23.45833333,0,0,3
17.4525,29.83333333,23.45833333,0,0,3
25.11083333,30.16666667,23.04166667,0,0,2
23.8975,30.04166667,23.33333333,0,0,3
9.574166667,29.20833333,24.33333333,0,0,3
23.50666667,30.45833333,23.75,0,0,3
49.10625,30.58333333,23.95833333,0,0,3
21.2175,30.20833333,26.20833333,0,0.25,3
6.125416667,27.875,25.25,0,0.125,3
14.37291667,28.79166667,22.625,0,0.25,2
12.51625,26.95833333,18.20833333,0,0.083333333,1
8.67625,26.20833333,16.25,0,0,1
9.093333333,25.70833333,18.95833333,0,0,2
15.0825,24.54166667,21.375,0,0.416666667,2
57.57708333,26.875,13.20833333,0,0,0
69.77833333,24.41666667,13.04166667,0,0,0
15.55125,24.5,18.04166667,0,0.25,2
8.830833333,25.41666667,20.04166667,0,0.916666667,2
4.919166667,27.29166667,22.41666667,0,0,3
11.81166667,27.45833333,18.83333333,0,0,2
21.68791667,25.20833333,21.95833333,0,0.25,2
4.766666667,26.75,21.29166667,0,0,2
8.047,27.55,24.5,0,0.1,2
27.31625,30.25,16,0,0,0
34.385,27.625,18.45833333,0,0,2
41.36,25.5,22.5,0,2.041666667,3
9.111666667,24.625,21.33333333,0,2.125,2
10.22625,26.45833333,22.16666667,0,0,2
15.1625,21.41666667,19.375,0,4.458333333,1
10.67166667,23,16.29166667,0,0.208333333,0
6.5375,23.70833333,18.66666667,0,0,2
15.59166667,24.33333333,19.41666667,0,0,2
3.593333333,23.04166667,17.625,0,0,2
7.469166667,25.04166667,17,0,0,1
17.13791667,24.83333333,15.16666667,0,0,1
11.58583333,24.75,16.54166667,0,0,1
10.13375,25.70833333,18.95833333,0,0,2
6.205416667,25.45833333,19.75,0,0.041666667,2
5.197916667,23.79166667,19.54166667,0,0.125,2
11.75458333,23.25,18.95833333,0,0.25,1
5.176666667,24.29166667,18.83333333,0,0,2
5.77125,23,19.08333333,0,0.666666667,2
4.43375,23.25,16.875,0,0,2
6.7725,24.08333333,19.16666667,0,0,2
2.940833333,24.91666667,19.95833333,0,0,3
4.560416667,24.20833333,18.25,0,0,2
5.659583333,21.95833333,14.08333333,0,0,2
12.66416667,21.75,15.66666667,0,0,3
17.78916667,23.375,12.04166667,0,0,2
10.1175,19,12.875,0,0,2
6.01625,24.66666667,14.66666667,0,0,2
6.625,25.29166667,16.45833333,0,0,3
8.0475,24.91666667,16.70833333,0,0,3
17.50791667,25.04166667,19.33333333,0,0,3
82.6,23.41666667,19.875,0,0.791666667,3
38.96958333,16.08333333,14.75,0,15.5,1
4.975,15.08333333,12.70833333,0,12.25,0
5.531578947,19,13.94736842,0,0.315789474,1
8.216666667,17.66666667,15.08333333,0,0.708333333,2
42.292,14.6,13.4,0,8,0
70.21,22,-4,0,0,1
1.186666667,14.33333333,13,0,0,3
1.9725,17.66666667,13.75,0,0.041666667,3
48.48708333,17.41666667,11.375,0,1.458333333,0
198.795,17.75,2.375,0,0,0
5.269166667,15.54166667,6.916666667,0,0,0
4.469583333,16.625,10.41666667,0,0,2
3.424583333,17,13.29166667,0,0,3
2.604583333,16.70833333,13.375,0,0,3
2.643333333,16.08333333,12.875,0,0,3
2.21125,15.33333333,12.66666667,0,0,3
2.492916667,15.25,14,0,0.916666667,3
16.68666667,14.70833333,6.916666667,0,0.75,0
5.079545455,11.63636364,6.090909091,0,0,1
4.50375,14.04166667,8.583333333,0,0,2
45.8925,15.16666667,0,0,0,0
74.39041667,14.95833333,-0.041666667,0,0,1
20.03333333,12.04166667,5.166666667,0,0,2
66.14666667,8.625,-2.875,0,0,1
6.088333333,7.208333333,3.375,0,2.291666667,1
1.915833333,8.708333333,6.75,0,0,1
1.915416667,9.083333333,6.666666667,0,0,2
1.879583333,10.45833333,8.333333333,0,0,2
1.84,11.66666667,9.541666667,0,0,3
2.492083333,13.08333333,11.375,0,0.416666667,3
23.63666667,9.416666667,6.5,0,3.791666667,2
83.95125,8.25,-8.375,0,0,0
7.636666667,3.541666667,-11.04166667,0,0,0
3.124166667,3.541666667,-3,0,0,2
7.280833333,8.375,-0.708333333,0,0,2
9.57375,10.54166667,-0.5,0,0,1
8.28875,10.29166667,-0.166666667,0,0,1
13.735,9.916666667,0.25,0,0,1
18.88111111,5.222222222,-0.111111111,0,0,1
2.481111111,10.22222222,0.333333333,0,0,2
10.95416667,9.833333333,-0.833333333,0,0,1
7.45,10.04166667,1.208333333,0,0,2
2.120833333,8.583333333,4.208333333,0,0,3
60.88541667,10.08333333,-2,0,0,1
79.51708333,7.666666667,-9.083333333,0,0,0
1.768333333,2.25,-5.583333333,0,0,1
5.0975,3.458333333,-2.708333333,0,0,2
56.87833333,6.083333333,-2.333333333,0,0,0
111.36,1.125,-7.583333333,0,0,1
131.3520833,3.125,-12.83333333,0,0,0
194.065,0,-8,0,0,0
237.025,-0.291666667,-6.666666667,0,0,1
279.985,-1,-4,0,0,2
52.45958333,1.708333333,-3,0,0,3
4.562916667,3.541666667,0,0,0,3
6.255,4.916666667,0.083333333,0,0,3
6.10875,5.208333333,-0.708333333,0,0,3
68.84416667,5.541666667,-8,0,0,2
3.555909091,1.318181818,-9.909090909,0,0,1
2.735,2.25,-7.041666667,0,0,3
45.24791667,2.666666667,-12.66666667,0,0,1
4.3775,-0.666666667,-11.70833333,0,0,1
3.685833333,-0.916666667,-10.41666667,0,0,2
78.71541667,1.375,-19.79166667,0,0,0
1.934166667,-1.625,-12.20833333,0,0,3
3.85125,-0.5,-4.416666667,0,0,3
4.26375,-0.458333333,-1.916666667,0,0,3
3.122916667,0.666666667,-0.958333333,0,0,3
66.69791667,2.416666667,-12.625,0,0,2
2.755416667,-1.916666667,-12.625,0,0,1
5.737083333,-0.333333333,-9.291666667,0,0,3
32.92041667,4.291666667,-9.416666667,0,0,2
154.0054167,1.833333333,-17.75,0,0,0
10.91375,2.583333333,-16,0,0,1
8.030416667,2.666666667,-11.875,0,0,1
3.278333333,0.208333333,-7.958333333,0,0,3
72.90958333,0.833333333,-12.45833333,0,0,2
37.25541667,-2.708333333,-15.70833333,0,0,1
9.011666667,-2.041666667,-10.33333333,0,0,2
55.51833333,-4.708333333,-21.20833333,0,0,0
53.63625,-7.458333333,-22.91666667,0,0,0
162.1095833,-7.875,-25.04166667,0,0,0
13.87541667,-2.5,-21,0,0,1
9.253333333,-0.541666667,-16.70833333,0,0,2
2.065416667,-2.958333333,-12.16666667,0,0,3
27.32208333,4.541666667,-13.125,0,0,3
4.933333333,1.125,-11.70833333,0,0,3
2.2275,-1,-7.5,0,0,3
31.01333333,0.958333333,-13.66666667,0,0,2
37.57083333,-6.125,-23.20833333,0,0,0
9.793333333,-9.666666667,-25,0,0,1
8.325,-7.833333333,-22.33333333,0,0,1
21.73958333,-3.666666667,-17.70833333,0,0,1
31.8325,-2.75,-16.58333333,0,0,2
115.5683333,-3.75,-19.66666667,0,0,0
40.76875,-4.416666667,-17,0,0,1
234.1558333,-7.041666667,-22.70833333,0,0,0
463.1879167,-6.833333333,-21.91666667,0,0,0
9.327083333,-4.958333333,-16.95833333,0,0,1
1.50375,-6.041666667,-14.5,0,0,3
15.8125,-4.958333333,-15.41666667,0,0,2
177.6758333,-5.041666667,-20.04166667,0,0,0
357.2675,-5.041666667,-19.20833333,0,0,0
82.28541667,-4.708333333,-17.83333333,0,0,1
27.40875,-4.125,-15.8125,0,0,2
11.51125,-3,-20,0,0,2
36.99541667,-4.041666667,-20.58333333,0,0,0
5.009583333,-6.375,-20.16666667,0,0,1
6.46125,-4.541666667,-18.75,0,0,2
87.31625,-4.541666667,-20.95833333,0,0,0
222.9904167,-8.041666667,-25.25,0,0,0
3.053333333,-8.125,-21.75,0,0,1
61.55,-7.041666667,-20.83333333,0,0,1
44.88666667,-7.875,-22.20833333,0,0,0
51.45708333,-6.791666667,-22.20833333,0,0,0
6.37125,-6.916666667,-21.5,0,0,1
7.041666667,-5,-20.125,0,0,1
25.52208333,-5.583333333,-18.25,0,0,1
170.57375,-5.625,-21.16666667,0,0,0
47.49791667,-6.791666667,-19.95833333,0,0,1
33.75791667,-6.041666667,-20.83333333,0,0,0
8.815416667,-7.208333333,-19.625,0,0,1
14.905,-5.75,-20.20833333,0,0,0
38.98875,-5.458333333,-20.95833333,0,0,0
65.9425,-6.625,-23.25,0,0,0
134.59375,-2.5,-20.91666667,0,0,0
33.95041667,0.166666667,-19.125,0,0,0
46.26083333,1.375,-19.625,0,0,0
41.08583333,0.041666667,-18.58333333,0,0,1
44.75708333,-0.875,-17.45833333,0,0,2
11.64125,0,-13.54166667,0,0,2
3.461666667,-3.166666667,-9.75,0,0,2
5.494166667,2.5,-10.66666667,0,0,1
5.885,-0.291666667,-9.75,0,0,2
9.369166667,-0.583333333,-11.875,0,0,2
12.515,-2.125,-7.875,0.041666667,0,2
55.30541667,-3.708333333,-4.75,8.708333333,0,1
28.85333333,-3.791666667,-12.33333333,0,0,1
11.10291667,-6.041666667,-17.20833333,0.125,0,0
10.69375,-4.916666667,-8.083333333,4.25,0,1
9.162916667,-5.416666667,-17.125,0,0,0
2.492916667,-5.833333333,-10.75,0,0,3
2.81125,-3.333333333,-8.041666667,0,0,3
7.78375,0.416666667,-7.333333333,0,0,3
9.239583333,0.208333333,-9.708333333,0,0,3
10.56166667,2.333333333,-9,0,0,3
2.622916667,0.916666667,-5.791666667,0,0,3
1.65375,0.583333333,-4.041666667,0,0,3
2.697083333,0.75,-5.291666667,0,0,3
5.401666667,2.166666667,-3.916666667,0,0,3
19.98291667,4.166666667,-9.916666667,0,0,2
11.19666667,1.125,-8.375,0,0,1
10.52375,-1.291666667,-4.416666667,1.5,0,2
27.0575,-0.583333333,-4.75,1.166666667,0,1
37.03208333,1.458333333,-11.08333333,0,0,0
52.16166667,0.958333333,-14.79166667,0,0,0
36.20708333,1.666666667,-15.79166667,0,0,0
132.2745833,3.875,-15.16666667,0,0,0
7.5425,4.083333333,-11,0,0,1
23.615,7.083333333,-5.166666667,0,0,2
25.592,7.75,-13.15,0,0,0
61.37238095,6.285714286,-15.04761905,0,0,0
66.49304348,5.47826087,-16.39130435,0,0,0
28.28173913,6.826086957,-15.82608696,0,0,0
8.307916667,7.416666667,-13.75,0,0,1
6.202083333,6.333333333,-10.70833333,0,0,2
4.489583333,8.083333333,-3.541666667,0,0,3
15.70041667,9.666666667,-5.833333333,0,0,3
70.98291667,6.458333333,-17.25,0,0,0
264.98875,5.166666667,-18.08333333,0,0,0
23.57625,4.5,-13,0,0,1
4.787619048,6.80952381,-8.285714286,0,0,2
121.13375,6.25,-22.75,0,0,0
79.68166667,5.5,-20.66666667,0,0,0
81.63916667,6.625,-16.45833333,0,0,0
135.1591304,7.434782609,-19.13043478,0,0,0
47.88708333,8.458333333,-14.54166667,0,0,0
5.71875,8.333333333,-11.25,0,0,1
45.00583333,11.625,-13.83333333,0,0,0
9.540833333,9.083333333,-8.375,0,0,1
9.105833333,11.16666667,-5.958333333,0,0,2
8.3115,12.55,-6.25,0,0,2
3.442,16,2.2,0,0,3
41.24521739,9.869565217,-5.826086957,0,0.913043478,1
14.24521739,8.652173913,-3.782608696,0,0,1
11.1075,10.45,-7.85,0,0,2
16.625,13.04166667,-7.958333333,0,0,2
44.42083333,12.95833333,-4.791666667,0,0,3
45.82,11.8,0,0,0.3,2
36.79666667,20,-10.66666667,0,0,0
15.99785714,21.85714286,-5.642857143,0,0,2
25.36130435,14,-15.69565217,0,0,0
21.7073913,15.30434783,-14.47826087,0,0,0
14.8425,16.25,-4.083333333,0,0,2
5.994166667,17.5,5.041666667,0,0,3
11.71133333,18.6,3.333333333,0,0,2
19.136,22.4,-5.2,0,0,0
53.241,20,-0.5,0,0,2
89.48521739,16.34782609,-6.434782609,0,0,1
31.44217391,14.47826087,-9.826086957,0,0,0
21.33291667,14.79166667,-1.333333333,0,0,2
14.87,16.33333333,4.75,0,0,2
4.814615385,14.61538462,6.538461538,0,0.461538462,2
5.586666667,15.16666667,3.166666667,0,0,1
25.93111111,15.11111111,-0.444444444,0,0,0
73.62565217,15.7826087,-2.608695652,0,0,0
15.35652174,13.43478261,4.260869565,0,0,2
15.38458333,13.08333333,4.583333333,0,0.041666667,2
12.83166667,13.70833333,1.25,0,0,1
14.88,14.14285714,3.642857143,0,0,2
14.86176471,16.82352941,10.82352941,0,0.058823529,3
44.14291667,15.875,4.791666667,0,0,3
158.3679167,21.66666667,-1.875,0,0,1
54.05625,19.66666667,-5.708333333,0,0,0
15.32875,19.625,-3.291666667,0,0,0
46.08125,14.875,7.291666667,0,0.041666667,1
8.398333333,16.125,5,0,0.083333333,2
23.67125,18.25,0.041666667,0,0,1
9.970869565,19.73913043,4.130434783,0,0,0
14.09416667,15.58333333,8.125,0,1.875,1
12.29208333,18.91666667,7.958333333,0,0.125,1
18.94208333,20.58333333,6.083333333,0,0,0
37.80833333,20.91666667,3.625,0,0,2
196.5658333,19.08333333,-5.916666667,0,0,1
127.735,22,-3.791666667,0,0,0
42.54375,24.83333333,-2.375,0,0,0
12.90833333,20.625,0.541666667,0,0,1
17.635,19.875,2.375,0,0,1
16.27958333,20.70833333,11.95833333,0,0,2
10.74375,22.58333333,13.41666667,0,0,3
46.64708333,20.58333333,3.875,0,0.125,0
30.38375,17.41666667,-1.708333333,0,0,0
26.78833333,18.95833333,-1.958333333,0,0,1
27.41541667,21.33333333,2.416666667,0,0,1
26.37291667,21.41666667,8.166666667,0,0,2
106.9445833,22.41666667,9.75,0,0,1
178.0986957,23.08695652,10,0,0,1
21.54545455,19.90909091,11.18181818,0,0.090909091,2
29.09875,25.5,14.875,0,0,2
32.35666667,25.54166667,15.79166667,0,0,2
13.54416667,24.875,17.5,0,0,2
5.419166667,24.91666667,11.91666667,0,0,1
74.40304348,23.95652174,8.391304348,0,0.043478261,0
101.7334783,25.73913043,7.434782609,0,0,0
12.94333333,27.04166667,10.25,0,0,2
13.87666667,26.5,4.416666667,0,0,0
10.70157895,24.57894737,8.105263158,0,0,1
15.71541667,26.16666667,11.58333333,0,0,2
3.215238095,25.04761905,16.0952381,0,0.142857143,2
6.164583333,25.625,17.16666667,0,0.125,2
16.35208333,25.79166667,16.29166667,0,0.833333333,0
14.19083333,26.25,17.25,0,0,2
14.35958333,26.875,16.41666667,0,0.125,2
5.119583333,22.70833333,16.79166667,0,0.041666667,1
8.233333333,26.16666667,12.125,0,0,0
7.879166667,26.54166667,16.54166667,0,0,2
13.87458333,27.29166667,16.79166667,0,0.458333333,3
11.00583333,24.58333333,19.04166667,0,0.208333333,2
5.60625,21.375,17.25,0,0.208333333,2
6.236666667,24.79166667,17.91666667,0,0,2
9.588333333,26.375,19.125,0,0,3
15.23208333,25.66666667,19.54166667,0,0,3
14.32041667,27.20833333,18.04166667,0,0,3
37.82958333,29.83333333,17,0,0,2
21.57125,26.33333333,20.375,0,0.041666667,3
13.5225,22.75,21.125,0,1.333333333,2
10.46708333,22.75,15.875,0,1.166666667,0
3.745,25,14.91666667,0,0,0
9.330416667,25.54166667,14.95833333,0,0,1
10.355,26.16666667,15.58333333,0,0,1
13.87583333,26.75,18.75,0,0,2
14.17583333,25.91666667,21.25,0,0,3
3.687916667,25.25,22.04166667,0,0.166666667,2
3.352916667,25,23.04166667,0,0.458333333,2
2.1575,25.66666667,23.41666667,0,0.666666667,3
6.927916667,28.70833333,18.875,0,0,2
7.579583333,29.04166667,18.04166667,0,0,1
29.64833333,27.125,19.375,0,0,2
9.275833333,27.75,21.29166667,0,0,3
9.777083333,25.375,14.33333333,0,0.25,0
17.68833333,25.875,14.95833333,0,0.041666667,0
8.307083333,27.33333333,15.04166667,0,0,0
6.688333333,27.25,19.25,0,0,2
13.705,27.16666667,21.79166667,0,0,3
13.18791667,26.75,21.45833333,0,0,2
18.14708333,27.25,21.95833333,0,0.125,2
6.2225,26.75,21.91666667,0,0.083333333,2
12.85416667,25.125,20.875,0,0.625,1
17.8625,26.54166667,19.91666667,0,0.125,0
4.620416667,23.95833333,21.08333333,0,0.291666667,2
5.159583333,24.91666667,20.625,0,0,2
5.30875,25.95833333,21.66666667,0,0.041666667,2
7.039166667,23.41666667,21.91666667,0,1.75,1
10.20166667,25.16666667,22.83333333,0,0.25,2
30.94,25.75,23.83333333,0,0.083333333,3
2.83,28.54166667,26.20833333,0,0,3
9.464583333,27.54166667,25.625,0,1.916666667,3
2.436666667,25.54166667,23.95833333,0,0.916666667,1
8.009166667,27.95833333,22.79166667,0,0.041666667,1
13.52041667,26.25,23.375,0,0.25,1
22.88875,27.875,25.33333333,0,0,3
8.214166667,24.91666667,23.625,0,5,2
8.71625,25.875,21.91666667,0,6.5,1
6.107619048,28.23809524,22.38095238,0,0,1
26.75,28.08333333,20.16666667,0,0,1
17.16173913,26.56521739,21.82608696,0,0,2
15.66916667,26.66666667,23,0,0,0
45.385,24,22,0,0,2
61.23,24,22,0,0,2
7.901111111,29.94444444,23,0,0,2
7.987727273,27.72727273,24.22727273,0,1.136363636,3
14.01333333,27,24,0,0,1
8.7,28,23.72727273,0,0,2
11.19666667,28.375,24.08333333,0,0,2
30.06083333,27.625,24.375,0,0,2
8.385,26,24.75,0,0.541666667,2
6.801666667,24.79166667,23.75,0,1.625,2
11.9375,27.16666667,20.16666667,0,0.25,0
11.39875,24.375,21.16666667,0,0.416666667,1
11.23375,25.41666667,18.375,0,0,0
18.39833333,24.875,19.95833333,0,0,1
14.75208333,25,20.16666667,0,0,2
6.236363636,25.45454545,20.5,0,0,2
5.075909091,25.27272727,19.27272727,0,0,2
1.79,22,21,0,0,2
6.885333333,25.2,20.33333333,0,0.266666667,2
4.695,22.25,20.25,0,0.125,2
13.55625,22.91666667,20.75,0,0.958333333,2
7.879583333,22.75,19.375,0,0,2
4.562916667,23.25,18.91666667,0,0,2
5.577391304,24.04347826,20.26086957,0,0,2
5.045416667,25.95833333,22.375,0,0,3
2.100833333,26.33333333,23.625,0,0,3
14.70958333,23.66666667,16.66666667,0,0.291666667,1
11.37583333,23.16666667,17.16666667,0,0,1
12.14125,23.25,19.125,0,0,2
4.841666667,23.75,17.33333333,0,0,2
12.23625,22.625,16.875,0,0,2
13.55875,23.33333333,17.08333333,0,0,2
22.67583333,22.875,18.33333333,0,0.25,3
6.349583333,18.83333333,15.58333333,0,0.25,1
7.26375,19.45833333,9.958333333,0,0,0
10.95375,14.70833333,12.875,0,7.125,0
6.409166667,17.625,14.08333333,0,0,1
11.36125,16.70833333,14.91666667,0,0,2
20.88958333,20,17.83333333,0,0,2
3.77875,20.79166667,18.08333333,0,0,3
3.780833333,21.16666667,18.04166667,0,0.125,3
10.43208333,19.29166667,13.04166667,0,0.291666667,0
5.977916667,17.04166667,3.833333333,0,0.625,0
8.360416667,14.91666667,2.541666667,0,0,0
15.64791667,15.45833333,4.833333333,0,0,0
13.13375,16.66666667,5.208333333,0,0,1
6.445416667,17.66666667,5.916666667,0,0,1
12.96291667,18.375,6.416666667,0,0,1
8.02625,18.5,10.41666667,0,0,2
5.6425,19.33333333,12.375,0,0,2
3.77625,18.625,14.625,0,0,3
12.8826087,19.2173913,13.43478261,0,0,3
10.82166667,19.04166667,13.70833333,0,0,3
2.117083333,18.29166667,16.125,0,0,3
56.75708333,18.29166667,2.375,0,0,1
14.17208333,14.04166667,-1.041666667,0,0,0
8.777083333,14.70833333,1.083333333,0,0,1
4.807916667,12.91666667,-0.583333333,0,0,0
11.89846154,10.07692308,1.076923077,0,0,1
16.475,15.625,10.375,0,0,2
5.288333333,15.625,11.91666667,0,0,3
7.41375,18.79166667,14.375,0,0,3
4.730416667,17.375,7.5,0,0,2
6.089583333,17.54166667,11.45833333,0,0,2
2.67826087,17,13.13043478,0,0,3
7.714166667,17.20833333,11.5,0,0.625,2
21.43875,15.70833333,1.583333333,0,0,0
86.62833333,15.41666667,2.916666667,0,0,0
21.785,16.91666667,1.125,0,0,0
3.667916667,12.08333333,1.333333333,0,0,0
2.957916667,12.125,7.166666667,0,0,2
6.946666667,12.45833333,9.791666667,0,0,3
2.86625,13.25,11.66666667,0,0.041666667,3
2.265416667,13.25,10.75,0,0,3
3.27875,13.54166667,11.375,0,0,3
10.97041667,10.45833333,6.791666667,0,1.875,3
5.93,7.652173913,-2.913043478,0,0,0
5.679411765,7.294117647,-4.176470588,0,0,0
1.524117647,7.058823529,2.647058824,0,0.058823529,2
6.705,11.66666667,5.5,0,0,3
2.873043478,9.695652174,3.913043478,0,0,3
8.139583333,8.708333333,6.291666667,0,0,3
7.565,8.833333333,7.375,0,0,3
3.4975,12.66666667,10.91666667,0,0,3
7.920454545,12.72727273,10.90909091,0,0.045454545,3
22.605,10.58333333,2.958333333,0,0,1
1.672083333,12.25,6.333333333,0,0.125,1
3.59375,13.25,7.666666667,0,0.166666667,2
17.02291667,11.41666667,4.5,0,1.375,0
2.643333333,9.583333333,3.125,0,0,1
7.843333333,9,1.375,0,0,1
8.9225,11.16666667,2.5,0,0,1
7.727083333,8.041666667,-1.666666667,0,0,1
8.90375,7.208333333,-2.791666667,0,0,1
2.24875,6.291666667,0.708333333,0,0,0
23.74458333,11.08333333,-5.958333333,0,0,1
21.00791667,5.375,-11.70833333,0,0,0
1.86,3.75,-6.625,0,0,2
2.53,4.041666667,-0.083333333,0,0,3
3.453181818,6.909090909,3.909090909,0,0,3
7.432916667,6.916666667,5.916666667,0,3.25,2
13.50833333,9.583333333,4.666666667,0,0.25,2
76.11916667,4.333333333,-8.166666667,0,0.166666667,0
24.665,0.625,-9.333333333,0,0,1
3.911666667,1.583333333,-4,0,0,2
32.76,4.125,-5.916666667,0,0,3
162.9691667,0.833333333,-14.75,0,0,0
1.599166667,-2.458333333,-7.75,0,0,3
6.794166667,-0.958333333,-5.75,0,0,3
12.18333333,1.5,-4.041666667,0,0,3
6.315416667,2.708333333,-3.166666667,0,0,3
13.09458333,4.875,-2.333333333,0,0,2
4.657083333,1.916666667,-8.333333333,0,0,1
5.653478261,0.565217391,-10.91304348,0,0,2
2.69625,-1.833333333,-7.416666667,0,0,3
2.510833333,-1.041666667,-2.041666667,1.166666667,0,3
5.272083333,-0.583333333,-7.041666667,0,0,2
4.040416667,-2.208333333,-4.541666667,0,0,3
2.379166667,-1.333333333,-1.875,0.375,0,3
5.27125,0.291666667,-0.5,0.875,0,3
37.58958333,0.916666667,-6.916666667,0.416666667,0,2
84.64708333,-3.75,-17.45833333,0,0,0
63.715,-3.625,-16.66666667,0,0,0
111.8295833,0.125,-14,0,0,0
17.76791667,2.125,-9.583333333,0,0,2
10.87916667,1.666666667,-7.833333333,0,0,1
3.47875,0.375,-2.208333333,0,0,3
113.1125,-1.791666667,-17.25,0,0,0
84.68291667,-4.375,-18.91666667,0,0,0
154.3016667,-6.208333333,-21.58333333,0,0,0
5.7025,-5.791666667,-17.16666667,0,0,2
10.76375,-3.041666667,-17.58333333,0,0,1
4.69,-2.333333333,-18.41666667,0,0,1
10.0975,-2.75,-15.08333333,0,0,2
37.87521739,-2.130434783,-17.95652174,0,0,0
31.68,-2.125,-17.66666667,0,0,0
12.01333333,-2.458333333,-15.20833333,0,0,1
14.00666667,-1.916666667,-15.875,0,0,1
2.73875,-3.583333333,-14.125,0,0,2
2.847083333,-4.916666667,-12.20833333,0,0,2
6.01875,-4.166666667,-10.29166667,0,0,3
14.3775,-2.625,-9.666666667,0,0,3
22.58125,-4.708333333,-10.58333333,0.25,0,1
5.585833333,-4.083333333,-8.75,0,0,2
11.08333333,-3.666666667,-11.79166667,0,0,3
14.15333333,-3.375,-14.95833333,0,0,2
33.84583333,-2.708333333,-13.25,0,0,1
220.1466667,-3.916666667,-19.45833333,0,0,0
88.25166667,-4.458333333,-19.54166667,0,0,0
5.215416667,-6.125,-17.45833333,0,0,2
13.00666667,-5.375,-13.54166667,0,0,2
22.90458333,-4.5,-7.166666667,7.125,0,2
3.798333333,-4.125,-7.833333333,0,0,3
4.765,-5.291666667,-11.625,0,0,3
26.135,-3.625,-13.25,0,0,3
11.36083333,-5.458333333,-16.79166667,0,0,1
4.990416667,-5.166666667,-14.79166667,0,0,3
19.96833333,-2.375,-13.875,0,0,1
4.115,-7,-14.2,0,0,2
1.634166667,-1.916666667,-6.416666667,0,0,3
6.179166667,-2.833333333,-6.416666667,0,0,3
3.623333333,-2.416666667,-6.666666667,0,0,3
59.28833333,-3.458333333,-18.875,0,0,1
71.3875,-8.291666667,-25.70833333,0,0,0
8.084166667,-9.291666667,-24.83333333,0,0,1
22.50166667,-8.291666667,-23.08333333,0,0,3
26.9475,-5.833333333,-22.45833333,0,0,0
6.384583333,-6.25,-20.54166667,0,0,1
3.370416667,-5.541666667,-17.91666667,0,0,2
8.324583333,-3.875,-17.625,0,0,1
2.657083333,-5.375,-10.45833333,0.125,0,2
6.070416667,-4.916666667,-18.83333333,0,0,1
7.913333333,-6.416666667,-10.45833333,2.291666667,0,2
31.99875,-4.833333333,-18.33333333,0,0,2
14.695,-8.625,-25.625,0,0,0
24.61583333,-7.375,-24.375,0,0,0
13.68916667,-6.041666667,-23.16666667,0,0,1
9.573333333,-3.583333333,-22.54166667,0,0,0
3.612083333,-1.875,-13.58333333,0,0,2
98.73291667,-4.541666667,-21.375,0,0,2
127.8966667,-7.208333333,-25.375,0,0,0
54.68125,-4.541666667,-22.91666667,0,0,0
7.357916667,-4,-19.66666667,0,0,1
25.07583333,-1,-20.91666667,0,0,0
12.34916667,-2.333333333,-19,0,0,2
4.429166667,-3.25,-9.25,0,0,2
3.8725,-2.041666667,-9.5,0,0,3
6.721666667,-1.375,-17.33333333,0,0,2
5.307916667,-3.25,-10.83333333,0,0,2
72.73833333,-2.083333333,-20.41666667,0,0,0
229.6025,-4,-21.83333333,0,0,0
40.34375,-2.875,-21.33333333,0,0,0
4.655416667,-1.75,-19.95833333,0,0,1
6.705833333,-1.083333333,-16.5,0,0,2
3.930416667,-0.958333333,-10.83333333,0,0,2
4.487083333,0.708333333,-5.583333333,0,0,3
15.40541667,0.041666667,-16.25,0,0,0
12.20041667,-0.416666667,-11.04166667,0,0,2
37.36125,-0.708333333,-18.79166667,0,0,0
6.093333333,-0.166666667,-17,0,0,1
10.09291667,-0.333333333,-9.333333333,0,0,3
13.68833333,0.833333333,-8.375,0,0,3
7.398333333,-0.611111111,-6.666666667,0,0,3
3.48125,0.833333333,-3.083333333,0,0.75,3
15.21958333,0.666666667,-0.666666667,3.25,0.75,2
29.565,0.227272727,-5.863636364,0,0,2
6.663333333,0.5,-7.916666667,0,0,2
4.005833333,-0.458333333,-6.333333333,0,0,3
95.03833333,4.75,-14.83333333,0,0,0
44.97652174,4.608695652,-14.69565217,0,0,0
21.29041667,-0.5,-19.875,0,0,0
14.47125,-0.041666667,-11.125,0,0,2
65.63666667,0.666666667,-16.20833333,0,0,1
172.1541667,0.125,-21.91666667,0,0,0
7.488333333,1.208333333,-16.83333333,0,0,1
9.572083333,4.833333333,-12.5,0,0,2
19.53130435,6.434782609,-15.7826087,0,0,0
11.86458333,3.791666667,-7.25,0,0.083333333,2
7.173333333,6,3.333333333,0,0.375,3
20.74958333,3.25,2.958333333,0.041666667,0.666666667,3
14.53,1.625,-4.416666667,0.75,0,1
5.473333333,3.125,-2.541666667,0,0,2
12.905,4.75,-2.458333333,0,0,2
14.37625,5.708333333,1.125,0,0,3
12.28875,8.083333333,-1.166666667,0,0,3
49.73083333,7.166666667,-6.041666667,0,0.25,0
62.05875,9.375,-12.25,0,0,0
9.385833333,8.375,-9.958333333,0,0,1
3.575416667,9.208333333,-3.791666667,0,0,3
18.55375,13.79166667,-5.708333333,0,0,2
25.985,14.29166667,-5.625,0,0,1
38.98208333,15.29166667,-6,0,0.166666667,1
210.7220833,10.16666667,-13.66666667,0,0,0
17.11541667,8.833333333,-13.875,0,0,0
34.41916667,7.375,-7.166666667,0,0,1
7.13375,8.375,-6.458333333,0,0,1
25.165,12.625,-14.125,0,0,0
45.22375,15.20833333,-14.33333333,0,0,0
94.93416667,13.66666667,-13.25,0,0,0
7.91625,13.45833333,-6.416666667,0,0,0
6.965,10.875,-5.25,0,0,1
40.4775,17.79166667,-11.5,0,0,1
28.02208333,18.20833333,0.916666667,0,0,2
33.3825,17.91666667,8.333333333,0,0.125,1
31.16208333,14.79166667,-8,0,0,0
18.84875,18.66666667,-7.583333333,0,0,0
23.99291667,18.66666667,0.041666667,0,0,1
33.32041667,21.375,-0.125,0,0,1
27.36166667,19.04166667,3.75,0,0,1
15.88791667,15.91666667,-4.125,0,0,0
43.0025,18.25,4.791666667,0,0,2
63.38708333,18.125,12.125,0,0.375,3
7.190416667,14,10,0,0.208333333,2
14.63375,13.375,11.66666667,0,0.666666667,2
7.542083333,13.41666667,10.66666667,0,0.25,3
7.73125,16.625,11.16666667,0,0,3
6.594583333,18.95833333,13.875,0,0,3
25.16166667,15.58333333,13.70833333,0,3.791666667,2
113.5475,14.45833333,-3.083333333,0,0,0
3.500416667,13.66666667,3.916666667,0,0,1
59.89434783,18.04347826,-2.260869565,0,0,2
15.43833333,15.08333333,-7.916666667,0,0,2
15.01416667,15,0.875,0,0,3
6.35125,15.45833333,11.66666667,0,0,3
19.1125,18.54166667,12.125,0,0,3
5.175416667,21.875,9.5,0,0,2
6.760416667,23.66666667,8.041666667,0,0,1
8.764347826,23.73913043,11.39130435,0,0,2
10.22458333,23.5,3.833333333,0,0,2
19.35041667,22.375,8.708333333,0,0,2
4.525416667,21.25,5.75,0,0,2
7.28625,22.54166667,6.166666667,0,0,2
15.7225,21.20833333,7.291666667,0,0,2
9.650833333,22.875,12.58333333,0,0,3
8.084166667,19.5,14.20833333,0,1.458333333,3
10.29708333,18.33333333,12.54166667,0,3.208333333,2
64.85416667,18.04166667,13.125,0,0.125,2
22.2475,19.125,-0.083333333,0,0,1
43.42208333,20.25,-2.041666667,0,0,0
83.505,22.58333333,-0.875,0,0,0
41.325,22.04166667,6.5,0,0,1
5.998333333,22.79166667,11.41666667,0,0,2
12.1005,25,16.95,0,0,3
11.21416667,24.16666667,16.33333333,0,0,2
24.94375,23.75,14.0625,0,0,2
11.06333333,23,1.333333333,0,0,0
3.758636364,21.36363636,2.272727273,0,0,0
7.18625,21.70833333,5.916666667,0,0,1
19.43166667,24,9.208333333,0,0,2
28.81583333,24.25,12.79166667,0,0,2
10.60818182,25.77272727,13.13636364,0,0,2
21.4975,22.79166667,13.20833333,0,0.416666667,1
9.18,20.91666667,6.25,0,0,0
6.350833333,19.54166667,9.75,0,0.125,1
6.611666667,18.83333333,14.04166667,0,0.25,2
22.61625,22.04166667,14.66666667,0,0,2
14.83041667,21.25,18.54166667,0,0.541666667,3
13.55708333,24.20833333,15.83333333,0,0,2
11.54708333,27,12.375,0,0,1
12.89,24.95833333,15.45833333,0,0,2
6.889166667,25.95833333,15.125,0,0,1
15.34541667,26.79166667,15.29166667,0,0.125,1
16.7625,24.5,18.58333333,0,0.166666667,2
7.9525,23.5,6.458333333,0,0.125,0
6.182083333,24.83333333,6.291666667,0,0,0
6.352916667,24.29166667,9.166666667,0,0,0
7.54375,22.29166667,13.54166667,0,0.208333333,1
10.1325,21.875,13.125,0,0,0
6.162222222,23.27777778,12.22222222,0,0,0
14.17625,25.75,12.58333333,0,0.083333333,0
8.62375,28.58333333,13.875,0,0,0
8.9025,27.75,16.375,0,0,3
18.93217391,25.39130435,18.69565217,0,0.434782609,3
13.21478261,25.95652174,18.7826087,0,0,3
8.005652174,25.86956522,19.17391304,0,0.130434783,3
21.33782609,23.91304348,19.95652174,0,0.130434783,2
5.625833333,24.08333333,20.75,0,0.125,3
11.81652174,23.26086957,21.47826087,0,0.956521739,3
14.6575,23.45833333,20.79166667,0,1.25,2
16.59708333,24.33333333,20.75,0,0.041666667,2
11.15833333,24.45833333,18.83333333,0,0,1
11.235,21.70833333,20,0,2.291666667,2
3.733478261,22.2173913,20.69565217,0,3.086956522,2
7.225833333,27.45833333,19.625,0,0,1
15.30454545,28.31818182,23.22727273,0,0,2
6.977391304,29.47826087,14.95652174,0,0,1
7.60173913,29.17391304,16.73913043,0,0,0
14.98652174,27.65217391,18.13043478,0,0,2
10.61833333,24.45833333,20.83333333,0,0.333333333,2
2.885416667,23.66666667,21.75,0,0.166666667,2
15.92416667,26.875,23.5,0,0.25,3
7.504583333,26.875,23.45833333,0,0.041666667,2
13.96958333,25.375,23.66666667,0,1.958333333,2
10.37458333,26.70833333,23.45833333,0,0.208333333,1
3.036666667,25.08333333,22.08333333,0,0,1
3.251818182,26.5,20.86363636,0,0.045454545,0
4.188333333,26.5,19.91666667,0,0,0
5.644166667,26.20833333,18.08333333,0,0,0
5.420833333,27.375,17.54166667,0,0,1
13.61583333,28.33333333,18.45833333,0,0,2
33.21826087,27.43478261,20.69565217,0,0,2
46.84826087,26.69565217,21.43478261,0,0,2
15.11833333,27.08333333,22.91666667,0,0,2
14.62666667,28.625,24.25,0,0,3
30.78333333,25.70833333,24.375,0,4.791666667,3
18.21625,27.66666667,20.125,0,3.5,0
8.71875,27.125,20.20833333,0,0,0
6.4975,26.70833333,21.79166667,0,0,1
13.79,26.25,24.04166667,0,0.333333333,2
16.01708333,25.33333333,24.20833333,0,0.083333333,1
2.641304348,26.30434783,24.69565217,0,0.130434783,2
19.06,27.0625,25.25,0,0.25,2
3.291818182,25.63636364,22.90909091,0,2,1
6.316956522,20.69565217,20.2173913,0,10.13043478,0
13.48625,21,20.08333333,0,7.125,0
5.309583333,25.25,20.625,0,0,0
10.84782609,26.34782609,23.2173913,0,0,1
12.44416667,27.79166667,22.125,0,0,0
8.942916667,27.625,23.04166667,0,0,1
11.08333333,28.29166667,23.83333333,0,0,1
8.005,28.04166667,24.29166667,0,0,1
3.91,28,24.75,0,0.125,2
6.459583333,27.54166667,21.375,0,0,1
8.159166667,27.33333333,21.79166667,0,0,2
2.444705882,25.29411765,21.82352941,0,0.352941176,2
5.916923077,26.07692308,15.46153846,0,0,0
20.09608696,21.60869565,16.69565217,0,0.043478261,1
6.405416667,24.20833333,17.95833333,0,0,1
12.53181818,25.13636364,19.81818182,0,0,2
32.48086957,25.04347826,21.2173913,0,0,2
60.51272727,24,22.54545455,0,0.909090909,3
7.154545455,24.54545455,10.90909091,0,0,0
7.485833333,21.625,8.791666667,0,0,0
8.754166667,22.125,14.83333333,0,0,2
8.355,23.04166667,14.91666667,0,0,2
10.70666667,23.33333333,16.5,0,0,2
15.92375,24.5,18.58333333,0,0,3
9.87625,25.25,21.75,0,0.25,1
3.687916667,27.08333333,21.25,0,0,2
6.407916667,28.29166667,20.875,0,0,2
5.341666667,27.66666667,22.54166667,0,0,3
11.46791667,27.75,23.08333333,0,0,3
4.342083333,25.25,22.875,0,0.791666667,3
19.03583333,20.95833333,18.33333333,0,4.25,0
32.13916667,21.08333333,9.166666667,0,0,0
17.05916667,19.83333333,8.208333333,0,0,0
13.14708333,20,11.625,0,0,0
5.530416667,18.45833333,14.66666667,0,0.625,2
6.109166667,20.75,17.70833333,0,1.25,2
5.7175,22.33333333,17.375,0,0,1
5.418333333,22.25,18.45833333,0,0,2
4.09625,22.75,19.08333333,0,0,2
11.2875,21.66666667,18.45833333,0,0.333333333,2
24.54958333,20,9.458333333,0,0,0
3.426666667,18.20833333,8.625,0,0,0
10.00913043,18.13043478,8.217391304,0,0,0
9.423333333,18.83333333,9.583333333,0,0,0
4.409130435,19.30434783,10.73913043,0,0,1
9.1625,20.16666667,9.75,0,0,1
10.03875,21.45833333,8.083333333,0,0,0
4.153333333,20.33333333,10.04166667,0,0,1
3.610416667,20.16666667,14.75,0,0,2
11.67625,21.625,15,0,0,3
3.110416667,21.45833333,15.83333333,0,0,2
3.648333333,21,15.04166667,0,0,2
3.54,20.5,15.08333333,0,0,1
13.69,18.83333333,15.91666667,0,1.208333333,1
6.006086957,19.2173913,12,0,0,0
9.727142857,15.42857143,10.33333333,0,0.142857143,1
152.3679167,19,-4.041666667,0,0,0
26.07541667,17,2.083333333,0,0,0
6.110833333,16.83333333,5.125,0,0,0
4.7875,16.54166667,8.125,0,0,1
3.182916667,16.5,11.70833333,0,0,2
10.7673913,18,6.913043478,0,0,1
7.0575,18,4.333333333,0,0,0
6.052916667,17,8,0,0,1
7.022083333,17.125,7.416666667,0,0,2
2.99625,16.125,11.08333333,0,0,2
3.8725,16.41666667,12.625,0,0,3
48.21833333,18.25,6.5,0,0.25,2
33.65833333,15.54166667,-0.875,0,0,0
8.863333333,12.66666667,4.833333333,0,0,2
11.125,11,6,0,0,3
32.485,11,6.041666667,0,0,1
53.845,14,7,0,0,1
75.205,13.95833333,7,0,0,2
42.55347826,12.47826087,3.260869565,0,2.086956522,1
16.98166667,10.5,-5.333333333,0,0,0
3.462916667,10.70833333,0.791666667,0,0,1
2.08375,10.29166667,5.125,0,0,3
7.214347826,12.34782609,6.173913043,0,0,3
5.904166667,10.83333333,7,0,2.291666667,1
22.78291667,11.75,2.125,0,0,0
2.732916667,10.20833333,3.458333333,0,0,1
6.16375,13.5,3.333333333,0,0,2
3.165833333,12.16666667,7.625,0,0,3
3.405416667,13,11.79166667,0,0.083333333,3
24.80958333,15.25,3.375,0,0,3
26.92708333,10.91666667,-1.75,0,0,0
6.535416667,10.70833333,0.916666667,0,0,1
22.15434783,7.913043478,-8,0,0,0
8.13375,7.708333333,-7.208333333,0,0,0
4.39625,7.375,-1.625,0,0,2
3.650833333,7.916666667,4.208333333,0,0,3
14.86333333,7.875,6.5,0,3.458333333,2
168.0245833,3.5,1.041666667,0,17.58333333,0
365.43875,7.083333333,-3.291666667,0,0,0
40.47458333,6.166666667,-1.208333333,0,0,2
35.41583333,7.75,-3.791666667,0,0,1
48.78916667,6.458333333,-2.5,0,0,1
2.416666667,7.458333333,2.541666667,0,0,2
11.43416667,5.875,2.791666667,0,2.75,2
172.62375,4.041666667,-11.25,0,0,0
136.15625,5.208333333,-12.625,0,0,0
187.7283333,3.333333333,-16.91666667,0,0,0
55.03583333,1.541666667,-12.5,0,0,0
2.04625,1.416666667,-5.041666667,0.041666667,0.25,2
13.46041667,3.625,-1.625,0.125,0,2
11.75166667,3.375,-4.333333333,0,0,1
12.10291667,4.125,-4.375,0,0,2
29.479,5,-10.75,0,0,0
2.0075,3.5,-3.5,0,0,2
1.875,2.375,-2.5,0,0,3
20.76958333,3.375,-6.25,0,0,3
13.6525,0.958333333,-14.04166667,0,0,1
3.182916667,-0.416666667,-7.25,0,0,0
17.21083333,2.125,-9.75,0,0,3
37.97,2.636363636,-15.5,0,0,0
4.260416667,0.125,-8.333333333,0,0,3
98.07166667,2,-16.45833333,0,0,0
1.9925,-1.833333333,-12.375,0,0,1
30.15541667,-3.333333333,-19.41666667,0,0,1
13.5975,-5,-12.25,0,0,2
2.680833333,-4.791666667,-5.958333333,0.125,0,3
43.21291667,-1.791666667,-14.29166667,0,0,1
2.30625,-3.666666667,-12.79166667,0,0,2
53.43625,-4.333333333,-19.83333333,0,0,0
2.755,-6.958333333,-16.33333333,0,0,1
22.235,-4.875,-18.625,0,0,1
166.5529167,-7.333333333,-26.20833333,0,0,0
234.7608696,-4.695652174,-22.47826087,0,0,0
4.992083333,-4.375,-13.75,0,0,1
5.346666667,-5.291666667,-10.875,0,0,2
19.80458333,-3.458333333,-4.875,1.5,0,3
19.51458333,-1.833333333,-4.333333333,0.25,0,3
64.74375,-0.5,-1.125,7.666666667,0,3
2.530416667,1.166666667,-0.208333333,0,0,3
14.29958333,-1.375,-2.916666667,1.5,0.291666667,2
68.71416667,-3.083333333,-13,0,0,0
30.37916667,-6.041666667,-16.66666667,0,0,1
3.4575,-6.333333333,-10.54166667,0,0,3
7.153043478,-5.47826087,-8,0.652173913,0,3
22.34826087,-3.52173913,-10.69565217,0.260869565,0,2
29.89291667,-6.25,-18.91666667,0,0,0
127.625,-10.83333333,-25.33333333,0,0,0
45.72,-5.090909091,-8.909090909,1.363636364,0,3
58.18125,-4.583333333,-17.16666667,0,0,1
57.66416667,-4.916666667,-19.375,0,0,0
4.785833333,-7.916666667,-15.91666667,0,0,2
46.64666667,-7.208333333,-20.54166667,0,0,0
233.05625,-10.5,-27.45833333,0,0,0
96.39458333,-9.875,-24.58333333,0,0,0
12.84166667,-10.66666667,-21.08333333,0,0,2
8.88625,-7.583333333,-21.08333333,0,0,1
10.83833333,-6.708333333,-17.58333333,0,0,2
6.335833333,-7.125,-15.79166667,0,0,2
30.89833333,-6.958333333,-17.58333333,0,0,2
5.381666667,-6.958333333,-19.45833333,0,0,1
6.873333333,-8.291666667,-13.08333333,0,0,3
3.722916667,-3.875,-7.791666667,0.041666667,0,3
3.323043478,-7.260869565,-10,0,0,3
5.28826087,-3.739130435,-6.565217391,0,0,3
10.65416667,-4.625,-7.5,0.083333333,0,3
33.56478261,-5.130434783,-7.52173913,0.652173913,0,2
8.766956522,-4,-13.91304348,0,0,2
8.661666667,-3.666666667,-15.625,0,0,1
2.84875,-5.583333333,-12.25,0,0,3
3.985,-2.416666667,-10.25,0,0,3
2.68,-2.416666667,-5.833333333,1.5,0,2
6.462916667,-2,-5.833333333,0,0,0
6.61,-6.208333333,-7.75,1.166666667,0,3
3.575833333,-5.083333333,-6.458333333,0.458333333,0,3
31.3625,-0.708333333,-16.20833333,0,0,0
3.500416667,-7,-15.91666667,0,0,1
3.6475,-5.708333333,-10.95833333,0,0,3
2.30875,-5,-6.791666667,0.041666667,0,3
4.153333333,-1.833333333,-5.041666667,0,0,3
7.350869565,-4.347826087,-5.086956522,2.391304348,0,3
9.46625,-2.958333333,-4.541666667,0,0,3
3.7975,-1.291666667,-2.208333333,0.5,0.625,3
9.75875,-1.458333333,-11.16666667,0,0,1
11.25166667,-3.041666667,-14.375,0,0,1
4.322916667,-2.833333333,-4.416666667,2.75,0,3
12.7775,-3.166666667,-11.75,0,0,1
16.89625,-3.458333333,-5.583333333,0.25,0,2
31.43666667,-5.208333333,-15.41666667,0,0,2
21.88333333,-9.583333333,-24.83333333,0,0,0
8.775416667,-7.833333333,-19.75,0,0,1
3.35375,-4.833333333,-13.79166667,0,0,3
17.29125,-3.25,-18.91666667,0,0,1
5.010833333,-4.791666667,-13.83333333,0,0,1
10.76291667,-1.333333333,-11.625,0.041666667,0,2
7.916666667,-2.291666667,-6.458333333,0,0,3
24.0573913,0.347826087,-16.82608696,0,0,2
21.11625,-2.125,-15.25,0,0,1
10.18833333,-1.625,-8.041666667,0,0,2
11.43416667,1,-11.58333333,0,0,2
9.368333333,-0.291666667,-16.79166667,0,0,0
18.19958333,-3.125,-19.875,0,0,0
9.4825,-2.041666667,-14.16666667,0,0,2
5.665416667,-2.041666667,-6.208333333,0,0,3
16.83416667,0.75,-16.66666667,0,0,2
3.017916667,0.583333333,-13.75,0,0,2
1.896666667,0.541666667,-7.458333333,0,0,3
7.340416667,-0.416666667,-3.708333333,0.666666667,0,3
25.2625,1.375,-4.833333333,0,0,3
6.929583333,5,-8.708333333,0,0,3
41.14333333,4.125,-9.625,0,0,3
70.32833333,0.75,-23.20833333,0,0,0
5.85125,-0.041666667,-16.91666667,0,0,1
5.732916667,3.958333333,-13.29166667,0,0,2
11.67956522,8.565217391,-15,0,0,0
5.07875,5.75,-8.458333333,0,0,3
14.14173913,6.130434783,-5.260869565,0,0,3
2.047916667,7.416666667,-2.541666667,0,0,3
21.14291667,8.583333333,-2.083333333,0,0,3
50.99458333,6.75,-12.45833333,0,0,1
23.95416667,4.791666667,-15.70833333,0,0,1
21.78,5.666666667,-7.25,0,0,2
6.462083333,4.791666667,1.208333333,0,1.916666667,2
9.014583333,3.5,-12.41666667,0,0,0
15.3173913,3.043478261,-4.347826087,0,0,2
1.841666667,4.791666667,-1.375,0,0,3
12.84652174,8.652173913,-0.130434783,0,0,3
3.333333333,8.416666667,2.083333333,0,0,3
29.33375,7.875,-11.54166667,0,0,1
11.30375,1.916666667,-1.291666667,0.458333333,0.333333333,1
12.03041667,1.166666667,-4.083333333,1.875,0,1
15.73791667,3.791666667,-2.541666667,0,0,3
21.60333333,5.916666667,-6.958333333,0,0,1
52.1475,4.125,-6.875,0,0,1
9.90875,4.416666667,-15.25,0,0,0
9.114782609,4.739130435,-7.130434783,0,0,2
14.14083333,7.125,-2.25,0,0,3
17.93833333,10.79166667,-4.708333333,0,0,2
9.815833333,8.041666667,-14.875,0,0,0
6.35,5.416666667,-6.208333333,0,0,2
21.105,5.541666667,-4.125,0,0,2
52.91,5.125,2.125,0,0,3
9.145,10.29166667,-3.625,0,0,2
13.58434783,9.782608696,-4.826086957,0,0,2
24.56416667,10.91666667,-1.583333333,0,0,2
34.14208333,8.333333333,-1.083333333,0,1.5,2
51.98916667,8.541666667,-0.875,0,2.875,1
9.146666667,7.75,-9.416666667,0,0,0
56.60583333,8.791666667,-2.333333333,0,0,2
98.92541667,9.5,-13.54166667,0,0,0
180.33875,8.833333333,-11.95833333,0,0,0
134.9058333,8.75,-12.125,0,0,0
204.4243478,10.47826087,-13.43478261,0,0,0
4.767083333,13.625,-6.166666667,0,0,1
23.03833333,16.29166667,-1.458333333,0,0,1
17.09625,11.79166667,-10.41666667,0,0,0
20.81478261,12.2173913,-0.739130435,0,0,1
13.18772727,13.45454545,-0.909090909,0,0,1
28.51541667,11.33333333,-2.666666667,0,0,1
11.60166667,10.5,-15.33333333,0,0,0
22.90833333,7.041666667,-2.125,0,0,1
18.51208333,9.166666667,-0.625,0,0,2
20.18916667,11.66666667,2.291666667,0,0,2
21.49333333,12.125,5.708333333,0,0,3
9.48,11.79166667,7.333333333,0,0.041666667,3
17.04083333,15.125,0.291666667,0,0,2
86.43,16.83333333,-9.166666667,0,0,0
13.07208333,16.45833333,-1.5,0,0,1
22.08541667,17.70833333,1.208333333,0,0,1
12.42,15.875,3.041666667,0,0,0
35.07708333,21.20833333,-9.25,0,0,0
11.56791667,20.70833333,-9.791666667,0,0,0
10.27958333,17.16666667,-0.791666667,0,0,1
30.285,18.33333333,3.625,0,0,2
9.849583333,17.25,6.916666667,0,0.25,1
31.30458333,18.875,5.708333333,0,0,2
15.4525,20.41666667,11.04166667,0,0,3
7.222083333,22.66666667,12.83333333,0,0,3
13.33458333,22.79166667,13.16666667,0,0,3
25.66708333,20.625,11.04166667,0,0.083333333,2
19.13375,17.54166667,11.625,0,0,1
7.9875,21.375,2.666666667,0,0,1
17.9525,22.83333333,-1.208333333,0,0,1
7.542916667,21.875,-4.833333333,0,0,1
6.872916667,20.33333333,6.166666667,0,0,2
20.06083333,24.5,1.25,0,0,1
11.21333333,21.75,6.416666667,0,0,1
17.7675,20.75,9.25,0,0,1
9.136875,19.25,11.625,0,0,2
40.00875,21.9375,13.625,0,0,2
33.62,20.29166667,2.25,0,0,1
33.13666667,21.58333333,-2.75,0,0,1
24.62458333,22.875,9.25,0,0,2
19.44041667,22.91666667,7.291666667,0,0,1
7.375,22.41666667,10.16666667,0,0,2
6.722083333,23.25,14.16666667,0,0,2
10.91125,24.08333333,12.79166667,0,0,1
14.26416667,20.79166667,16.875,0,0.416666667,2
4.545,19.75,15.54166667,0,0.166666667,1
12.10956522,20.52173913,15.82608696,0,0.391304348,2
63.88333333,25.45833333,-1.041666667,0,0,0
22.92708333,25.91666667,5.458333333,0,0,1
38.48125,25.20833333,13.125,0,0,2
4.488333333,25.04166667,7.458333333,0,0,0
19.37333333,22,15.58333333,0,0,3
3.8175,25.91666667,12.125,0,0,2
14.02875,20.95833333,15.95833333,0,0.166666667,2
5.999583333,18.79166667,17.41666667,0,1.791666667,2
4.917083333,19.25,18.08333333,0,2.291666667,3
3.539166667,20.58333333,18.83333333,0,0.625,2
2.810833333,20.45833333,18.79166667,0,0.208333333,3
23.99,18.625,16.91666667,0,3.916666667,1
6.05,20.375,14.66666667,0,0.166666667,0
7.766666667,21.08333333,15,0,0.083333333,1
13.3525,21.16666667,14,0,0,1
11.11958333,23.95833333,15.20833333,0,0,2
51.7475,25.83333333,12.95833333,0,0,2
10.30458333,25.25,15.08333333,0,0,2
8.700833333,22.625,18.54166667,0,0.5,3
11.67875,25.70833333,16.20833333,0,0,1
13.40958333,27.95833333,15.95833333,0,0,1
3.222083333,29.125,14.29166667,0,0,1
4.573636364,27.09090909,17,0,0,2
17.48958333,26.5,16.79166667,0,0,2
11.80875,21.75,18.29166667,0,1.541666667,1
7.76375,25.625,16.875,0,0,1
16.33125,24.91666667,19.75,0,0.25,2
3.37,22.29166667,20.33333333,0,0.291666667,2
14.58458333,25.66666667,20.95833333,0,0,3
3.8,27.75,18.25,0,0,2
16.03666667,25.41666667,21.79166667,0,0.166666667,3
2.217083333,23.125,20.91666667,0,0.041666667,2
7.579166667,25.20833333,22.41666667,0,0,3
2.476666667,24.875,22.375,0,0.458333333,2
36.29916667,28.70833333,17.33333333,0,0.75,0
9.739166667,30.08333333,18.375,0,0,0
6.984583333,28.16666667,18.20833333,0,0.125,0
14.19333333,29.08333333,16.83333333,0,0,0
21.31375,29.625,19.29166667,0,0.041666667,1
13.6475,27.375,22.33333333,0,0.25,2
3.445,25.04166667,22.75,0,1.333333333,2
2.28875,24.33333333,22.79166667,0,1.958333333,2
16.28041667,23.79166667,21.20833333,0,1.625,1
28.33208333,25.125,20.20833333,0,0,1
9.649583333,26.54166667,21.66666667,0,0,1
14.64458333,27.375,22.25,0,0,2
25.88083333,26.58333333,21.33333333,0,0.125,2
14.13791667,24.25,23.04166667,0,13.125,1
11.00625,27.41666667,17.25,0,0,0
11.32869565,26.39130435,18.39130435,0,0,1
27.11208333,25.5,22.08333333,0,0.125,2
5.712916667,26.54166667,21.25,0,0,2
1.9725,28.08333333,18.58333333,0,0,2
8.808333333,27.375,20.875,0,0,1
13.65611111,25.5,20.16666667,0,0,2
12.45958333,27.29166667,17.79166667,0,0.041666667,1
13.705,29.66666667,16.5,0,0,1
14.80541667,29.70833333,16.75,0,0,0
15.14208333,25.91666667,19.25,0,0.25,1
2.250416667,24.58333333,22.25,0,1.25,2
5.77375,29.95833333,18.95833333,0,0,1
3.777916667,28.54166667,22.08333333,0,0.041666667,1
8.08375,28.58333333,21.66666667,0,0,2
7.841666667,26.29166667,20,0,0.791666667,1
2.533333333,23.16666667,19.79166667,0,0.416666667,1
3.7975,25.83333333,19.83333333,0,0.041666667,1
12.20291667,27.58333333,17.25,0,0,0
9.146666667,27.04166667,20.95833333,0,0.166666667,2
5.57125,26,19.33333333,0,0.083333333,1
5.959583333,28.375,23.75,0,0,2
16.83416667,25.75,20.5,0,0.541666667,1
9.36875,28.08333333,19.04166667,0,0,0
14.60416667,28.58333333,18.29166667,0,0,1
4.97,28.75,22.25,0,0,2
6.092083333,27.5,23.58333333,0,0.75,2
30.66666667,26.625,21.79166667,0,0.125,1
8.77,28.08333333,22.20833333,0,0.041666667,2
13.30041667,28.33333333,22.25,0,0,1
18.94916667,29.375,24.20833333,0,0,2
7.78625,28.20833333,24.79166667,0,0.208333333,2
44.9525,31,14.83333333,0,0,1
3.240833333,28.08333333,14.375,0,0,0
4.937391304,27.34782609,14.30434783,0,0,0
5.030833333,25.5,20.375,0,0.375,2
11.75913043,26.08695652,19.7826087,0,0,2
5.343333333,23.61904762,19.71428571,0,0.285714286,2
10.39041667,26.95833333,16.25,0,0,1
7.360833333,26.54166667,14.45833333,0,0,1
9.61125,27.08333333,15.41666667,0,0,1
15.38458333,27,16.20833333,0,0,1
44.04083333,24.20833333,18.5,0,0.083333333,1
15.80333333,23.08333333,19.625,0,0.708333333,1
60.92583333,24.75,10.95833333,0,0,1
12.0725,21.8,9.1,0,0.1,0
4.657083333,22.5,9.125,0,0,0
4.209583333,22.79166667,12.625,0,0.125,1
5.19875,22.08333333,13.75,0,0,1
5.2525,22.54166667,16,0,0,2
6.48375,20.45833333,16.75,0,1.333333333,2
14.23333333,20.70833333,13.95833333,0,1.875,0
6.572083333,21.04166667,14.45833333,0,0.125,2
3.724166667,22,12.91666667,0,0,2
2.15625,21.33333333,15.625,0,0.083333333,2
11.73833333,21.29166667,15.83333333,0,0.208333333,2
13.3225,22.875,10.79166667,0,0,1
13.48875,21.45833333,12.79166667,0,0,1
13.26583333,22.08333333,15.625,0,0.083333333,3
10.49136364,19.81818182,17,0,0.318181818,2
6.52125,23.16666667,12.04166667,0,0,1
6.538333333,20.375,5.5,0,0,0
5.584583333,20.41666667,12.79166667,0,0,1
1.990416667,20,16.58333333,0,1.208333333,2
3.501666667,21.41666667,17.79166667,0,0.166666667,2
4.319583333,21.79166667,17.5,0,0.125,2
6.685,22.04166667,13.25,0,0,1
9.685416667,22.83333333,13.29166667,0,0,1
1.486666667,20.20833333,15.58333333,0,0.041666667,2
31.80833333,16.20833333,9.166666667,0,4.375,1
12.66208333,14.41666667,2.416666667,0,0,0
8.791666667,16.45833333,-1.791666667,0,0,0
4.88,15.43478261,5.652173913,0,0,1
6.0175,16.08333333,9.208333333,0,0,3
3.352083333,15.875,9.958333333,0,0,3
14.08208333,17.25,12.83333333,0,0,3
7.129166667,18.95833333,14.375,0,0,2
4.189166667,18.08333333,13.41666667,0,1.166666667,2
7.615,16.41666667,3.583333333,0,0,0
6.702916667,14.91666667,7.75,0,0,1
3.762083333,16.16666667,11.125,0,0,3
3.63125,16.91666667,11.91666667,0,0,3
1.97,16.04166667,12.875,0,0.041666667,3
8.045833333,18.16666667,7.833333333,0,0,2
4.9575,15.95,8.75,0,0,1
2.270416667,14.70833333,10.08333333,0,0,2
43.08166667,16.91666667,4.041666667,0,0,2
2.625833333,14.75,2.791666667,0,0,1
7.596666667,15.5,5.958333333,0,0.041666667,1
3.315,15.125,8.291666667,0,0.125,1
18.30375,12.16666667,0.208333333,0,0.125,1
4.265833333,9.333333333,-6.875,0,0,0
8.734583333,10.79166667,-3,0,0,1
8.621666667,10.5,2.25,0,0,3
3.425833333,11.04166667,4.375,0,0,3
52.56583333,14.16666667,-1.333333333,0,0.041666667,2
4.15375,12.66666667,-2.75,0,0,0
4.334166667,10.75,1.541666667,0,0,2
3.676818182,10.18181818,4.272727273,0,0.136363636,3
20.28541667,10.04166667,-7.333333333,0,0,0
39.59708333,10.5,-7.583333333,0,0,0
61.41291667,11.54166667,-3.708333333,0,0,1
15.8325,9.291666667,-2.875,0,0,1
2.028333333,8.291666667,1.75,0,0,3
11.10166667,10.20833333,3.5,0,0,3
4.303333333,9.666666667,-2.375,0,0,1
2.69875,7.333333333,-0.916666667,0,0,2
6.127083333,7.833333333,0.625,0,0,3
3.109166667,8,2.625,0,0.041666667,3
6.700416667,8.333333333,4.041666667,0,0,3
25.87166667,12.66666667,-3.75,0,0,1
3.630416667,9.625,-3.583333333,0,0,1
1.859583333,8.666666667,0.375,0,0,3
36.73541667,9.75,-7.541666667,0,0,2
39.5825,8.708333333,-10.25,0,0,1
1.63875,6.416666667,-2.916666667,0,0,3
13.77958333,9.666666667,-5.5,0,0,2
107.9620833,5.083333333,-25.875,0,0,0
8.325,5.75,-12.29166667,0,0,1
4.395416667,6.625,-7.375,0,0,1
1.840833333,5,-1.75,0,0,3
18.25625,8.416666667,-9.708333333,0,0,1
4.88,6.625,-8.375,0,0,2
84.66541667,8.208333333,-11.79166667,0,0,1
54.25833333,4.75,-15.5,0,0,0
160.3666667,4.791666667,-18.08333333,0,0,0
6.199565217,2.434782609,-16.47826087,0,0,1
7.745416667,3.458333333,-11.25,0,0,0
3.515416667,3.958333333,-8.75,0,0,2
9.29625,4.541666667,-8.083333333,0,0,3
4.330869565,6.086956522,-7,0,0,3
13.18541667,6.291666667,-10,0,0,2
95.29708333,4.5,-16.875,0,0,0
27.13125,0.916666667,-19.625,0,0,0
219.3295833,-2.25,-27.20833333,0,0,0
407.3533333,1.708333333,-26,0,0,0
47.34625,4.875,-15.66666667,0,0,1
8.024583333,3.916666667,-15.375,0,0,1
3.444166667,2.916666667,-14,0,0,2
3.500833333,2.208333333,-12.29166667,0,0,2
10.28125,6.5,-12.875,0,0,2
3.968333333,4.541666667,-10.29166667,0,0,2
3.687916667,4.875,-13.70833333,0,0,1
1.710416667,1.416666667,-9.708333333,0,0,3
2.215833333,0.166666667,-5.375,0,0,3
20.25,5.083333333,-7.25,0,0,3
120.5458333,2.083333333,-16.66666667,0,0,0
38.09125,0.041666667,-16.625,0,0,0
41.46208333,1.541666667,-19.45833333,0,0,0
35.53708333,-2.875,-23.625,0,0,0
3.724583333,-3.791666667,-21.66666667,0,0,1
6.75875,-2.916666667,-22.33333333,0,0,1
3.742916667,-0.916666667,-20.75,0,0,1
2.807916667,-3.041666667,-14.75,0,0,3
14.065,-0.958333333,-17,0,0,2
16.33625,-4.791666667,-20.125,0,0,1
9.850416667,-5.375,-19.29166667,0,0,1
6.483181818,-4,-18.45454545,0,0,1
6.835,-2.625,-18.20833333,0,0,2
3.872916667,-4.708333333,-14.66666667,0,0,3
11.045,-2.416666667,-15.625,0,0,2
1.727916667,-4.541666667,-11.66666667,0,0,3
41.73333333,-2.166666667,-14.875,0,0,3
245.8870833,-1.791666667,-23.41666667,0,0,0
259.7404167,-2.333333333,-21.54166667,0,0,0
75.86869565,-1.304347826,-22.82608696,0,0,0
11.37055556,1.055555556,-23.38888889,0,0,1
76.73769231,5.538461538,-21.69230769,0,0,1
56.87666667,4.666666667,-18.66666667,0,0,1
51.59166667,6.625,-17.16666667,0,0,1
3.569583333,0.375,-9.208333333,0,0,3
5.996666667,2.75,-13.375,0,0,1
2.924166667,-2,-7.25,0,0,0
15.23708333,-0.916666667,-11.08333333,0,0,2
10.35541667,-0.916666667,-5.291666667,0.375,0,0
9.57125,-0.083333333,-12.25,0,0,2
25.7375,-3.375,-23,0,0,0
21.795,-4.416666667,-25.79166667,0,0,0
3.985,-4.75,-23.25,0,0,2
3.5,-3.791666667,-20.79166667,0,0,3
8.467894737,-1.421052632,-24.26315789,0,0,0
1.934166667,-5.5,-19.5,0,0,2
4.506666667,-3.833333333,-18.29166667,0,0,2
4.412083333,-2.833333333,-17.08333333,0,0,3
4.1725,-0.916666667,-8.458333333,0,0,3
18.00791667,0.5,-13.66666667,0.166666667,0,3
18.32458333,0.458333333,-17.45833333,0,0,1
11.32208333,0.041666667,-10.54166667,0,0,2
175.3520833,0.041666667,-22.08333333,0,0,0
109.3654167,-1.208333333,-21.75,0,0,1
3.473181818,-3.772727273,-18.18181818,0,0,3
1.58125,-3.083333333,-14.04166667,0,0,3
10.63625,2.5,-16.95833333,0,0,3
9.405416667,1.791666667,-19.125,0,0,0
15.93125,-1.041666667,-10.58333333,0,0,1
15.55833333,0.5,-14.29166667,0,0,2
19.48125,-0.041666667,-16.125,0,0,1
4.31875,-2.5,-8.833333333,0,0,2
12.57208333,1.958333333,-17.66666667,0,0,0
10.76291667,0.291666667,-6.625,0,0,3
9.558333333,2.666666667,-3.625,0,0,3
38.05458333,4.416666667,-15.95833333,0,0,1
54.11666667,-1.208333333,-33.33333333,0,0,0
33.06291667,-3,-31.70833333,0,0,0
5.3775,-3.916666667,-18.16666667,0,0,2
2.3075,-2.375,-13.04166667,0,0,2
37.86125,-3.375,-7.25,7.125,0,2
23.455,-2.958333333,-11.91666667,4.375,0,1
63.96416667,-5.875,-21.375,0,0,0
14.58541667,-6.333333333,-19.79166667,0,0,0
4.506666667,-6.041666667,-15.54166667,0,0,2
10.04125,-2.666666667,-16.45833333,0,0,2
43.97916667,-2.208333333,-10.58333333,0.125,0,3
2.081666667,-3.125,-9,0,0,3
3.55875,-1.791666667,-7.958333333,0,0,3
14.49333333,0.75,-9.625,0,0,3
14.13791667,0.875,-13.45833333,0,0,2
18.52478261,-1.47826087,-11.86956522,0.043478261,0,1
6.946666667,-0.541666667,-13.08333333,0,0,2
16.83173913,-1.739130435,-6.043478261,0.130434783,0,3
1.99375,-0.875,-6.291666667,0,0,3
6.870833333,2.666666667,-4.708333333,0,0,3
4.967391304,1.782608696,-5.608695652,0,0,3
2.772083333,3.458333333,-4.958333333,0,0,3
2.6975,2.458333333,-4.291666667,0,0,3
4.1325,4.666666667,-1.166666667,0,0.291666667,3
27.98041667,4.458333333,-16.41666667,0,0,0
3.854583333,1.416666667,-7.5,0,0,2
14.95375,5.083333333,-15.375,0,0,2
7.989166667,3.875,-8.166666667,0,0,3
5.923333333,1,-5.916666667,0,0,3
46.21375,4.125,-19.25,0,0,1
32.35208333,2.333333333,-21.41666667,0,0,0
12.61083333,2.75,-26.625,0,0,0
7.564166667,2.5,-18.66666667,0,0,1
6.61625,3.75,-7.541666667,0,0,3
10.32125,3.291666667,-9.791666667,0,0,2
10.0425,2.75,-7.333333333,0,0,2
6.946666667,6.833333333,-6.416666667,0,0,3
8.45375,7.083333333,-19.125,0,0,0
8.719166667,6.583333333,-21.125,0,0,0
37.14041667,11.08333333,-21.29166667,0,0,0
10.69208333,11,-10.5,0,0,2
13.05125,11.625,-9.041666667,0,0,2
40.80791667,12.79166667,-7.666666667,0,0,2
35.96416667,11.70833333,-9.708333333,0,0,1
18.43916667,8.791666667,-7.833333333,0,0,1
33.84041667,11.75,-16,0,0,0
13.32956522,14.43478261,-14.86956522,0,0,0
10.33625,14.58333333,-13.875,0,0,1
14.03875,12.5,-4.875,0,0,3
5.69375,12.875,0.208333333,0,0,3
6.12375,14.70833333,1.208333333,0,0,3
4.92625,15.5,6.083333333,0,0,3
6.05,13.41666667,4.541666667,0,0,3
6.924166667,15.91666667,6.083333333,0,0.416666667,2
5.29,16.33333333,0.958333333,0,0,1
7.730416667,18.04166667,-4.875,0,0,0
17.28291667,17.16666667,2.916666667,0,0.041666667,3
6.142916667,15.95833333,2.041666667,0,0,2
14.41458333,16.29166667,1.083333333,0,0,2
18.2875,14.04166667,-17.41666667,0,0,0
10.80125,13.875,-10.125,0,0,0
8.287916667,13.29166667,-11.04166667,0,0,0
18.47083333,15.625,-8.458333333,0,0,1
4.279583333,16.45833333,-1.25,0,0,2
11.82583333,17.41666667,2.625,0,0,3
20.86041667,21.20833333,0.208333333,0,0,2
12.22347826,15.52173913,-2.130434783,0,0.043478261,2
7.9025,14.45833333,-3.333333333,0,0.208333333,1
6.629166667,14.75,-2.375,0,0,2
14.89416667,16.25,3.333333333,0,0,3
11.07136364,17.81818182,8.136363636,0,0,3
24.76958333,18.125,2.958333333,0,0,1
2.585416667,16.625,-3.375,0,0,1
5.59,14.375,6.458333333,0,1.166666667,2
16.055,16,9.583333333,0,0,2
18.66291667,12.625,3.5,0,0.541666667,1
10.15,14.79166667,2.541666667,0,0,1
7.78625,17.625,0.291666667,0,0,1
16.61708333,19.08333333,2.625,0,0,2
71.37916667,20.04166667,10.95833333,0,0.125,2
18.01333333,19.79166667,11.45833333,0,0,2
9.945,19.45833333,9,0,0.166666667,2
9.965416667,15.91666667,7.041666667,0,1.041666667,1
10.69083333,17.70833333,5.458333333,0,0,1
5.995833333,18.625,4.958333333,0,0,1
10.97041667,19.70833333,5.625,0,0,2
17.39375,21.125,9.583333333,0,0,2
39.225,20.625,10.66666667,0,0.083333333,2
133.6504167,17.08333333,-2.166666667,0,0,1
27.25125,16.08333333,-0.083333333,0,0,2
187.5616667,14.25,-9.625,0,0,1
8.494166667,13.875,-5.875,0,0,1
3.66875,15.75,3.666666667,0,0.041666667,2
18.19583333,18.91666667,1.583333333,0,0,2
15.97375,17.41666667,7.375,0,0,2
29.69041667,17.66666667,5.541666667,0,0,1
8.29,17.20833333,5.75,0,0.125,1
14.99708333,12.04166667,9.625,0,8.041666667,0
20.89916667,20.875,8.958333333,0,0,1
26.48666667,22.5,5.708333333,0,0,1
107.5245833,19.375,-1.375,0,0,0
13.705,20.375,3.75,0,0,2
7.579166667,23.25,4.291666667,0,0,2
17.27833333,22.08333333,6.041666667,0,0.041666667,1
21.3975,23.5,9.625,0,0.041666667,2
10.31875,22.45833333,15.5,0,0.416666667,2
11.05363636,24.54545455,11,0,0,2
10.095,24.08333333,13.625,0,0,2
25.42458333,27,13.70833333,0,0,2
32.12958333,27.95833333,13.08333333,0,0,2
13.67791667,20.83333333,17.45833333,0,0.958333333,2
31.5775,22.875,7.958333333,0,0,1
12.62416667,26.375,3.875,0,0,0
47.19333333,26.625,4.791666667,0,0,0
20.91583333,28.16666667,7.166666667,0,0,0
6.290833333,30.20833333,10.45833333,0,0,1
21.06291667,28.66666667,13,0,0,2
10.39083333,27,15.25,0,0.125,2
11.04791667,23.95833333,16.58333333,0,0.25,1
3.48375,22.45833333,12.625,0,0,0
16.70625,25.54166667,12.83333333,0,0,1
10.03625,25.70833333,14.58333333,0,0,1
5.421304348,28,15.2173913,0,0,1
10.00956522,21.08695652,16.60869565,0,1.217391304,1
17.43652174,22.86956522,10.86956522,0,0,0
3.225652174,21.08695652,13.69565217,0,0.043478261,1
5.490714286,24.85714286,11.85714286,0,0.071428571,0
4.05875,21.16666667,15.70833333,0,0.083333333,0
5.029583333,24.33333333,13.83333333,0,0,1
4.210416667,27.75,14.125,0,0,0
3.444166667,24.875,17.20833333,0,0.208333333,1
7.264583333,25.33333333,17.5,0,0,1
7.060416667,26.54166667,18.33333333,0,0.208333333,2
4.728333333,25.08333333,19.83333333,0,0.041666667,2
6.8925,21.83333333,18.375,0,0.5,2
7.768571429,23.66666667,17.38095238,0,0,1
17.12666667,23.75,18.66666667,0,0.041666667,2
7.17375,22.95833333,17.54166667,0,1.5,1
8.494583333,22.66666667,16.95833333,0,0.416666667,1
4.114166667,22.58333333,16.95833333,0,0,0
12.27416667,25.16666667,15.08333333,0,0,0
13.53416667,26.25,16.91666667,0,0,1
28.33625,24.75,18.70833333,0,0,2
12.51791667,26.91666667,20.41666667,0,0,2
8.7375,28.45833333,13.125,0,0,0
17.99041667,29.33333333,13.16666667,0,0,0
11.36041667,28.66666667,15.95833333,0,0,1
12.69833333,29.45833333,16.79166667,0,0,1
27.20958333,27.83333333,18.91666667,0,0.25,2
2.642083333,23.08333333,20.66666667,0,0.791666667,1
6.409583333,25.79166667,21.95833333,0,0,3
8.002916667,27.58333333,22.58333333,0,0,3
8.176666667,26.91666667,21.83333333,0,0,2
50.13208333,27.20833333,22.95833333,0,0,3
33.76416667,27.58333333,22.08333333,0,0,2
2.791666667,28.16666667,18.75,0,0,2
6.65125,27.25,15.45833333,0,0,0
14.73583333,29.95833333,15.04166667,0,0,0
5.43625,29.20833333,15.41666667,0,0,0
15.89947368,28.15789474,12.47368421,0,0,0
4.786666667,28.04166667,14.25,0,0.125,0
7.11375,28.79166667,15.83333333,0,0,0
23.09875,28.20833333,17.20833333,0,0.125,1
5.8475,25.83333333,21,0,0.375,2
4.26375,25.70833333,21.25,0,0,2
5.82875,29.08333333,22.5,0,0,2
12.19416667,31.70833333,23.25,0,0,1
29.00208333,31.70833333,23.16666667,0,0.125,1
28.12458333,30.83333333,19.58333333,0,0.041666667,0
11.01272727,27.95454545,16.22727273,0,0.045454545,0
7.747916667,28,16.33333333,0,0,0
3.072916667,25.91666667,20,0,0.291666667,1
12.92666667,27.33333333,17.33333333,0,0,0
14.99,29.04166667,17.83333333,0,0,2
27.94083333,29.45833333,17.58333333,0,0,2
41.33375,29.91666667,19.625,0,0,2
106.8129167,29.66666667,20.54166667,0,0.166666667,2
22.80208333,25.08333333,21.75,0,1.208333333,2
17.40416667,27.125,22.33333333,0,0,3
10.69625,27.91666667,22.58333333,0,0,2
4.224583333,29.20833333,23.875,0,0,2
2.735416667,29.16666667,23.91666667,0,0,2
7.730416667,24,20.33333333,0,0.791666667,0
8.94375,25.16666667,18.08333333,0,0,0
9.482083333,27.79166667,16.66666667,0,0,0
10.33458333,26.79166667,16.75,0,0,1
16.82208333,26.54166667,16.79166667,0,0,1
17.84833333,25.91666667,17.875,0,0.125,2
5.085416667,26.20833333,18.04166667,0,0,0
8.047916667,28.04166667,14.66666667,0,0,0
3.782083333,27.04166667,13.54166667,0,0,0
2.811666667,20.375,17.95833333,0,2.875,0
8.82875,23.54166667,16.75,0,0,0
3.034583333,24.375,17.08333333,0,0,1
4.152083333,26.375,18.16666667,0,0,1
8.94375,25.91666667,17.83333333,0,0,1
11.72409091,25.09090909,17.86363636,0,0,1
14.98833333,26.70833333,18.25,0,0,2
23.494375,26.375,18.9375,0,0,2
8.415652174,27.13043478,19.86956522,0,0.086956522,2
2.531666667,24.66666667,19.08333333,0,0,1
4.57875,27,20.5,0,0.041666667,2
6.816666667,26.25,16.20833333,0,0.125,0
6.464166667,26.04166667,12.5,0,0,0
6.911666667,26.66666667,10.16666667,0,0,0
5.569166667,26.04166667,13.83333333,0,0,1
3.500416667,24.125,17.375,0,0.916666667,2
1.9725,22.625,18.66666667,0,0.125,2
2.084166667,22.875,20.5,0,0.125,2
3.035,22.5,20.20833333,0,0.333333333,2
3.67,22.08333333,20.33333333,0,0.75,2
2.421666667,20.33333333,18.75,0,2.166666667,0
8.568333333,23.08333333,13.91666667,0,0,0
7.672916667,24.33333333,15.45833333,0,0,1
14.84791667,23.83333333,18.125,0,0,2
9.91125,24.54166667,19.83333333,0,0,2
16.65458333,24.95833333,19.58333333,0,0.166666667,2
7.115,23.08333333,9.125,0,0,0
6.799166667,21.91666667,13.125,0,0,1
9.982083333,22.83333333,15.08333333,0,0,1
3.3125,21.95833333,16.83333333,0,0.208333333,2
4.692916667,21.41666667,17.5,0,0.25,1
12.77666667,22.20833333,15.66666667,0,0.041666667,1
5.361666667,19.91666667,11.33333333,0,0,1
9.04875,20.45833333,5.5,0,0,0
3.352272727,17.5,10.31818182,0,0,1
4.861666667,18.125,11.45833333,0,0,1
9.483333333,19.54166667,10.16666667,0,0,1
6.180869565,18.52173913,13.65217391,0,0.086956522,2
2.177916667,21.08333333,16.45833333,0,0,2
10.54791667,21.20833333,15.08333333,0,0,2
5.515,20.16666667,17.04166667,0,0.333333333,2
6.055,18.04545455,17.04545455,0,10.77272727,1
4.916666667,20,15.58333333,0,0.833333333,0
3.11125,18.41666667,16.375,0,0,2
8.495833333,18.91666667,16.41666667,0,0.041666667,2
3.427083333,18.45833333,11.16666667,0,0,1
6.33125,18,13.95833333,0,0,1
8.119583333,17.79166667,8.666666667,0,0,1
10.82625,12.45833333,2.291666667,0,0,0
4.674166667,11.70833333,8.625,0,2.75,2
6.523333333,14.875,11.33333333,0,0,1
2.306666667,14.95833333,12.54166667,0,0.166666667,2
9.855,14.625,13.41666667,0,1.875,2
9.981666667,15.125,7.041666667,0,0,0
6.555,13.33333333,4.166666667,0,0,0
2.250833333,13.5,8.666666667,0,0,2
2.064166667,14.83333333,12.04166667,0,0.041666667,3
1.4125,15.95833333,13.45833333,0,0,3
2.960833333,16.70833333,14,0,0,3
10.70875,16.95833333,12.54166667,0,0,3
21.58958333,14.79166667,0.625,0,0.416666667,0
17.39666667,9.791666667,-3.458333333,0,0,0
7.800833333,12.20833333,1.041666667,0,0,1
31.52666667,13.79166667,-1.458333333,0,0,1
17.53875,12.25,-1.333333333,0,0,1
3.145416667,13.25,4.541666667,0,0,2
2.884583333,14.83333333,8.291666667,0,0,3
5.400416667,16.29166667,12.04166667,0,0,3
6.450869565,14.73913043,12.39130435,0,0,3
16.35208333,11.91666667,0.625,0,0,1
3.999583333,10.08333333,4.833333333,0,0,2
1.784583333,12.5,7.875,0,0,2
4.714583333,12.16666667,9.833333333,0,0,3
4.155,13.41666667,11.41666667,0,0,3
26.76333333,13.83333333,-4.833333333,0,0,2
15.00666667,9.916666667,-7.708333333,0,0,0
2.789583333,9.125,2.125,0,0,1
2.993333333,10.70833333,5.333333333,0,0,2
1.655,12.20833333,7.208333333,0,0.125,3
2.717083333,13.08333333,9.5,0,0.166666667,3
27.54583333,11.66666667,-0.625,0,0,1
160.8233333,10.83333333,-10,0,0,0
4.448333333,9.583333333,-4.125,0,0,0
3.033333333,6.958333333,0.5,0,0,2
13.14958333,11.125,-3.708333333,0,0,2
20.2126087,7.043478261,-8.739130435,0,0,0
2.265,4.666666667,-4.083333333,0,0,1
5.010416667,4.833333333,-1.958333333,0,0,2
7.525,6.083333333,-3.875,0,0,1
5.36625,7.041666667,-3.708333333,0,0,2
54.96916667,8.583333333,-5.875,0,0,1
211.0475,5.458333333,-17.75,0,0,0
10.16391304,5.391304348,-12.13043478,0,0,0
7.006666667,4.708333333,-10.20833333,0,0,1
2.996666667,4.083333333,-5.375,0,0,3
28.66291667,6.166666667,-4.875,0,0,2
30.63875,6.291666667,-8.916666667,0,0,0
5.847083333,4.166666667,-6.75,0,0,2
1.506666667,2.625,-2.041666667,0,0,3
2.742857143,3.238095238,-0.428571429,0,0,3
6.199333333,9,-8.866666667,0,0,2
12.14958333,5.083333333,-8.875,0,0,1
4.191666667,3.666666667,0.208333333,0,0,2
8.531666667,3.958333333,-7.083333333,0,0,2
4.056666667,3.208333333,-1.583333333,0,0,3
2.305416667,2.75,-0.25,0,0,3
9.517916667,5.5,-12.66666667,0,0,2
13.61541667,4.75,-5.5,0,0,2
3.61125,1.958333333,0.041666667,0,0.041666667,3
65.90708333,3.5,-12.91666667,0,0,2
299.7625,-3.541666667,-22.375,0,0,0
38.07125,-5,-19.5,0,0,1
53.08041667,-2.791666667,-22.25,0,0,0
60.92458333,-2,-22.41666667,0,0,0
13.93681818,-3.318181818,-20.09090909,0,0,1
4.210833333,-1.958333333,-16.54166667,0,0,1
26.03875,0.916666667,-12.875,0,0,1
9.289444444,-2.055555556,-13.94444444,0,0,1
2.577692308,-0.769230769,-7.615384615,0,0,3
37.24416667,-0.25,-12.04166667,0.041666667,0,2
63.77541667,0.041666667,-17.04166667,0,0,0
62.42708333,-0.791666667,-18.79166667,0,0,0
3.2,-2.916666667,-15.66666667,0,0,1
4.248333333,-1.625,-14.875,0,0,2
67.06916667,-0.75,-16.54166667,0,0,2
247.5483333,-3.291666667,-19.45833333,0,0,0
29.87083333,-2.916666667,-16,0,0,2
4.7675,-3.416666667,-10.08333333,0,0,3
72.06541667,-0.291666667,-14.41666667,0,0,2
243.7106667,-2.733333333,-18.53333333,0,0,0
304.145,-1.708333333,-18.54166667,0,0,0
4.31625,-0.75,-13.375,0,0,2
10.97333333,-0.166666667,-13.16666667,0,0,2
26.39,0.833333333,-14.41666667,0,0,0
24.64166667,0.5,-13.125,0,0,0
2.0425,-2.791666667,-9.583333333,0,0,3
9.278333333,-1.791666667,-9.666666667,0,0,3
10.94875,1.583333333,-10.79166667,0,0,3
8,0.75,-12.33333333,0,0,3
9.778333333,1.875,-13.91666667,0,0,1
