,0,1,2,3,4,5,6,7,8,9
0,1.9613465354112323,1.3588707682335952,-0.7432744693121166,-0.40143385044222074,0.9244736741374336,-0.3498329978985915,-0.25880031345210597,0.7210605240766521,0.9038177065130916,0.11865996623882932
1,3.799067780974447,-2.6531696833511775,-0.05710029973206679,-0.04218611131271732,-0.10416414273017549,0.6336373917222737,0.29968384593228725,0.4718707756752366,0.5187990856654084,-0.4721542892333072
2,2.0318331082336614,0.8067304706057578,0.27007612121855373,-0.08016409146604256,-0.7410501050761819,-0.42922203231120387,0.4647695082968106,-0.11891622129716872,0.4457385354221161,0.03927402093554826
3,3.5853655428614184,-1.5893551480523478,0.2646463960113079,-0.017317280784357292,-0.4279099580974446,0.3577122260997135,-0.27063311741891777,-0.652645583476191,0.32386611582733593,-0.3604204047679911
4,3.1392739685573208,-0.16591350300868327,-0.05321546269761172,-0.2120948290153242,0.0218557394833958,-0.1517551766799737,-0.0956364970058376,-0.18317901326169195,0.11885393780247804,-0.1794502119083705
5,3.517369793897698,-1.1843559766839802,0.59938983611288,0.7652444515030538,-0.2189119072509237,0.41263500089935923,-0.16183604114466812,-0.6877898460929558,0.1305454510591214,-0.5891107369346072
6,3.008549270159814,0.03400980855679465,0.16972166277917405,-0.09236939966966713,-0.42274443374102566,-0.0769676410326634,0.1636785601983616,-0.5386670557013044,0.05859524932148409,-0.19603674620583406
7,2.4692577255792214,3.575933579425459,0.1097732150525903,-0.2617690147007453,-0.44168738230346805,-0.9309917031548063,0.815253148876611,-0.6191807576144001,-0.2330531440108789,0.02280553973755715
8,2.787390692958681,2.935532398340197,0.3254440352902108,-0.19651495666150887,-0.8727811643007706,-0.710015961138753,0.787976356848385,-0.2693316254111803,0.04948949599187698,0.223545622365028
9,4.073400390438574,-0.12765040935750718,0.36229449524133467,-0.0797183366048466,-0.8976695504413422,-0.005390652880493636,0.57104894597894,-0.24993563131473387,0.2866015934126645,-0.021173275674542035
10,4.844296170777215,-1.7708215499254336,-0.005678344523836864,-0.09215914902277678,-0.3134069930808433,0.4242990330957904,0.6583341544915995,0.07104702759775738,0.1408127910076709,-0.09695767079562996
11,2.774554630601163,3.027492683750603,-0.03586093730368889,-0.43098928321723956,-0.18500339175788463,-1.4696500297686041,0.9444506240227113,-0.15234227744366302,-0.5096804953269416,0.19233617908276174
12,4.542951698057522,-0.681069545421314,0.3841862197980687,-0.05582714809097817,-0.9370278114527387,0.18481663020233643,0.7991961612782188,0.0814215455799902,0.09936351822739085,-0.045012644738402836
13,4.407731587488692,-0.5201951716404805,0.11661150947621743,-0.17303846077654886,-0.4459986332023368,-0.016663395316962235,0.7857631775130214,0.1705271901845189,-0.3014172093143877,-0.18834069669713865
14,4.633352014969735,-1.8580076616153878,0.09403712074567025,-0.03080051261294331,-0.45992366820814246,0.553620423408042,0.574380363785585,-0.0074973945898250075,-0.03891465547840871,-0.11051334706258346
15,5.490790548733402,-3.794046359668867,-0.34127411778170846,-0.1639480258479501,0.2624717648247841,0.8662839604386098,0.9039398658323248,1.5917399556851644,-0.44717496432257026,-0.19815688969163467
16,4.239051130745988,-0.8343677634129378,-0.4420216349678626,-0.00010789748162648326,0.9551436403807038,-0.05845310804524265,0.30403387952332095,-0.11333670040933663,-0.33075875626495016,-0.47543283565065175
17,3.1667803243666524,0.9702618269091325,0.04726139344861679,-0.26174434793009405,-0.3478297987918695,-0.4362760842230342,0.43795386356974425,0.2949668264175937,-0.38027966204997254,0.06967787749670677
18,3.6535941464467165,-0.7559923758732475,-0.3065283415191595,-0.2533967641017842,0.3317466728864016,-0.07091980022011171,0.7294886559459959,0.6028845367596335,0.0036993329616396733,-0.619278875155819
19,2.0385238259744463,6.201254281849917,-2.176565224575259,-0.7277260158877815,3.187501107091509,0.46865786838610207,-0.6941115719589158,0.45386371404585224,-0.4758630570218186,-0.057237485892937416
20,2.9697639179813637,2.9175269347831874,-0.6427109956160009,-0.17939716511965742,0.5109257835837305,1.0900677836153718,-0.1694925322726837,0.20911741483573867,-0.12004177164063057,0.09054922111719135
21,4.171683066731677,-1.8026289050994828,0.05639775617712886,-0.029347583904912156,-0.43976379211358885,0.4327933079834208,0.5119919567081852,0.07277452654751537,0.7422868448952508,-0.11328871852683194
22,3.9563557925291093,-2.309514740477767,-0.06176460755966415,-0.013340386970036587,-0.19708749393417924,0.537031732140548,0.6382618559820347,0.3690701174696648,1.0406921497410093,-0.38029341912167236
23,1.8533644711526407,0.5284039775820202,-0.27153527177105785,0.0021225268641547903,0.17953849079764445,-0.14820385750570483,0.31000256766833534,-1.7480676078169215,1.18553431358722,-0.410597771211962
24,2.4353006596116797,1.7100676730221744,0.2729484086848616,-0.2003479608055395,-0.8412652641868043,-0.7225230739467964,1.0694254458092134,0.685524850190915,0.1650988492960866,-0.10220052472622733
25,3.215221099736549,0.539606795198152,0.06805092443186925,-0.1943945404445315,-0.33926307692163105,-0.22716992631990993,0.7694308073802286,0.5207128966947471,-0.24140660611441983,-0.32246903122355974
26,1.8885535638769184,0.9805879033928756,-0.13861418713213752,-0.040776932377815635,-0.07351974698722996,-0.19856836453126467,0.5354304920727049,-1.0122778551157199,0.8723841676322833,-0.32244542256710657
27,3.844348182322578,0.025192083344510126,-0.1141805335557288,-0.32220701237623905,-0.0711352600186794,-0.21728519940146446,0.7153933914968895,1.2732556192493445,-0.0835452847181926,-0.3052566141110128
28,1.8485740486712936,0.15831044169934289,0.19764189275665683,0.1271170726256536,-0.6093982618597233,0.08748204004764586,0.768306339542263,-0.8073480325099566,1.1191908220617877,-0.5104970822691043
29,2.7672683513119876,0.21480621916881248,-0.20749851522440516,-0.11420665604108818,0.03139086620833902,-0.08776667490424381,0.9988693613969228,-0.006714373753677888,1.0501303850744648,-0.9710020641592007
30,2.676628860973445,-1.0235972871503562,-0.06768031452298631,-0.04237667337199445,0.11091192915405806,0.20719572183301463,0.04968809435106891,-0.5765554427655788,0.8767862424321815,-1.131197212819167
31,1.246237722423365,1.44187420288944,0.22031969090342138,0.15886391638952163,-0.8181237766243009,0.5079755506459164,0.4649176548275677,-0.36622739770293045,1.0076539516673186,-0.3627093889309856
32,1.4394765885573997,4.290650296402734,-0.4355785923642422,-0.21540026487778932,0.1290751271877829,-0.4637127622976526,0.9689474454868707,-0.6222099094222427,0.24656961037313102,0.12740072542545608
33,2.4538514223346755,3.8817196062916204,-0.5298093150412428,-0.44148559064338966,0.5023243441680818,-1.1840913027665327,1.1342191777224115,-0.28281410400151763,0.046904679757494724,0.04777915600228581
34,3.5948903352536714,0.7647749755796979,-0.2411721898599716,-0.27103033974519847,0.2636527400036865,-0.5841857805197906,0.900920227746052,-0.5699139382443071,0.1517738952817511,-0.6019276736311345
35,3.832829729272287,-0.5909560813208946,0.3446064317002795,0.03286606470226182,-0.8654348033291223,0.2881953779693323,1.0315094537848826,-0.06469484724648189,0.007003709283730567,-0.4410554854554165
36,3.574376777204607,1.1079149188955761,6.258412947274714,14.039351577686617,4.468650851556028,-1.0200807360668922,-0.3597473225645283,0.5184510458977788,0.05508230235311703,0.13610877564663268
37,2.9563595944837155,2.0495342628889186,3.8323688399240217,8.438316509168471,2.756245973757261,-1.3545237181673306,0.14912035197134915,0.22520687484126206,-0.11298030526482478,0.005301464552866866
38,2.4843767337557243,3.9099754898078305,0.1211640080408588,-0.02465543053657271,-0.6952474429564748,0.26702413479658443,0.8184959204244646,-0.6460037415855099,-0.4447745548412307,0.1432517201905797
39,3.0170348828769415,3.081650654369222,-0.04348855405217461,-0.40680146593665795,-0.10106852946874656,-1.309891134626096,0.9216510932869348,-0.22991267326951348,-0.44869401947593857,0.19460040027126171
40,4.274948918738505,-0.2608102973355958,-0.051967381431079165,-0.23718209622089773,-0.07730930076719966,-0.3186107192551292,0.5974911358154336,-0.015549208809257137,0.2311488511622312,0.03897162745206557
41,4.101149699317216,-0.44520656318320906,0.3324116203982977,0.003155469680170568,-0.8888349238928884,0.3120868970129591,0.587663378344988,-0.20329422243237516,-0.05132338878864223,0.26987588970881266
42,4.71381409850888,-1.1742050128019872,-0.2327619004043077,0.1762259158588062,0.3434235797725556,1.1159655652297262,0.2988923151241235,0.0722715068649541,-0.5955336633995044,-0.23976816832484454
43,4.603693505099694,-1.9390230022033546,-0.3547298839386133,-0.247328447159587,0.5121450904549588,0.05389104243264606,0.42479025981275,0.1819745871845303,-0.0236080371265734,-0.24746161291994354
44,4.978808042232878,-3.1964329330222805,-0.19602334433639915,-0.04924624979580822,0.01100417493198091,0.8617820603865266,1.0103974790897263,1.0396690107010311,0.07447698506355573,-0.36324456975490765
45,4.273917579554431,-2.143463795659363,-0.12822137273541998,0.045503723351980156,-0.15837593813368067,0.9740335945054276,0.8166285412513157,0.1743314363174716,-0.2716594516183431,-0.26065862022332875
46,3.7662538068164535,-0.22625507180501966,-0.17958064808148522,-0.16441752528328446,-0.03414051005028424,0.024811124852869317,0.8576482863201609,0.09104628022703432,-0.6081424695609868,-0.09768632016417433
47,2.8970068147745542,1.0280495431488916,0.3882294618665037,-0.0050761989325077235,-0.8317043827072472,-0.20734787702197374,0.3695738069461646,-0.0621810755926142,-0.24903274928970734,0.23257175919898174
48,2.895777349206881,0.39696228303916076,0.1956346432492162,-0.050381772980936455,-0.5579368228488208,-0.22852831976830026,0.32131180283320127,-0.8058607414214632,0.17450416949208536,0.1278269059437458
49,3.6497856326218785,-0.9112717207927608,0.11684543945269368,0.14529227733681585,0.035196079131384665,0.22543885739901526,-0.36430203552694285,-0.7073868752719025,-0.19418108645016197,-0.10531312226203517
50,4.21185021979337,-2.314025455699381,-0.0900193244094106,-0.059152214881634135,-0.1342428912964737,0.42350806124934476,0.4872370750863726,0.2369369855875082,-0.07875220961223924,0.15500389428249936
51,4.503422519794518,-3.0438616467153117,0.05091869564225496,0.05694748272878033,-0.4460363052884182,1.0606859509217388,0.849042787367766,0.8369221901692724,-0.3887669070339003,-0.43005252496307805
52,5.058052099216308,-3.106561609174292,-0.2663654916178207,-0.05513670660193154,0.11007853845442067,0.9773347147991158,1.6095907174357316,1.3287766011019477,-0.5833515141660587,-1.2560234549039897
53,5.500184165979534,-4.36191594656971,-0.38398521580794565,-0.09349035115351229,0.2621606105232829,1.1667938519052712,1.457170252548547,2.1046124083312128,-0.6105365494004653,-0.745621186272048
54,4.733480674943776,-4.117293307231588,-0.16717246821530174,-0.15177112257856207,0.17130995231048102,0.881407956883869,-0.004200565254466772,1.2792462421905757,-0.8654927559181015,-0.003129473041033882
55,3.7509467060479564,-3.4177244577261234,0.31253050173081165,-0.1304724419735648,-0.149972489116325,1.0236377062744748,0.35947314493277505,0.8372504439448992,-0.151082278736266,-0.223046386781595
56,0.9085122269990314,2.5537670095336065,0.5649438897398853,0.1515644092354929,-1.4972567217413653,0.028495384416292093,0.8511033294530872,-0.39924338753841326,-0.15541735125768114,0.08090977073297723
57,2.706493717054718,0.46131312788754536,-0.6526285835999734,-0.6207327184090609,1.234524174109078,-1.4783257484254821,-0.402580880789092,-0.17179173285558164,-0.24383889748279786,-0.11161355265728458
58,1.8089287762553081,0.7054977727067194,0.1694814811030344,0.15228312922446166,-0.7594755222864833,0.15419530406615112,0.5194496095446962,-1.1477721015921905,0.6270284690350485,0.23864321826595472
59,3.3615389274902907,-1.7449189052250162,-0.5259790182008024,-0.2584778477170768,0.6951657465818913,-0.0665135984608434,0.018542049497772828,0.1624523557754557,0.1808045332761818,-0.0297530781172687
60,4.487332765345286,-3.1590557290293124,-0.5952274027391197,-0.3054421371002522,0.8784793816210292,0.4164747783690248,0.5381970065377715,1.3272839278872421,-0.2165351486404603,-0.7898270489392327
61,1.8901091887275385,1.4133012451683205,0.19582040972814138,0.12971969999295566,-0.9045183949329012,0.7205545184988325,0.5347106400994499,-0.14654795872298793,0.13247740047140705,-0.039644405387895244
62,1.741414184939072,2.8641286912061767,-0.13460356376618038,-0.2665565730881613,-0.1782408467909602,-0.7290426156853826,0.6260138781170137,0.04718962104084224,-0.13363731996791317,0.22447023926071263
63,1.6337598348173852,2.897050636678113,0.038831665055363174,-0.2289920190244758,-0.523930191496044,-1.0439147055691798,0.9885110720344482,-0.26747507001151216,-0.1253293500785678,0.2927623435057496
64,2.2792383436685126,1.6339489896785686,-0.04746883329851215,-0.28372261926617853,-0.15826486667388043,-0.96272515000549,0.4573866963650138,-0.372304929895543,-0.1164789060555981,0.10285183542276216
65,3.392648896667025,-1.8646875000568568,-0.493341532522343,-0.18418720507040634,0.547473224999942,0.06687023238352977,0.3373493893087234,0.23246651561525689,0.1544833770576113,0.0050434743211143045
66,2.463387782851002,-0.40129755340020884,0.14112967228199869,0.04949231978530924,-0.6267083684364061,0.21569632228583033,0.5052774693239852,-0.25352725317148295,0.08580852137043236,0.10913635561759617
67,2.6708310700227313,-0.5573829387358015,0.011637141779821114,-0.0935563410530859,-0.2804766760411107,-0.017940623591885866,0.3254218444454312,0.1194680948321643,0.21577139454936467,-0.173459880006177
68,2.7024025232723528,-2.169998408775248,-0.3144986432670076,0.06342910626946496,0.07757237272160489,0.6345326163981463,0.8148656839254611,0.24322425367756495,0.5567800919248973,-0.39384075901296467
69,0.5492297629720978,2.3897994180176587,0.41111256587154693,0.039262137665510934,-1.2299493357525761,-0.6058076509126052,0.9582187489773636,-0.3944625155515632,0.05029499040676584,0.24255969909491332
70,1.1949846316582937,2.561243424160745,-0.27148329091023155,-0.3820172758411457,0.11262414764456918,-1.4724173398902751,0.7025865820560825,0.1356648080552727,0.3277284154029908,0.2344204846626825
71,0.3709606134108198,2.4307131469147554,-0.06442150134869679,-0.011453354267700921,-0.5776724867957092,-0.19384664793264256,0.7402976567656039,0.2179613708517052,0.6244020334845547,0.27092000831824553
72,1.6791723498159623,-0.3855207511647759,-1.1191697143731592,-0.5932103072231885,1.676238598576067,-1.2896371432807436,-0.29403845488006286,0.796053970534245,0.9810047833999542,0.248717061765488
73,1.685180208472621,-1.5576709293305293,-0.34156254670217073,0.09119951801895557,-0.12114990791534652,0.6339963058202236,1.2607147341997478,0.9578423733199396,0.5516072156984649,-0.365349563936088
74,0.5938668089199449,0.3007813971183308,-0.4706027408180101,-0.0016061356697453222,0.338847812458672,0.3732658097845018,-0.0639618047007245,-0.18346472146571013,0.8665714082568029,-0.29330867024117663
75,0.11889412994671571,1.7141222707933796,-0.4853387835965088,-0.08741158323805277,0.26936288798943975,-0.2195889915106449,0.4507754751887257,-0.26866995691353646,-0.13835811565297496,0.0815873381589545
76,0.6343046703925994,1.389539294309403,-0.3076960486414445,-0.24928820888358202,0.24994324407602841,-0.8101905163004054,0.07246841393750665,-0.13304463301869285,-0.15122494587930801,-0.015442321373720511
77,0.2889690332276305,2.759217480058026,0.11107870230750957,0.017642283466611362,-0.7576115334661538,-0.2722560335384539,0.6623817235809626,-0.27385327583914953,-0.2210227945051737,0.18940340746607587
78,0.2453143095699461,1.9916166763771548,-0.20518243223528593,-0.29111231562546336,-0.08285222795801622,-1.1840821668218906,0.34904282474216475,0.4515296113820454,0.10902466526912462,0.3261917495032193
79,0.36368455979217607,0.9827366596448982,-0.3448032819131102,-0.24056108319570296,0.1507433919690226,-0.9160806026111505,0.13506049136751505,0.1286191756817493,0.38657037834269015,0.28762051601878924
80,0.9876334462716008,-1.0175261868972225,-0.7186640697195319,0.03172370411581367,0.5974276402431655,0.27640225223174686,0.5661671255631041,-0.7068934564504109,-0.29061134052435345,0.2832994110626596
81,0.6928582714576621,-2.0612369834567894,-0.5817941810338333,0.21388259689013897,0.2192081590303501,0.5395908162457363,0.7033650553617091,-0.33948731408746935,0.5129947204347604,0.868909865624636
82,0.8575367697866647,-2.8394009953183224,-0.4682557108658387,0.13088489697803182,0.13274481069714605,0.5169432117932228,-0.03394038793902304,0.26925068602698266,0.7794702590578092,1.0734472466613185
83,1.0087115939995321,-2.914737649532106,-0.16455452373601473,-0.06654525204300427,0.10410067942219081,0.16458028517042134,-1.1813398198552048,0.426890207763169,0.62059770226377,0.29373477626800054
84,0.1878980387143514,-1.762508022031422,-0.03919747066694035,0.14669128619447425,-0.19334709016901874,0.3887157930486645,-0.4974772205203573,-0.6229003252686917,0.5786341535465219,-0.3095017397300894
85,-1.3340844243952539,-0.20038075715179002,0.5630887804696774,0.025332765721374124,-0.38880564795509964,0.22370094971863483,-0.005564895939541447,-0.9137614521504801,0.8397412139941931,-0.39408034907711337
86,-0.6848749859021587,0.281183030744486,0.14359443849186024,-0.007610061872501993,-0.5784769190212398,-0.5851289792277062,-0.3083369598331992,0.07114909416927809,0.5190368480823173,0.25065796380244326
87,0.27101865376779766,-0.3722777751575485,0.04394986971411444,-0.13900709694762822,-0.6050651808921349,-0.4718063273174724,0.23777115052022305,1.8348457948489605,0.04516088482511031,0.5802901073623684
88,-0.6353765744786355,-0.6654614286345892,-0.12111115103830489,0.19071312789988767,-0.3474644684940311,0.09385482272062794,0.1519032418075334,-0.4938968540776226,0.48589327500140933,0.4005301484019208
89,-0.31607959860375084,-0.23495980652005602,-0.47565433926596656,0.04140913859337983,0.30198022678469433,-0.10176228243633417,0.20703284197205848,-0.419743983752758,0.2281511796932466,0.2497557480074468
90,-0.37879400344908165,1.7594109020518822,0.4388692953294833,0.09793694633466556,-1.416369370882525,-0.24160943585945907,0.4387896137205103,0.1400550684315245,-0.0653475932502686,0.431865291665172
91,-0.6701612226307018,1.389894384477358,0.2583083546296376,0.001479426776478118,-0.9437937756344409,-0.5756378868581198,0.350600558911452,0.4229449040451103,0.39698830148328246,0.1495290632507714
92,-0.46577979290314364,2.253235364530497,-0.21092963067983755,-0.1990433051359465,-0.10725907698772141,-1.178964919025992,0.6815203902288051,-0.012756718061773914,-0.29524962272761657,0.21686778838069945
93,-0.16736092232796973,0.7689366815951554,-0.2357225894936523,-0.13356094588409947,-0.09639898985680893,-0.5745961524990464,-0.13684232340819796,0.17798964781673918,0.2591745135129518,0.494784785785729
94,-0.26930296585478747,-0.27438681711846447,-0.4806753528046279,0.022992813926656582,0.25611206133182085,-0.3688430058609135,0.3324251420004619,-0.5045962551857154,0.5300406010066844,0.5653143409787194
95,-0.03902652800701343,-1.8541449882920384,-0.7620108037548394,0.14480032559732023,0.5616937188980374,0.4309279352406845,0.3721170112629626,-0.3504818353412723,0.2862418614693653,0.6988637338745044
96,-1.0274854414304182,-0.503160523550288,-0.2013798501834289,0.29277847358503956,-0.3808923762523272,0.5661334209514081,0.2997292382357711,-0.4132253115900072,0.5853977811315798,0.17838510733908522
97,0.0836899591387726,-0.3875452056287806,-0.058666401412090285,0.008938726707005849,-0.2051617937586176,0.05968354059358592,0.04542885224509943,-0.25869310414150704,-0.34585834235396784,-0.3081027495739048
98,-0.27431942013401,0.4110253570160047,-0.1418915236523924,-0.37465206804219636,0.33850730410025887,-0.8550529487440574,-0.09924249132566365,0.3738963622686549,-0.24592888380855807,0.3098721053689016
99,0.3863441473783536,-0.8850671178925842,-0.24966642410941953,0.022734161944075043,-0.05517996688095731,-0.10078489419448267,0.021788740784326383,-0.07227804907897195,0.24070415721453267,0.5556183895166061
100,0.0861719574902274,-1.2318085542614383,-0.6027766713374364,0.18365307514306484,0.4097516395113306,0.41791245768492064,0.2303185580464182,-0.9302379570394784,0.07410340601865677,0.6182946552078429
101,-0.3889316957619136,-1.930953341415887,-0.8619776859762125,0.414944953114342,0.4934914529452817,1.0072497711718924,1.4032864994005605,-0.851103802010257,-0.36655824919801877,0.8846929258612412
102,-0.40190227939220424,0.01322250514520532,0.16589965549240396,0.0906506658174329,-0.7462704506167734,0.15153373473447462,-0.3248590376594957,0.377274834618437,-0.12613157937299468,0.30267510466632946
103,-0.5821217389080456,-0.1950129845823262,0.31004115124902404,0.013288674523852637,-0.9338443342262012,-0.4616305534346286,-0.44761302369750583,0.39473553788515753,0.4454915813321972,0.4421812813737929
104,-0.30272378772319647,-0.922961819695279,0.8543459452114505,-0.7785412844469027,0.885659231090024,-0.13251967542446186,-0.30689736607908596,-0.02013672284603851,0.22902752417092545,0.24066180830956482
105,-0.12218906268229103,-0.9914712113764401,0.13026613379859633,0.16321260672281115,-0.530119096549165,0.39704903634161076,-0.46898194336757076,-0.26978714472364307,-0.3724596852409443,0.08574761581095731
106,-0.14500275081682334,0.146574364213443,0.8131560271416507,-0.23665377769867219,-0.5817703026894504,0.09732185091187393,-0.2286655812042815,0.1331671219672967,-0.17056002614331237,0.5377215407491541
107,-0.5670349041790217,0.4401481765109251,0.15578141718344418,0.022710935210247613,-0.5842549821252553,-0.424716564976982,-0.2503773842556687,-0.08288817934152026,0.11979601931070628,0.20878369432642227
108,-0.428685133311528,0.4914533819377849,0.10002950527109065,0.033713127770360445,-0.5685975285232507,-0.4905301738271571,-0.08739762503659218,-0.15006590992137808,0.33329538293321087,0.44246578541655057
109,-0.93411238208172,-0.10275189839703544,-0.29841317652036253,0.1507195513002185,-0.055194223366830754,0.031237655071692762,-0.029646573606368146,-0.6926800813233491,0.4050562891390121,0.42536846961372815
110,-1.273122166485004,0.16746380823186136,-0.5887053758169853,0.22969077170921212,0.547091606097277,1.457938469811572,-0.02194517772126868,-0.2461833101535923,0.25929065326752954,-0.13328825153532334
111,-1.3092264932039757,-0.32284629961565486,-0.5771763993861803,0.12914496609930248,0.4535635578200087,0.11460033318630188,0.31658896142212767,-0.5179099921999326,-0.22844067346038038,-0.013916204114213012
112,-0.8010498322694478,-0.6255405108002787,-0.5599033647115429,-0.22217190866827316,0.9011681211571175,-0.46445415137636775,-0.11407984581050992,-0.07330809616468209,-0.3850081951802531,0.3968115778688963
113,-1.4441735310446953,1.0215561887549414,1.0978791272096156,-0.6015920579238934,0.18464443246620643,-0.30940460527542574,0.1001563478744906,-0.49878818668209024,-0.4932304728970175,-0.35692034175247994
114,-0.9337222524356709,0.6109075531906322,-0.03353400833207666,-0.038247102533690416,-0.2722245476059877,-0.5513279332730585,-0.18583048512550426,-0.1592691835318117,-0.4718996346337228,0.10437618131288302
115,-0.9062218331372603,0.5519941885207713,-0.25534008060433955,-0.03912862495403272,-0.00197923306084003,-0.6568085034857617,0.19478770350789118,-0.21498477788541226,-0.39384481147389483,0.42857700605895577
116,-0.8554147320092349,-0.637146387941842,-0.5853527793537849,0.042205954395526615,0.40662130951855957,-0.1726783692119471,0.10251774133082972,-0.27270655583910064,0.13239984880142622,0.6594416727605866
117,-1.2074014398420299,-0.8877595863994261,-0.5469884862510908,0.1793477363182362,0.26827842879207203,0.23555553380961952,0.19615882256895953,-0.1805936788917543,0.3946137019264464,0.5982346564461233
118,-1.7135894670526894,-0.24031379927921442,-0.5299160602232954,0.2275558426074756,0.40120515895181563,0.8044488065252565,0.2901433060642671,-0.3888108840000108,0.34130958686711776,-0.11319542654979793
119,-1.5902825723803484,2.3531485786672386,-0.6018598780995151,0.3364427028517012,0.09655859237314185,2.307593285808515,-0.7201634123143299,0.11754888288131132,0.05243382334757811,-0.19418171049880342
120,-0.9940882587378969,0.6723763633931389,-0.598814191111169,-0.1661666237749574,0.7435238177240805,-0.4994413309497732,-0.6686310622216067,-0.5478917438414761,0.3637613099299669,-0.3485451296536578
121,-0.6546290351204463,4.544786092290053,-2.551564990457304,-0.512159518615456,3.631240367683533,1.2745641083472283,-1.2985099720848352,0.6564851123513855,-0.38449022246464587,-0.4846696660164344
122,-0.6512180239444781,1.3716756841786761,-0.3280496889270062,-0.20869990146555967,0.25110063872807,-1.0583702398867059,-0.007200746091509282,-0.34788213739110063,0.06497909040752788,-0.0411168444709322
123,0.03860051456372164,0.7913228305112404,-2.1496500087525154,-1.0139841721290614,3.812289400901431,-2.6393401617754684,-0.20357634097143165,0.2481729028071905,0.23290002094504528,-0.3448862767987651
124,-0.8205810683825618,-0.029894627870383793,-0.44432158084229945,0.04183183749932068,0.35658702461974895,-0.11985761306578152,-0.11303486029087349,-0.49782845136177817,0.9554188158601324,-0.2077257807051481
125,-0.884175131753374,-0.2506767414178863,-0.3746579378390625,0.2098058119586591,0.08712601162208618,0.2464501773068131,0.41347399111316996,-0.743068156272649,0.03746072103597281,0.1430825229246116
126,-0.622953872797588,-0.01970415309933079,-0.5037644418297738,0.03858232475078156,0.2453038761362984,0.2249822083297016,0.5802366532913411,0.6719042825953185,-0.246008302722056,-0.02497215280731172
127,-0.7262106026365206,-0.15868199423650742,8.338785218267673e-05,0.01665534813899576,-0.22967263780324854,-0.07025993329468005,0.6087515820113475,0.3309216781266088,-0.2530164134826722,-0.024091257904340194
128,-2.1138443095982233,1.2031607105883582,7.868218065862217,-4.75551262572377,4.1168197732244565,1.1501769277056964,1.5107041997703863,0.25229409385709656,0.6515491041712805,0.6075053817700092
129,-1.7067158716547297,0.3583971882571131,-0.3303282759886641,0.04938233902269129,0.18199802557199934,-0.28327581292623655,-0.11238165801917635,0.16736585085561717,1.1210310565715347,-0.17235389655348282
130,-1.2206215859506735,0.43129291713152484,-0.6308419552192484,-0.11625893685305957,0.6873511271681301,-0.5517779584885919,-0.28966102252576414,0.5009652581811472,1.2999290453980807,0.11628713472598853
131,-1.9763495792961865,2.3721414491164463,-0.6699503593899152,0.10844493729709344,0.31995863590576223,1.233356827079846,-0.4018572216140997,1.1037526845330603,0.7578500284193973,-0.245576298602639
132,-1.665873284791494,-0.5329663959306327,-0.4171305553418275,-0.021882901103126087,0.34500849845401843,-0.38422279396234665,-0.727499241094927,-0.04809112301144757,1.3256126291613217,-0.05072954140569669
133,-1.237854218896264,0.7666862281287904,-1.8062113825795971,-0.6354679443677246,2.876743745392442,-1.9855085034288928,-0.19915961250717432,-0.255471090470698,0.36204737721758606,-0.0769122308934289
134,-1.482553988889363,-0.30663291605767523,-0.39115416637616557,0.1417500007993377,-0.04235023497184274,0.13903964778204406,0.7009727044673448,0.4556689081287413,-0.08475895566897784,0.6341542512184091
135,-1.859030467546757,-0.6833081080963295,-0.9139612167569917,0.1957929945831938,0.780340682692713,0.35865648101317865,0.8479346177446108,-0.24754050811459646,0.11105245089187486,0.5441402279780406
136,-2.567110874201317,-0.8037296077759066,-0.38326972125933856,0.13492393307086134,0.7304707540099423,0.5226314007589475,1.1890073567404629,-0.7095055411479102,0.1996454459162452,0.46044925992806307
137,-2.50727726229247,-0.7542740663829719,-0.5996659598415156,0.27612002876718494,0.3253889926764527,0.22194732265008318,0.4479022075288863,-0.49986891450798776,0.4129871201727856,0.1540748803527171
138,-2.1218947829765016,-1.214667502995451,-0.9599635720095223,0.2042350437191979,0.8633070344280747,0.2536055934771635,0.9523750519351208,-0.07220964121487738,-0.006266339518548252,0.19338460967782825
139,-1.8480981669962837,-1.4027183913931283,-1.0309124007367296,0.16990661464877949,0.9343426541570418,0.5313580638911539,0.7060671796317904,0.49437826187477507,0.007739076978986601,0.14122727167551563
140,-2.4306072881001297,-0.8130851809726499,-0.8097183357426732,0.3118145727356801,0.46187800529852924,0.722664658327036,0.4645283207514914,-0.14533796920213754,-0.13851019104904397,0.5178627288832456
141,-2.234016061295941,-0.6697488212887577,0.5550404177808701,-0.5998348426705588,1.024223905785945,-0.07821825365983409,-0.6792849229448895,-0.19694840660505758,-0.04987236811937745,-0.5785286995259767
142,-2.3717039964856044,0.635903926690512,-0.32803409861757993,-0.008725402788849833,0.2166164358096358,-0.15464171473421648,-0.4891177076009268,0.23994616159074725,0.2549542586796097,-0.7286407122285338
143,-2.4236939838521327,0.3509615591042184,-0.00027040256191326797,0.03545818564404945,-0.5292082770502939,-0.5733703685188164,-0.19142304679874747,1.1486964626960303,1.1283391703181531,0.2431161477311428
144,-2.634858048341605,1.1985919299944605,-0.7088603511750541,-0.15230508557474096,0.6733241323043709,-0.424646149877471,-0.43778844103687614,1.3691466750414192,1.214719970508893,-0.12671594274823525
145,-2.8951991089859526,0.33048464269454403,-0.5219888958526397,-0.01756866962906925,0.18353792999819174,-0.4987889640069062,0.14586967011510718,1.3194728761717722,0.6102631525369393,0.44449796948881626
146,-2.8699824391503155,-0.34377743217585527,-1.158523017882815,-0.19352654796110677,1.3527504064505094,-1.0687015394002515,0.08952283680875198,0.8368857438630958,0.6803222837794087,0.6040854121461384
147,-2.859114450192475,-1.5046647180766881,-1.4021013755307206,0.3380843464948009,1.1770995850049746,0.7580532462031103,1.641579605518221,0.21282140547486406,-0.3742249683742882,0.7043548739348743
148,-2.5748922584157934,-2.2584367044707183,-0.9206543140825311,0.3998614668657601,0.6502912043555379,1.1278078060264036,1.9261859150992617,0.3443860709639408,-0.641323514948864,0.5222792919916068
149,-3.4619656619976507,0.19021611504694072,-0.35180901935076714,0.08829226651708147,0.44029552104722347,-0.0119876815410388,0.861882310473144,-0.2880376021884441,-0.48312130085377475,0.0869236048996005
150,-3.16369579108639,0.5319758703345367,0.16369687447303222,0.2705351420542087,-0.9078143185222892,-0.20347730936688369,0.6745886805718583,0.33408185823608905,-0.47715168849917705,0.030181078143334965
151,-2.5971630749236407,0.32447728731832276,-0.8370239218203992,0.05456652474184848,0.768951702229886,-0.36360455557830335,0.6852752813486966,0.13823293862275998,-0.11389562087442487,0.09999631369081606
152,-2.6507920496706916,-0.41213412726055315,-0.30205728635620627,0.3518336801113063,-0.2613982774294593,0.23986571670854753,0.7625071619173406,-0.00809932655111017,0.10323700781714513,0.5079965604600588
153,-3.0896509696378596,-0.38318801243521344,-0.7265268215301754,0.1973456914364759,0.44157522744176436,-0.19952978226252513,0.8976557402732356,0.17131767949058413,-0.004635111025274554,0.49057757516238043
154,-2.3323535436011635,-0.6098574786062291,1.340083053247687,-0.5653863241712335,0.12721929734353477,0.2482240516888575,-0.17513531265272875,0.45873071404418847,0.3303883331478488,-0.41566383025177944
155,-3.046580242988384,0.7923756618185784,0.11954210290339248,0.0978425393351909,-0.603888621790823,-0.34168392901090494,-0.10138092556535558,0.7517959766050282,0.3532616770931072,-0.6089345037746309
156,-2.1038072663125247,-0.24046466650788317,-0.21114519648108623,-0.10895009921411888,0.23165476976885646,-0.8047256281772581,-0.48546022235808545,0.47983556871212923,0.6581795265669774,-0.15970237341423849
157,-2.639977361380334,0.44281299123512413,-0.05242856369048465,-0.054335312722801614,-0.18530916297186933,-0.7342807459726702,0.12271869023652014,0.9042522461073691,0.2394591427083883,-0.06992424599982829
158,-2.040047031541194,-0.9411445760141499,-0.007648900442119576,0.2004528244096911,-0.1696284522968871,0.19052939295390675,-0.08624743360814659,-0.5834782166257012,0.008106922046033253,-0.3328159832113207
159,-2.527050357282942,0.12996914527157294,-0.040254604235924696,0.14979322393615782,-0.3175918110970468,-0.2886204788058514,0.07266891202710989,-0.15943006226176082,-0.12644842360231215,-0.4126577912780471
160,-2.877071302712941,0.26801901914843484,0.13504680515073125,0.2211129753355927,-0.8156355684311357,-0.3065549990217891,0.4212698227893987,0.6400830608441703,0.1737736809463935,0.12252464923866117
161,-2.546043799644237,-0.38004339299008977,0.0190105743264471,0.04008009891533552,-0.033440020306361735,-0.19864904641408923,0.2244705510323008,0.13219834570238911,-0.06269309132101339,-0.014198877409328976
162,-3.271846127411877,-0.3363037729902378,-0.21971683751564894,0.3526075335379791,-0.3420150963344753,0.14969025880911274,0.5855399077454235,-0.12472547549313051,-0.09422432151694536,0.2754027242978912
163,-2.9389641556722004,-1.393947511625853,-0.3999501081884911,0.29669312789575275,0.31706355671963804,0.5846479982973523,0.8308303757985025,-0.4114739232514816,0.022688325547573416,0.4221012174719886
164,-3.170783246653187,-1.1388237533597625,-0.3853895253493269,0.37263595022669305,0.11316604328621999,0.38104820886634655,0.4306676017774842,-0.6529461526417619,0.2103720627948368,0.047883011690577605
165,-3.1821397327469136,-0.7551897930491642,-0.023589115903047644,0.013162446432563632,0.5971323963918294,0.30749752727185,0.4566536509326282,-0.7288038746803142,0.20682955849862442,-0.22252347639843179
166,-2.9633681557875344,-0.26745446080773067,-0.08522479606502706,0.31624920662991957,-0.38141242949322907,0.08946855944807361,0.34587156843299827,-0.0783019536601452,0.30791054874808815,-0.169023642726585
167,-2.3609182551738894,-0.7415630573346339,-0.5709313833391745,0.1176096409918415,0.667449236055985,0.09700562096670158,-0.1464370775822709,-0.3824113976890277,0.1209677120406539,-0.25449674324310584
168,-2.8705584245266444,0.047229697461996546,1.3769002183096644,-0.6877919045981111,0.5917483986069686,0.17196095824781163,0.41686718968130876,-0.19673071002856501,-0.024353504702823634,-0.3385613858246675
169,-2.453904996297125,-0.06995443215519132,0.3094185835103069,-0.07545149225831582,0.02805965800941867,-0.03999313107091183,0.18368030791932022,-0.05958915060220798,-0.16058652232993526,-0.3570875314313197
170,-2.6818658107125004,0.6121707686679854,0.1456489540286034,0.1273498660482871,-0.605192543815059,-0.5063780380981686,0.2633156946671958,0.441595983033073,-0.19048957224224802,-0.30746447205427024
171,-2.824693024005449,0.48053306104240284,0.15560701939004418,0.24424443933579942,-0.8226899723448409,-0.1405176995737973,0.31150406441731904,0.5258709736595883,0.008948077436321079,0.10537655933839332
172,-2.8576465144344767,-0.4827480090571575,-0.3007091998227092,0.340367414116139,-0.2386124329751178,0.23743620420671555,0.4737735442100675,0.08702658967256596,0.2332039791880735,0.6029099636277828
173,-2.4286032874187033,-0.8510147589248355,-0.7079800174532037,0.13890046612931656,0.7508642463398568,0.3360162436592297,-0.2697719382018514,-0.05953530186580585,0.18707636940109396,-0.3275944035618514
174,-3.233372289539208,-0.934850392779621,-0.4114389824368745,0.4120102695166298,0.09611867090113796,0.545674752436337,0.35620221776889216,-0.6818279012367903,0.10058498194673728,-0.29204190339794645
175,-2.965388638496991,0.5864468588741726,0.07368119578054666,0.1202810247894666,-0.5820530662622521,-0.48774069631180655,0.11745015525461708,0.6715849027022591,0.12363348355449803,-0.2413238362629522
176,-3.0368728908391738,0.2853747569153714,0.18357404949068656,0.1804451701696986,-0.8391966672804546,-0.13355902267695713,-0.13605049220909868,0.9884240235985178,0.22959392331237954,-0.15094759545483663
177,-2.6934213295649965,-0.4681869058822206,-0.5607686828030212,0.01072621558345597,0.4484992522250326,-0.3851925216016657,-0.012611137859028095,0.5945882884683088,-0.1011196872681965,0.021173073975912452
178,-3.2824352817031324,-0.7619600344435539,-0.9013455913837268,0.22119512144592002,0.6140734325169046,0.09994840862937165,0.9989533620342024,0.5008554316518349,-0.43178255096958174,0.633238026739965
179,-2.851527279839338,-1.2106202940707764,-0.2295174261384763,0.19823935896416503,0.26799938300956405,0.8342576309897025,0.0829650154583908,-0.0004021771717166395,0.12977719162500184,-0.17140574173793144
180,-3.374980585379558,-0.371906198001368,0.7348434278277919,-0.14516615173802602,0.03657887449986718,0.23154389015340446,0.5160499346894185,-0.15010318720869564,0.07030737092937585,-0.38834482558969424
181,-2.6603313839159357,-1.4902981067051784,-0.6942459042831829,0.1621591444303722,0.9342514946261451,0.0759965645143175,-0.4148844935065962,-0.9770511633003655,0.317103471473114,-0.79865944949138
182,-2.742878601725021,-1.706245151771226,-0.39124627232684406,0.4495458415177803,0.18963588191232678,0.7129017552395763,-0.013154429650691414,-1.2545497082867254,0.1155600428280554,-0.41221682818123717
183,-2.8016345194556926,-0.9435135015282287,-0.3878819049874114,0.24813503716515986,0.26476891572572386,0.14822165728438141,-0.04452353931944009,-0.5497696861854319,-0.22936173807395782,-0.39965834178564863
184,-2.8165461544914416,-1.275387749144897,-0.753106031050406,0.49112222120358506,0.633989455112375,1.5885979186768158,-0.17855406360903314,-0.9515557332063984,-0.07697967922317102,-0.5136922861908593
185,-3.1401444838066954,-1.0338123631609297,-0.5745522261987935,0.4300297972127759,0.28257029022859814,1.019367626583664,0.15855384575458295,-0.30160904470454325,0.03534329360658557,-0.1648441262481006
186,-2.8529103298864364,-0.915909019803303,-0.467959995153917,0.09608090543730653,0.494960622919077,-0.3035650014326663,-0.2652865505994887,-0.23114822147363737,0.32673801321980434,-0.7006819738839044
187,-2.7839977843221955,-0.07565220476363094,0.19102554814751402,-0.020686204419333686,-0.6134078419219272,-0.6984183784690392,-0.6358693787231937,1.316812503069065,0.28320865190826766,-0.18716150486864427
188,-3.5640179658050783,-0.02022163783772029,-0.06414254182264528,0.2562168365472439,-0.5964865178751264,-0.02815688447140011,0.35863702345898646,1.0615392911199957,0.485554310566241,0.062045114851292264
189,-3.4641444009054214,0.09271708132698914,0.1188556126184298,0.21738448668415244,-0.7448005981202502,-0.31015947630139395,0.20390235618456515,0.8723498473514485,0.582966462287386,-0.18704163245243569
190,-3.5336460559835334,0.5516807771617214,-0.07665854689449386,0.1573419702960973,-0.4570654431096248,-0.28891805679027965,0.16845328116356725,0.8090736577136403,0.2918772633449364,-0.20763437782760522
191,-3.2975527651941063,0.2437855649903939,0.23067368888195744,-0.01557433526970113,-0.5107991508746469,-0.6171126211126468,-0.19353378040901145,0.9747992906139137,0.3916956137384776,-0.31450609840926086
192,-3.5415611310444817,0.30479191154935764,-0.47701252425497725,0.05999853775826184,0.1695805731516803,-0.649691554847504,0.49848006831469627,0.8922639423158852,0.0830277579056226,0.2537030679327103
193,-3.9777901190071154,0.00807543950590931,-0.6640334298001038,0.37626465135447584,0.3702934317884553,0.5793466535567174,1.3488770129457652,-0.20485099226217163,-0.1496542168743215,0.41288123944779964
194,-2.902143831939336,-1.0264197335735579,0.1533121158863498,-0.08393008223600314,0.31300110254390284,-0.04315287512021995,-0.5742031013021195,-0.2607645853066818,0.2437918277799675,-0.6034417560096577
195,-2.5818340528299304,-1.0705177040624279,-0.8255115718781977,-0.10559622945056807,1.256774200298032,-0.4947743427676842,-0.39164710771433786,-0.07387250776658005,-0.5623317209162791,-0.8103007216749623
196,-3.1341251502327467,-1.435665247092501,-0.4462258495679756,0.4000535401639287,0.15627758361241972,0.5545519014848593,0.49320567855648123,-0.5028243389472508,-0.5594592409070708,-0.22288182070073273
197,-3.536154417793236,-0.37264447514920523,-0.15762452597826818,0.36289370440374397,-0.33283994583784765,0.2540110816839452,0.3347472692043814,-0.06588540110158642,-0.4595787810311043,-0.1493530387836876
198,-3.8236880359522676,-0.21022564152130369,-0.12383630520019837,0.31166090202875674,-0.14987503775700484,0.6396519344056567,0.18786272676701146,0.1050986410457729,-0.23936992970938117,-0.42809943371643455
199,-3.7752550495512525,0.5264669693017378,0.004518964833983037,0.13831254231759313,-0.3532672618179564,-0.002977312904122207,-0.151642236735707,0.9909437065293927,0.10547177386730187,-0.8491413121134647
200,-3.0183680461027933,0.3691909717079804,0.08234905121457048,-0.17333507777785173,-0.19881038082811578,-0.8880014995348814,-0.7216777534067578,1.323810962097655,-0.07150220746069431,-0.8506393733205836
201,-2.6562785654943637,-0.07274712490956964,-0.04335085328878896,-0.18403843298444997,-0.11641372384920201,-1.0068146022324664,-0.8723577678431947,1.5360256400954237,0.17408664496769238,-0.20590526298780001
202,-2.3259776120103357,-0.9164644946785767,0.1109126376342701,-0.25836887760797944,0.2599132053827195,-0.6460142418994084,-0.8308844128289273,0.8411154655524289,0.06947924858294281,0.056120223605227414
203,-2.918630198802241,-1.0358347895865545,-0.5690876921269231,0.2729250701309694,0.3758022484608911,0.3257693040668317,0.18780503636368936,-0.3808028087890808,-0.16750257553684975,-0.12706444540380948
204,-3.213944822996453,-1.19646769069857,-0.5671530293170546,0.5224621106004543,0.05187413574482989,0.8784567730204295,0.9085604678897785,-0.5879127484993272,-0.417175169083732,0.3150636066096459
205,-3.352229450224764,-0.7200408069440084,-1.0382607806674833,0.49517387210944486,0.6847495197996395,0.9837587351778517,1.3805536285510926,-0.5992905276120679,-0.4990554434977085,0.3249754609980516
206,-3.5342404353161387,-0.5925054117973801,-0.8925014579420468,0.425782528218656,0.6549093697779876,1.0536675966980282,0.47798989444513973,-0.4263300130807658,-0.13815365065580856,-0.09736401162768347
207,-3.64810751062609,0.3065354569063658,-1.2493880764896257,0.3648550366448663,1.4442338608043839,2.2602561418732092,-0.0590356121335537,-0.14969664295532814,-0.12028259652060809,-0.06647554878312938
208,-3.1800004209803614,-0.6047733906907284,0.415724739954761,-0.5405595078319783,1.5392038689042307,0.5396771280872336,0.19316627976255588,-0.5037861364789761,-0.3614665988114369,-0.5185261935474045
209,-2.69175134452376,-1.2260060355199813,-1.0979471495551696,0.09889634017923053,1.5260495539789447,0.1774649603929255,-0.20051056867776912,-1.0189902131363902,-0.5298363046146994,-0.6629088373460837
210,-3.0273348121747827,-0.9816412918904291,-0.5230359182506313,0.31029619435474937,0.39598628327617486,0.340117416478018,0.25585090377277087,-0.6060102679168924,-0.38320996588848033,-0.3562584699591841
211,-3.3816794380121937,-1.2647936274962284,-0.3582592711994289,0.380958445299713,0.06794018802870011,0.33653012995781484,0.18949871606292698,-0.5723630839209914,-0.04302069664801622,-0.19274512445760464
212,-3.526892741366022,-1.301421327725832,-0.3406528261509585,0.37219433255319045,0.06605598114552252,0.28208808722082435,0.12901842656000265,-0.5182551365731716,0.1475110570811707,-0.3154181368132401
213,-3.0857873276146917,0.06002418450959774,1.2848949143353732,-0.3804344216506731,-0.5667485701642002,-0.2554718253964755,-0.5664635964760861,1.0121732412278375,0.16315348854694484,-0.7784371168575885
214,-3.0021291003487653,0.07410071320639938,0.44196493327310893,0.1869243114308451,-1.0853237647059466,-0.20141937263108492,-0.24684568749080335,0.9118856071020623,-0.021863731963661214,-0.5266225963505933
215,-2.8100393274898052,0.215931837637862,0.11960730935730932,0.059200899314310586,-0.5737023767319216,-0.5330989665649567,-0.2876008129912489,0.9486732412757025,-0.05320717550235547,-0.06912259891146062
216,-2.86014739604159,-0.6245862791232193,-0.320352218495577,0.3552215995439268,-0.2315451460332721,0.34735750290538675,0.790403510693038,0.11115500833971206,-0.4301622438676938,0.35660796662145916
217,-2.95035817476073,-0.3553154199439164,-0.5106949200243176,0.28449922473692896,0.11425361894914327,0.2737830438582792,0.6993945121881524,0.11136970137411598,-0.45641393521678997,0.283398645115536
218,-3.043899666854244,-0.42449873533931787,-0.3639262174182546,0.23761595565598892,0.32415140219554917,0.3412127725380827,0.16142702844823692,-0.7601917538311592,0.06742161236131441,-0.20746754327484163
219,-3.188507398265847,0.25106761994994375,0.03903645298780292,0.11277697266799634,-0.48594250459651706,-0.5388604829137768,0.050029993625888475,0.7950317579098151,0.2290816696959464,-0.15367660793051527
220,-3.0969001624147623,0.1562766683260121,-0.13640420418798072,0.1521248069412188,-0.3781683267225315,-0.37337999241856884,0.38062192461197936,0.8704360563783737,0.10955558275875026,0.2215859900481976
221,-2.8797573569660506,0.3830398002412684,0.19280255502949023,0.045665876037603574,-0.6467162767039513,-0.6420813890263948,-0.16936669782992922,0.8307060565358684,0.12284394620802123,-0.4922976468228726
222,-2.949154347184531,0.43652858210522233,2.8275567560226227,-1.6991724755993265,1.2344335387266068,-0.13546569517797813,0.4686198814464473,0.6699724341068183,-0.1642684198444882,0.11091798417553343
223,-2.7842592365758208,0.10926204013800239,0.13953267945941433,0.20227545807478592,-0.7866547743791171,-0.20808515703666836,0.19730891260759265,0.7523677274713575,-0.06979330203138052,0.29463789899063614
224,-2.6675270548009276,-0.4332916387488211,-0.3941666848861212,0.24972645689003167,0.011684692651876877,-0.12431446762508246,0.6587756701499542,-0.009830083606569723,-0.062490441179655944,0.5149782126900108
225,-3.280115674940251,-0.13158057140270907,-0.45524496560267064,0.3300920772651046,0.034377501903209366,0.02393807070692491,1.0138106770330708,-0.3146731954980483,-0.360039361530292,0.20939128354186662
226,-2.955041546436588,-0.29226180783570144,-0.19055623390583812,0.3520739109344112,-0.36231285080847453,0.22391526408392673,0.6390003789242406,-0.16094516289122252,-0.40180176864695577,0.1930396185141449
227,-2.9882362094819532,-0.3822305563086202,-0.2760190076707008,0.3782405707668236,-0.2983926061628998,0.36612200354707264,0.7619812166344877,-0.14302121909803023,-0.7049699971402558,0.4068953684641629
228,-2.6023176355365947,-0.6681538148413454,-0.8581469188399705,0.2725243560262715,0.7318962524060727,0.30493407857426813,0.7980748577138347,-0.6125822277968748,-0.604732941842679,0.15477252644498385
229,-2.60133796763694,-1.0104213580557755,-0.5140095299815121,0.40257235486611037,0.13181184236621546,0.7830773957251163,0.3382135745971154,-0.49499090491588676,-0.34136776316026646,0.3277738942025414
230,-2.83592907570286,-1.2041599757149866,-0.49162499837582324,0.209292048382409,0.413866846081856,0.19772606260037687,0.12656293043456313,-0.4025331420097982,-0.22585213448607566,0.3784250399419553
231,-3.060178773504402,0.004126220539012299,0.02210014727929146,0.15069483822850552,-0.33540401017304056,-0.36350473897139873,-0.07595440647688861,-0.047730604989289487,-0.09855962266397297,-0.7612173144631303
232,-2.935531953242023,-0.6760712049330241,-0.10811949017426219,0.13963731762090068,0.027434024401772915,-0.191088468433427,-0.5363435293135761,-0.5068072198460964,0.2431719637934207,-0.7470360621227773
233,-2.594316413027084,-0.059178576128300846,0.2649964152568697,-0.07282682622176097,-0.5332317764437581,-0.6439369538556656,-0.4900463468485708,1.189983361000121,0.06812164190120444,0.24320586791267318
234,-2.7194205484556293,-0.1501405479144558,0.03157814645453916,0.20350090619006161,-0.7773093589275841,-0.213272124187733,0.3684272883446089,0.9422789190702701,-0.36878293826382197,0.7995811270883864
235,-2.4063764856608127,0.2354317915149292,-0.24057396809091397,0.004824187554439954,-0.1932533934163174,-0.6121032249883205,0.29519799499192334,0.9383997620068061,-0.5901322469320939,0.5529512455220961
236,-2.612924674371438,-0.08375322701531202,-0.23162026459968896,0.20617300382668644,-0.18461248931970217,-0.10777189800440513,0.4574117297142151,-0.16045781631360356,-0.6315251224446927,0.04886997823365146
237,-1.6962515211298435,-1.4236299537994344,1.026532914072227,-0.4479649744569697,0.11806033353001322,0.18053745585240627,-0.8492065170785332,-0.14006767838711126,-0.4931255639580977,-0.20615022145827644
238,-2.3995622798745764,-0.6156926504096658,0.11364929275210683,0.22078175837034536,-0.2765472142226865,0.20307624757683412,0.04999882610684428,-0.9785702187787124,-0.7285959917371264,-0.500416882671374
239,-1.7620131992166024,-1.1815382419607796,0.8293446548898868,-0.26679396186156984,0.10842345192566799,0.2779822931007582,-0.49306695635795506,-0.4748837989083808,-0.48170565823503875,-0.4802107294307982
240,-2.5259142276286353,0.3689581922765656,2.6286855911122124,-1.1339290690287973,0.12104264429946943,0.08088158994301589,0.25745841491287824,0.4754740236614793,-0.24176797139933656,-0.35310977851235825
241,-2.3793358081343117,0.3750075620754795,0.487580803047196,0.1798524645368691,-1.1739559831120867,-0.24544534059225168,-0.11277404765134871,0.6937303740874741,0.03735272967871968,-0.35659901122640014
242,-1.9197461483038538,-0.7784039677671295,0.1785944531671185,0.0904484817206926,-0.5817469383872429,-0.27851392149204235,-0.8161039583527516,0.5908489120669228,0.507097240391934,0.14471482713159334
243,-2.2044987459111915,-0.986822456861222,-0.32771976054589497,0.3458612024808822,-0.026585395055080348,0.4848854421660071,0.15564733799229621,-0.5365803513673244,-0.12468646773455382,0.22337546037963926
244,-2.087255667364651,-0.9733672773858758,-0.3179376009162706,0.3757472183210054,0.0022269200578957592,0.5322669462444913,0.5187330620995282,-0.7001868088352368,-0.4177268391565155,-0.14613365270143217
245,-2.2446578422343446,-0.9018972189206567,-0.2934848497357061,0.13110892902617247,0.4108899434040274,0.369323319993135,0.0314834842033119,-0.41105533410535994,-0.12265614609349461,-0.23068567520620606
246,-2.6466702641775695,0.8647799660730975,0.3217457897737804,0.196938650359678,-1.0393502734722824,-0.3080404886391643,0.3439551522043811,0.3479198004480343,0.035793109535477804,-0.34690828607388
247,-2.2368213150764116,-0.1284853485422734,-0.1250326660044765,0.1313735180245399,-0.2642782518327846,-0.28015031437537213,0.025876887206521246,0.06530701236631273,-0.05091904771653261,0.17229172042641247
248,-2.0296602981732375,-0.6286086170243115,-0.056080557941677905,0.22906526469341756,-0.4728667578838484,0.12749786662234505,0.17790621080386954,0.27977683664628367,-0.5436302658399821,0.3670715129091305
249,-1.4488316429733021,-1.4978285396179318,0.20985454506404988,0.01709626495347473,-0.17947843859188478,0.12172276918986423,-0.5056818474719929,-0.04093768491337634,-0.4327708922136656,-0.10393655414057842
250,-1.629310608617578,-0.09510636976909831,0.2286340284678029,-0.28819564033047435,0.12640730881971557,-0.746261660410294,-0.7942082141928454,0.28246668807372,-0.5473629027352909,-0.3605286015355793
251,-1.8272681347657627,-0.22272264477214038,0.18420534880728925,0.15874974681766502,-0.6184336384138455,0.02073444944590309,-0.20970182752391342,0.09585566334611076,-0.3626060273438339,0.040802486125761754
252,-1.4844144413953944,0.04018074637108949,0.4758148212919247,0.0677853691213749,-0.9816408146900465,-0.3847779139596064,-0.750977060393267,0.021518283988906265,-0.28535208039592297,-0.29494261505604946
253,-1.5400876379462343,0.9326903838974794,0.6211117515287898,0.062188406490653415,-1.3364493934274384,-0.4817478555962079,-0.28888175088079,0.5215688319254416,-0.3372551981165301,-0.3497183979474736
254,-0.8946103707762034,-0.3156231698944952,0.6491634597935204,0.015594646808098198,-1.2153935256612436,-0.4658304511165632,-1.1581913058940085,0.28098337181428706,-0.18136507572564622,0.09247614748945723
255,-1.017687927972195,-0.209056900458568,0.5476227639046564,0.0038530745514506553,-1.037640502852191,-0.46137538540048745,-1.0629852567326736,0.2073356476643966,-0.529460480368597,-0.0040283416216852115
256,-1.1880460476815313,-0.058791592422305854,0.27897054186749837,0.114787253348011,-0.8406385672772076,-0.1993991851143355,-0.44582743851032197,-0.01636376212652246,-0.4796773332323754,0.4168381744590073
257,-1.1623818722918153,-0.749831232284583,0.0128230247824717,-0.006418708932628996,-0.05394373208055701,-0.2478920068028058,-0.7312452021544636,-0.42533951857786645,0.08724415615195473,0.09756493049835523
258,-1.671291132190386,-1.0455623633332327,-0.07492047815596606,0.2246007409800198,-0.227737668931962,0.0700302014680274,-0.22543980746256342,-0.5881170208679415,-0.006285858612051744,0.06774321128050854
259,-0.9467506042414141,-0.9694908172733973,-0.03799121605079328,0.20661100353541767,-0.2416285355293239,0.3699686625585052,-0.08021923651833279,-0.46871628030309465,-0.6205681862090751,-0.39632709507403957
260,-0.4740635890849001,-1.361655617392195,0.6141187171100438,-0.171539183797299,-0.2684000497951282,0.08956849201472554,-1.0409645287415,-0.10546267740901044,-0.6936078287500139,-0.5717552295107788
261,-1.8553212048325922,-0.07913207756503754,11.240731181765861,-6.305057843181026,4.720238897876438,2.02339272598237,0.7130519436322948,-0.18655529366453205,-0.033724231904436054,0.5425865929595322
262,-1.6806528503177545,0.3176679919107735,1.5502947269533605,-0.42727045204382724,-0.928699836957871,-0.26719646373504025,-0.48707074871730144,0.6541903161272868,-0.42059962144982643,-0.20974686127091705
263,-0.954068624993155,-0.7186921994629828,0.024627668729300986,-0.12094815772437462,0.06467301023848661,-0.5640310449449939,-1.2228795321951866,-0.3259821437596406,-0.5061922671891151,-0.6362513605024095
264,-0.7818419112503469,-1.3120333118200103,0.2910359887773257,0.016358455141150294,-0.3761222305164713,-0.010853212769780591,-1.2379495511266818,-0.01356704364581079,0.025659390998032983,-0.5436400310261007
265,-1.2026797257376933,0.39021126056467637,0.2969244677822519,0.0323268586466484,-0.6320223515964792,-0.5699140862640127,-0.4537700684738872,-0.23718230036050036,-0.155528902961359,-0.33528929980584726
266,-0.6256742485782711,-0.6321677447945381,0.49474253085109493,-0.03216340523320276,-0.8659942992897426,-0.3760445706782933,-1.1360422914582586,0.5384597625336045,-0.2572330999163539,-0.12142509237118372
267,-1.0685422591557392,0.1937113449919764,0.6022664686783866,0.11965055693935266,-1.1585050403031554,-0.15240552462272042,-0.6014543961667178,-0.14871232141037427,-0.4095608066691802,-0.5610354069987854
268,-0.39138683182958295,1.29480781561833,0.646927176527977,-0.09221637729991743,-1.2067892920241248,-0.687204569781568,-0.43745969273769575,0.42680647045306574,-0.826725343579597,-0.3647059417541433
269,-0.4438547605480516,-0.5758772844565132,3.2315410331669785,-1.6334086729248343,0.6728240722378966,0.28619816465194187,-0.9628450352093458,-0.4946682394260066,0.24419499843639195,-0.2087493191929918
270,-0.9453647914559153,-0.11065351515470984,0.6479810995950213,0.06502634048516832,-1.0988395927944243,-0.26084553953694556,-0.9183735099716793,0.11406513690983183,0.12463235711062677,-0.6522273350062402
271,-0.07978954564329686,-0.5748051300240569,0.31436943275141,-0.2862862901412364,0.06905960118951278,-0.5981243690141675,-1.29304846469493,-0.38071438759263115,-0.3209941148255833,-0.7700570259375533
272,-0.5717422735884741,-0.05927353393224826,2.042632105238402,-1.043903340628446,0.6918359852491572,0.25185459806048643,-0.41538923291772056,-0.9945818067985664,-0.3170938198233459,-0.44413568092701017
273,-0.55594544444337,1.3475024875120503,0.7585057887427412,0.07702321365620114,-1.4182155403085257,-0.4162806930985266,-0.14093735443188762,0.019907732615181754,-0.7225654100490672,-0.3997854364253439
274,-0.4331245864997035,1.2657011490169172,0.5825418094587059,-0.07305847921942918,-1.1565922615920496,-0.8168185228068521,-0.3810975144818089,0.25906191555795655,-0.5931269050944821,0.13164153187795571
275,0.1803597719041895,-1.286543997012935,0.23682189262438885,0.08462596328460864,-0.6725560276107361,-0.07015361157193187,-0.7623351844924189,-0.2181382859384066,-0.20549741463601112,0.789562798515481
276,0.8689353631299318,-2.225918282981891,-0.08885959386154882,-0.12020344166794311,0.22973119159540195,-0.19175564135014914,-1.5012373083267934,-0.4381776824258725,-0.29779615777146334,0.7541606927283161
277,0.6177538473077416,-2.047473968755445,-0.3111368087494499,-0.17305093121582563,0.5598499861058411,-0.3516816488641559,-1.4755043891558148,-0.5510799821297742,-0.5677165394076225,0.526590343699671
278,0.4590988214973195,-2.243730539565365,-0.07401959097886249,0.07327106557273777,-0.01609347247272875,0.260795115067969,-0.9430999810213533,-0.673556939225554,-0.8082431459748901,0.4042959543742605
279,0.061608993316909715,-1.4456624811171463,0.1379174285081811,0.15919817215666987,-0.3367424976140633,0.4257087940675365,-1.001469743685011,-1.1585412382449871,-0.6028963731420508,-0.1876655563995251
280,-0.8018037964657565,1.746296825131657,1.3660461301596656,0.003921614355399971,-1.7950695548651117,0.2060810441416425,0.10382222815034031,-0.23297744565170275,-0.9795709765245846,-0.17424959074485977
281,-0.43200792452566616,1.5924850778831154,0.9890645255042745,0.19416407177969275,-2.035620119024872,-0.02377350040330409,-0.04241877758070142,-0.05006654437330826,-0.5525461496070938,-0.14573947220811398
282,-0.22316270287099163,0.12007471093475959,0.5800565357671823,0.04799215774296198,-1.2223504750537166,-0.3012528972628541,-0.6881680895390535,0.0609880299744397,0.05979718201893859,0.20602584844063845
283,-0.5858237620531839,0.9114177176803294,0.18149711171914795,0.017746344183752906,-0.5925347919762822,-0.056474274631345106,-0.6535424808991482,-0.01175902093804026,0.2992907859615037,-0.23748294786825022
284,0.3536040986381527,1.1609852310648534,-0.1677186929519949,-0.3214068294457296,0.1966211983793753,-1.0377222540500464,-0.7049140117695759,-0.002391283708731868,-0.07019303326016758,0.04085272905032308
285,0.8056149199319271,-1.2529049063263156,0.04398318344084512,-0.16153811358325196,-0.2375520284819233,-0.5995525314523633,-1.3332573521862088,0.14723772035392502,0.4520221475489898,1.1263665402963425
286,0.8611821448820731,-2.570146583340288,-0.2040227701045943,0.007230677711614384,0.038475411571406264,0.07985332197453876,-1.1073622399273382,-0.22563176500820015,0.10945475133084406,1.2960166110251166
287,0.892142119332073,-2.491968046338338,-0.7231927344597244,-0.3660767835993769,1.21055115878133,-0.6377193673059615,-1.749122740840097,0.1673045652371722,-0.11069620822347838,1.057566355362907
288,0.3101663278433986,-1.4505099435165192,-0.001028898728957144,-0.06315588710102663,0.06265078836498583,-0.1828874580871929,-1.5400112078240942,-0.8931961399631719,-0.12470134045423505,0.015041873842377883
289,0.5229537689514895,0.1007007611451597,0.5713985534255945,0.022638898941435594,-1.1829746843675348,0.0038943511859632317,-0.521498195635487,0.2581614070032243,-0.40729390354502437,-0.17302315195842236
290,0.5407303179747608,-0.8690642328080027,0.4910633918134961,-0.07652315539379821,-0.8071483538086531,-0.32204455904831447,-1.3886369572172679,-0.1917010651120325,-0.26162395538794486,-0.0039495394105679045
291,0.49886362634500314,-1.4922443254075888,0.4337513948692804,-0.04771158849028618,-0.7395644946970327,-0.24221406300232637,-1.4258893557748942,0.1439642545865537,0.29217113010597384,0.22427241098363734
292,0.44477541439053636,-2.1711119309254747,-0.003551764127571743,0.014528629103640967,-0.028167856067109538,0.10451265999404769,-1.3493008310363575,-0.4711558334761533,0.40168675954938293,0.18902750661993098
293,0.7279790682907948,-2.165031368222771,-0.15849568063353436,-0.09079599829968255,0.3441612692116321,-0.09519557690714245,-1.4797609294042402,-0.46993274506882987,0.27326364302076583,0.19961138578538376
294,0.1666852901593565,0.6374999756731018,0.3355636476374127,0.20244250354926527,-0.926028836814008,0.3736551703145177,-0.4798532442396056,-1.1942980054098493,-0.020514272521930634,-0.0712380442095345
295,0.5448240405982099,1.3479835396884206,0.8976962090023901,-0.01351869048566287,-1.8084644225323865,-0.3986686192779618,-0.4299689438789626,0.3437537375460751,-0.7546157764857907,0.3270760583302876
296,0.6874338584640433,-0.07346739270417296,0.7642790157314259,-0.04316827885443155,-1.3798817432983852,-0.44543304961542707,-0.9106108657194677,0.14739727266548716,-0.5526234304870478,0.2928910166414839
297,0.7988641207855929,-1.1374895929078042,0.49233599514122406,-0.026037166245898788,-0.9147628331714875,-0.2286966589928757,-1.2799483672928214,-0.131042131106131,-0.3285825863461904,0.5311710613239474
298,1.3257511556712098,-1.5220802629594126,-0.33403117736590104,-0.5053377811034956,0.9863718308417037,-0.9344964331955539,-1.6822776260408163,-0.29693264897637694,-0.3896919561518723,0.42064859963910567
299,1.4562781622619756,-1.6468377533442036,0.04945327172960315,-0.32834805312553733,0.46466376017321026,-0.42747430423984173,-1.574067320293711,-0.6242958500134475,-0.18567883763967696,0.1955400400958602
300,0.3757310515064503,0.6089615669273685,0.5379341899860952,0.08271562215805532,-1.1124402842679582,0.15556956213656287,-0.7062961827516359,-0.10720381961650582,0.17094881632918277,-0.09772321858627632
301,-0.04481899044185245,3.4510693727772295,-0.03950966192970101,0.37158862506576906,-0.8360054581603286,2.7982032000126287,-0.9516164749099919,0.6321084561500392,0.03475831690710916,0.025347873628047673
302,0.10567493806278853,0.9962044675182393,1.014838024953026,0.11174738832872179,-1.952261798717326,-0.3469995979774948,-0.19044813036926064,0.260359197010553,0.15130268667336677,0.01722579985777285
303,0.9017540007614478,-0.7739573994123707,0.44644945128267755,0.03175691334218826,-0.8182226564370191,-0.12418624630037453,-0.7860461583648756,-0.33096793888852355,0.5481018504382059,-0.07706273084653018
304,0.7468025769942874,0.047303159145527414,-0.1361228053047353,-0.18397536723337707,0.1541337027907191,-0.5011415765451136,-0.7777148307638007,-0.4799134671593758,0.22408389934592493,-0.15355431938153677
305,0.7282294550650416,3.584089484524721,-0.889988408489808,-0.791045573332785,1.5713092584288224,-2.316633691580006,-0.02651426090824685,-0.07126392620865374,-0.9845528011916287,-0.2926790669967243
306,1.3346285335080668,0.7339387272413646,0.7598605324268795,-0.04952715235425497,-1.342807819799034,-0.44644974711301627,-0.35287532307810493,-0.42390967519746536,-0.7356297682950091,-0.17068802129833743
307,1.2901994148444653,-0.28978813319452956,0.7577113227395728,0.11963387052702505,-1.3639004063697129,0.1395882167917474,-0.6978686656280303,-0.9383192920267489,-0.3882042086201312,-0.06207505481336879
308,0.8871254576745768,0.8075087535381206,0.18745922474932797,-0.2455080218032303,-0.37536749577093553,-0.8756563057527965,-0.6044878642084096,-0.13793833136368272,-0.4321195241459193,0.15303027725119348
309,1.4891330088005734,0.2037200725832719,-0.14281780461945526,-0.32879901234718995,0.3124047809120262,-0.9692761902723226,-0.9156637589435676,-0.5766608115560619,0.09288371395572763,0.08645357239449457
310,0.48502783023227936,1.6709289174314577,0.3643748133270196,0.22504393221110988,-1.0116661944735437,0.787958696060105,-0.3049078784335124,-0.5585721034571044,0.5360570799030328,-0.21498039020781692
311,0.5566948990500469,4.709072733466093,-0.3582971845222413,0.5184320155771097,-0.606635792466825,3.93135859782378,-0.6970619494464518,0.2923988115770656,0.20459663711704212,0.21785235970308411
312,1.0330961777697307,1.5847284562001795,0.756117623524456,-0.041419971548323026,-1.5626299561391617,-0.5664832748545078,-0.056229535246121204,0.1478573697387512,0.058692831849257984,0.348992128311954
313,1.3839629943368348,0.618823316242142,0.7075243373682341,-0.0022036958906773625,-1.4131325952357228,-0.2885892608708376,-0.287845058447456,-0.1882662749106862,-0.028545241973476833,0.1264467873374669
314,2.774651055003489,-0.964329069480419,-0.41353175588278734,-0.4280186289849578,0.8080954801600206,-0.766462807641348,-0.8894667769790481,-0.4839975450778943,-0.37720161887404396,-0.06594643522770803
315,2.107778602775009,1.4585486080778152,-1.3605334018361466,-0.821754634984419,2.512708634084284,-1.6478596252197595,-0.7630798939472495,-0.3998078884600454,-0.640961501419037,-0.29656172957670796
316,1.4060937646072076,2.201365252361149,0.24734195064404227,-0.20259072006110362,-0.6815051544134832,-0.5790405815871396,-0.0401318784656263,0.23043562782973104,-0.5467148124338943,0.27208526844694086
317,2.404901439865048,-0.28542402125852734,0.2682953779365544,-0.150283014995344,-0.5207485458322049,-0.3018633106823458,-0.43870071835983404,-0.35454661345349997,-0.32748923889115256,-0.022373059367394376
318,3.5293558021436975,-3.0076822723430547,0.09262209697559046,-0.13035328097882576,-0.22121703946895033,0.2785914763755657,-0.9342784965205719,0.36132018022179324,-0.05104134689652985,0.7182579597090797
319,3.35255264026564,-3.119285018879916,-0.38094164472368264,-0.39461160506303056,0.729449805763402,-0.27863128608124926,-1.545990735460175,0.61696741160917,0.11998171290219481,1.0734093107694127
320,2.706144526118394,-1.1789503615988526,-0.4037197127355049,-0.4708848826821684,0.6237418672118941,-0.8467523147970757,-1.084081232907618,0.527785914971836,0.016110886254812166,1.0185659815348278
321,1.4652058833840451,0.9283099332065092,0.5669762637205863,-0.006959181247998317,-1.218447010216818,-0.29616902116765886,-0.1938615018364755,-0.35741099629554973,0.034124989262060396,0.3108373641745248
322,2.476153499229065,-1.4295722286413133,0.6603126090936708,-0.0033492593835194166,-1.1322461878710517,0.1521599510834292,-0.9591136775433565,-0.029101487161722058,-0.20420693107921128,0.43369134715037294
323,2.1836200534406025,-0.38741106177975515,0.4990473771998247,-0.016772208183992762,-0.9637875139429316,-0.01531760538391622,-0.6897500418416224,-0.5820454075762919,-0.0671344493318408,0.34107434854032787
324,2.7377210346939664,-1.8017499112943058,-0.027601315156935563,-0.17931810159948539,0.09104198568538818,-0.10239592885345974,-1.0027647550656633,-0.3779954930721794,0.22579085640287633,0.22201625677289785
325,3.22959630311772,-2.83213659917723,-0.3632641970853879,-0.34705649411905387,0.7089498519150919,-0.19792942803725147,-1.1448441108262426,0.4922523355169378,0.21157754485408972,0.46006502040548064
326,1.7191318020726931,0.24363656090953295,0.4440443263731245,0.07435271948319518,-1.011118664856088,-0.010700877587670663,-0.3088454337733154,-0.991231168483257,0.4222171506040314,0.252617045362094
327,2.1433623180987618,-0.17317982905082824,3.1704002183372854e-05,-0.2114894582825367,-0.032994890476563794,-0.4015324930770417,-0.6758151150791705,-0.24894394935682715,0.3460567457719845,0.0563269381441027
328,2.9378984153715444,-2.2794182122814215,0.2972938419441461,-0.10312006167844434,-0.25958919935300284,0.3043084410020227,-1.2010550256881845,-0.45907782163639455,-0.03782128982201692,0.1253355573496067
329,1.6566076727209218,1.1203652931690844,0.15343863491005189,0.2215040432438637,-0.6750181736487751,1.2880842549856006,-0.48836812190519696,-0.9817840701361793,0.3617347821038025,-0.1123140023671293
330,1.9240701292842288,6.180414579059248,-1.2882346094359742,0.20775891067288288,0.976888869403343,4.905153988217598,-1.7871954549903097,1.0025607672958177,-0.28119140691833877,0.21613147875336775
331,1.976289906805332,2.1183657954282515,0.5866464302862263,0.0636625028157684,-1.287364815634858,0.24325524469027474,-0.09125228800779733,-0.8378261960172194,0.32344150333954585,-0.0660509037731433
332,1.0597600468642532,3.212793972666213,0.5829988468670488,0.2512178352408643,-1.5997110988363425,0.6240357732852877,0.7149848299899241,-0.6267443000526004,0.246005444803987,0.04740163589339625
333,1.6431774680912656,4.216078532030164,-0.5941237900844006,-0.38717955009275035,0.6561270134834861,-0.6966625721759853,0.4180097576232123,-0.348081448728803,-0.013934300174577984,-0.03599982771729531
334,2.8702556769973713,3.421026395266341,-1.5037422407372794,-1.0950680693668144,2.790011514572159,-2.8745352685166727,0.08475949108726873,-0.4418482164917338,-0.17041635425462834,-0.23231501977904082
335,3.25021250173017,0.5364698076496671,0.4006156909558301,-0.1853860075303237,-0.8281367337251574,-0.5215614465928546,0.2154877567648323,0.13949521403165793,0.2949595125754588,0.23411257735807972
336,2.7790010565470293,1.7352919241410383,-0.3412265346375342,-0.4157740872227127,0.5290871999528813,-0.8444359571289449,0.1252305341768293,-0.07267767103526418,-0.06601524730158691,-0.22299166460306727
337,3.2435604956173867,1.7770295686476583,-0.4229236194936845,-0.6217934298786802,0.7653416009316385,-1.5791900364606009,0.08731662456924714,-0.09632630613014348,-0.5713565926704998,0.10658005290167531
338,5.241163914310113,-2.5151366017572263,-0.8533305776087855,-0.6316147005681095,1.6294173279587274,-0.4076903274978267,-0.2272467909870399,0.7418259407572524,-1.240250918513905,-0.14956301772547617
339,3.0292423873505157,-0.06618854714028793,0.22628834467100173,0.1808288116238337,-0.600602216313333,0.9104710695816359,-0.0012553041109761036,-0.49684105098332315,-0.2073222795878759,0.11383511860186933
340,2.017201979858397,3.186824031562209,0.15985116522699586,-0.04980954834541418,-0.7366391423482945,0.2724238006062674,0.29139881138706375,-0.0951724219529887,-0.1732550144063359,0.22260293286755717
341,1.6664468991045236,3.356865748680633,0.3666955452916134,0.06196159684545583,-1.089243558142577,0.4123058376895951,0.2909475569793459,-0.3991043884922135,0.19692494852108866,0.0628082263140688
342,2.509384785535889,1.1938435995288617,0.7585280600273173,0.0507578101806965,-1.4875372331207115,-0.274330034858543,0.4387939210059028,-0.6749927541758998,0.2613887419576953,0.023156557828116268
343,3.3412601064630634,0.09986058985321539,-0.2465493096950856,-0.3614838250038367,0.32187743023019905,-0.7892447504374389,0.07370275521818875,-0.1637829307874187,0.23187696433720667,0.11130000870964003
344,2.86062810542861,2.119672024547214,-1.1943710541221682,-0.49225350866763307,1.8507207377714432,-0.2137024561433236,-0.20920745311203895,-0.5392742056488252,-0.2569375117629192,-0.30664231162627936
345,2.1226488860577173,6.207285799235635,-1.4166050842591238,-0.05637580699662296,1.4930675662074653,3.3009921376364275,-1.2340642084269509,0.5098440965467718,-0.2665307765745372,0.10154969755326061
346,3.2014118997945626,0.4046736998638026,0.3745013653685293,0.0556040329916974,-0.9298259874514333,0.5236548071544126,-0.04999276936789553,-0.6804566252281549,0.30580785619071116,0.15328172007691723
347,4.789252390020532,-2.582935049578666,-0.07707480451655493,-0.10547928521382699,-0.017102637379999293,0.6849192640654438,0.5304375422937749,0.45055888618530926,-0.3629710883980844,-0.4883675804133223
348,2.2807969181208687,2.5701682681729743,-1.015943902645456,-0.33530545821604335,1.5166780005818628,0.0021120481324568945,-0.2715549910552279,-1.0595071519339916,0.17888859603090485,-0.3190317103334318
349,2.3688112403502997,5.884284840265149,-1.4431454623927038,-0.16041218404697935,1.6417100323276002,3.0746335610302706,-1.4604961853338907,0.8713857208184144,-0.2260928773983282,0.05374683286264965
350,2.1856029841682787,5.513333871307689,-0.9672293751782188,0.39970199537681167,0.3515056851625492,5.488062813193823,-1.834372723589005,1.2736313282687888,0.27911099488742414,0.389939335532459
351,3.2002454435042877,-0.5259187341726536,0.29703095211625224,-0.047559383148593086,-0.6823805180591397,-0.0053723496320684135,0.1451095306703072,-0.22703063092292086,0.4759946269572619,0.052404237468509925
352,3.464503996447989,-0.06031051663800504,-0.8789172095800661,-0.6407237132404109,1.5398053275464925,-1.111358943606607,-0.017900072598211053,0.4591376672271129,0.2165927877146217,-0.3320030947523022
353,2.064851438924461,3.3178312741237477,-0.3376606559218914,-0.5057936504739188,0.4640283870223769,-1.4523565414903368,0.39895367309564916,-0.10052008182744776,-0.4746204375154456,-0.02501395305255587
354,2.66908411157646,2.8690303008985167,-0.6658438216939686,-0.7782702164284888,1.155993840838127,-1.9072012234609246,0.030485679287424405,0.5176954257291189,-0.8067199133405893,0.20948850708391115
355,4.264862498041605,-1.9691402680666554,0.11737558228544895,-0.1186031022698717,-0.30236534343958565,0.3325604155110839,-0.034446380252198316,-0.15706799933318072,-0.4383244123173849,-0.044757611502336474
356,4.738194987139858,-3.192683085428387,-0.14731337854622895,-0.18764623750984458,0.06364284063680192,0.6278625998270443,-0.22652875513642143,0.8899198358974915,-0.43040603505379954,0.4270500087487527
357,3.6091721352571136,-1.3619024183283384,-0.7656460027514959,-0.38716985030197915,1.205993788969781,-0.3407912777431951,-0.1444679366160758,-0.0033677903038721265,0.39140639493788715,0.03506135361986038
358,3.227326730726685,-1.3983639908658545,-0.5074907767462463,-0.2454025712909839,0.7574265908860363,-0.13149481726221082,-0.16991151369231844,-0.2532797996795778,1.0153530025994417,-0.08192627785422382
359,1.8534283010394803,0.9043553906419445,0.5418423324755257,0.07685021197653837,-1.2341918746796434,-0.13284478877208025,0.3509090730908773,-0.3616707746903324,0.9071793403596128,0.12462366879885457
360,1.652932143130621,4.701380696990412,-0.05117290693519044,0.371167425933131,-0.8781391267338204,2.8938189747486005,-0.21296150276215584,-0.18323283833991744,-0.0652305143234157,0.18711701479569035
