date,pm2.5,DEWP,TEMP,PRES,Iws,Is,Ir
2010/1/2,181,-7,-4,1028,55.43,4,0
2010/1/3,129,-7,-4,1027,127.84,27,0
2010/1/4,129,-14,-4,1035,198.45,0,0
2010/1/5,129,-16,-4,1035,218.57,0,0
2010/1/6,132,-16,-4,1035,59,0,0
2010/1/7,198,-16,-4,1036,28.17,0,0
2010/1/8,275,-15,-4,1031,6.71,0,0
2010/1/9,196,-14,-4,1033,38.89,0,0
2010/1/10,129,-13,-4,1035,52.31,0,0
2010/1/11,129,-16,-4,1036,93.43,0,0
2010/1/12,129,-16,-4,1034,160.03,0,0
2010/1/13,129,-16,-4,1034,299.06,0,0
2010/1/14,257,-14,-3,1033,33.08,0,0
2010/1/15,129,-14,-2,1039,45.58,0,0
2010/1/16,271,-11,-3,1036,9.84,0,0
2010/1/17,317,-10,-1,1032,17.89,0,0
2010/1/18,435,-5,1,1028,16.99,0,0
2010/1/19,485,-2,2,1025,13.86,0,0
2010/1/20,389,-2,2,1038,78.24,0,0
2010/1/21,129,-16,-2,1039,160.9,0,0
2010/1/22,129,-16,-2,1037,168.06,0,0
2010/1/23,203,-13,3,1033,172.08,0,0
2010/1/26,340,-9,8,1021,47.4,0,0
2010/1/27,129,-12,4,1029,99.23,0,0
2010/1/28,129,-16,6,1028,105.04,0,0
2010/1/29,129,-15,7,1021,114.88,0,0
2010/1/30,129,-15,6,1026,145.69,0,0
2010/1/31,145,-7,1,1028,23.25,0,0
2010/2/1,129,-10,1,1029,42.92,0,0
2010/2/2,161,-16,2,1030,59,0,0
2010/2/3,129,-16,1,1028,63.02,0,0
2010/2/4,129,-12,-1,1031,15.65,0,0
2010/2/5,129,-10,-2,1033,33.52,1,0
2010/2/6,189,-6,-2,1029,48.73,10,0
2010/2/7,197,-4,5,1022,15.2,0,0
2010/2/8,273,-4,5,1025,8.04,0,0
2010/2/9,182,-6,2,1033,83.14,0,0
2010/2/10,129,-16,-1,1037,95.65,0,0
2010/2/11,129,-16,-1,1038,22.79,0,0
2010/2/12,129,-16,3,1032,24.15,0,0
2010/2/13,980,-13,0,1035,23.69,0,0
2010/2/14,129,-16,0,1038,18.78,0,0
2010/2/15,161,-12,3,1034,20.11,0,0
2010/2/16,247,-8,2,1029,139.03,0,0
2010/2/17,129,-16,6,1027,13.41,0,0
2010/2/18,296,-13,11,1021,14.75,0,0
2010/2/19,205,-8,9,1020,14.76,0,0
2010/2/20,282,-6,14,1020,51.86,0,0
2010/2/21,154,-3,5,1022,51.41,0,0
2010/2/22,218,-5,7,1020,4.92,0,0
2010/2/23,368,2,11,1020,37.1,0,0
2010/2/24,309,3,8,1020,45.6,0,0
2010/2/25,130,-2,5,1022,81.37,0,0
2010/2/26,138,-4,2,1022,54.95,4,0
2010/2/27,145,-3,4,1025,42.02,2,0
2010/2/28,161,-3,-1,1027,67.07,9,0
2010/3/1,169,-4,8,1023,82.27,0,0
2010/3/2,247,-5,6,1026,24.59,0,0
2010/3/3,261,-2,7,1020,22.36,0,1
2010/3/4,269,-2,3,1030,130.96,0,0
2010/3/5,129,-9,2,1036,82.7,0,0
2010/3/6,134,-9,1,1037,39.35,1,0
2010/3/7,129,-5,-1,1041,28.18,11,0
2010/3/8,129,-8,1,1042,175.21,0,0
2010/3/9,129,-11,9,1030,179.23,0,0
2010/3/10,224,-6,9,1020,35.76,0,0
2010/3/11,314,-6,10,1021,88.51,0,0
2010/3/12,129,-5,8,1029,47.81,0,0
2010/3/13,129,-1,4,1025,60.77,14,3
2010/3/14,220,-1,4,1025,129.18,0,0
2010/3/15,129,-9,7,1026,135.89,0,0
2010/3/16,129,-7,7,1029,58.56,0,0
2010/3/17,227,-2,4,1027,19.67,1,0
2010/3/18,250,3,7,1020,10.28,0,3
2010/3/19,700,3,10,1020,171.24,0,0
2010/3/20,129,-5,14,1020,185.1,0,0
2010/3/21,784,-2,14,1020,103.24,0,0
2010/3/22,129,-6,13,1024,110.39,0,0
2010/3/23,134,1,11,1027,89.83,0,3
2010/3/24,129,0,9,1030,51.85,0,0
2010/3/25,142,-6,15,1023,39.79,0,0
2010/3/26,134,-4,11,1028,39.33,0,0
2010/3/27,129,-5,16,1030,34.43,0,0
2010/3/28,366,6,12,1025,43.37,0,3
2010/3/29,297,7,16,1022,95.64,0,10
2010/4/1,129,-7,12,1023,213.21,0,0
2010/4/2,133,-7,12,1022,110.4,0,0
2010/4/3,206,1,16,1021,62.14,0,0
2010/4/4,199,2,22,1020,39.79,0,0
2010/4/5,186,4,16,1028,37.1,0,2
2010/4/6,129,-3,16,1028,62.13,0,0
2010/4/7,140,1,20,1024,123.37,0,0
2010/4/8,158,4,21,1020,170.31,0,0
2010/4/9,131,6,14,1021,50.07,0,0
2010/4/10,129,1,16,1021,89.39,0,3
2010/4/11,129,4,8,1020,104.14,0,6
2010/4/12,129,-2,11,1028,199.38,0,0
2010/4/13,129,-7,11,1030,288.34,0,0
2010/4/14,171,1,13,1030,79.57,0,0
2010/4/15,255,3,9,1022,98.8,0,0
2010/4/16,289,5,15,1024,75.54,0,0
2010/4/17,223,7,12,1025,109.97,0,0
2010/4/18,389,9,20,1020,12.52,0,2
2010/4/19,272,9,18,1020,38.44,0,3
2010/4/20,129,8,19,1023,19.67,0,2
2010/4/21,129,6,13,1024,50.95,0,11
2010/4/22,129,7,12,1023,42.92,0,15
2010/4/23,129,1,21,1023,37.56,0,0
2010/4/24,141,7,24,1020,115.79,0,0
2010/4/25,142,8,21,1020,159.14,0,5
2010/4/26,129,-1,13,1020,114.9,0,1
2010/4/27,129,-6,13,1020,273.59,0,0
2010/4/28,129,-4,15,1020,434.98,0,0
2010/4/29,129,-3,19,1020,206.09,0,0
2010/4/30,129,2,25,1020,266,0,0
2010/5/1,146,10,32,1020,73.3,0,0
2010/5/2,151,10,32,1020,43.81,0,0
2010/5/3,160,10,24,1020,18.33,0,1
2010/5/4,228,18,25,1020,71.97,0,6
2010/5/5,283,17,26,1020,153.77,0,0
2010/5/6,129,8,28,1020,97.87,0,0
2010/5/7,228,10,28,1020,90.29,0,0
2010/5/8,294,12,25,1020,48.73,0,2
2010/5/9,132,6,22,1020,100.15,0,0
2010/5/10,129,3,23,1020,186.4,0,0
2010/5/11,129,8,23,1020,22.36,0,0
2010/5/12,129,8,24,1020,42.92,0,0
2010/5/13,129,9,25,1020,41.57,0,0
2010/5/14,238,14,22,1020,25.94,0,4
2010/5/15,203,13,28,1020,51.85,0,0
2010/5/16,185,14,22,1020,103.72,0,8
2010/5/17,129,15,20,1020,39.78,0,6
2010/5/18,129,13,27,1020,59.9,0,1
2010/5/19,129,10,34,1020,62.13,0,0
2010/5/20,129,13,35,1020,57.22,0,0
2010/5/21,234,14,28,1020,29.51,0,0
2010/5/22,182,14,30,1020,29.05,0,0
2010/5/23,165,13,35,1020,27.71,0,1
2010/5/24,129,7,30,1020,72.87,0,0
2010/5/25,139,13,31,1020,18.33,0,0
2010/5/26,129,15,30,1020,64.38,0,2
2010/5/27,157,17,24,1020,15.2,0,22
2010/5/28,251,18,31,1020,17.88,0,1
2010/5/29,314,15,31,1020,29.95,0,0
2010/5/30,129,15,28,1020,17.89,0,1
2010/5/31,189,16,26,1020,16.1,0,1
2010/6/1,190,17,25,1020,10.28,0,2
2010/6/3,129,14,28,1020,30.4,0,0
2010/6/7,191,17,31,1020,57.22,0,0
2010/6/10,129,16,24,1020,29.06,0,5
2010/6/11,129,16,25,1020,21.46,0,0
2010/6/12,160,18,31,1020,17.44,0,2
2010/6/13,198,19,29,1020,53.65,0,6
2010/6/14,151,21,31,1020,34.87,0,0
2010/6/15,229,21,33,1020,7.15,0,1
2010/6/16,155,21,31,1020,23.7,0,3
2010/6/17,129,18,21,1020,16.09,0,4
2010/6/18,129,19,27,1020,18.78,0,0
2010/6/19,205,21,32,1020,23.25,0,0
2010/6/20,240,20,35,1020,43.37,0,0
2010/6/21,132,19,31,1020,6.71,0,1
2010/6/22,140,20,31,1020,31.28,0,0
2010/6/24,231,16,33,1020,22.81,0,0
2010/6/25,227,18,32,1020,29.06,0,0
2010/6/26,252,18,32,1020,33.98,0,0
2010/6/27,163,20,32,1020,37.56,0,2
2010/6/28,228,20,32,1020,43.81,0,0
2010/6/29,249,21,32,1020,45.6,0,0
2010/6/30,235,22,29,1020,21.02,0,0
2010/7/1,241,22,25,1020,16.09,0,8
2010/7/2,129,20,37,1020,35.76,0,0
2010/7/3,129,22,38,1020,34.86,0,0
2010/7/4,168,22,38,1020,27.28,0,1
2010/7/5,132,21,41,1020,41.59,0,0
2010/7/6,129,18,41,1020,58.55,0,0
2010/7/7,129,19,30,1020,19.67,0,0
2010/7/8,129,18,37,1020,37.1,0,0
2010/7/9,129,21,30,1020,40.23,0,12
2010/7/10,129,21,23,1020,31.3,0,14
2010/7/11,231,22,24,1020,51.88,0,3
2010/7/12,211,22,25,1020,7.16,0,1
2010/7/13,206,22,26,1020,29.06,0,4
2010/7/14,176,23,27,1020,13.86,0,0
2010/7/15,286,22,25,1020,12.97,0,3
2010/7/16,310,24,31,1020,25.48,0,2
2010/7/17,267,24,32,1020,34.88,0,1
2010/7/18,203,24,34,1020,45.15,0,1
2010/7/19,286,24,28,1020,73.33,0,7
2010/7/20,129,22,32,1020,36.19,0,5
2010/7/21,129,22,32,1020,37.98,0,0
2010/7/22,227,25,33,1020,34.44,0,0
2010/7/23,255,25,35,1020,49.63,0,0
2010/7/24,211,25,35,1020,54.1,0,0
2010/7/25,231,25,35,1020,52.3,0,0
2010/7/26,269,26,33,1020,19.23,0,0
2010/7/27,243,26,35,1020,65.28,0,0
2010/7/28,198,25,36,1020,89.43,0,0
2010/7/29,285,28,33,1020,52.76,0,3
2010/7/30,302,27,30,1020,25.03,0,2
2010/7/31,306,28,32,1020,57.2,0,2
2010/8/1,129,22,31,1020,37.11,0,1
2010/8/2,129,19,32,1020,27.28,0,0
2010/8/3,202,21,30,1020,32.65,0,0
2010/8/4,205,22,26,1020,47.83,0,3
2010/8/5,129,20,32,1020,138.58,0,0
2010/8/6,129,17,31,1020,159.59,0,0
2010/8/7,129,21,29,1020,47.83,0,6
2010/8/8,221,23,32,1020,28.62,0,7
2010/8/9,360,24,31,1020,21.02,0,0
2010/8/10,284,23,33,1020,31.75,0,0
2010/8/11,223,23,27,1020,57.22,0,2
2010/8/12,129,24,33,1020,20.56,0,0
2010/8/13,194,25,34,1020,37.09,0,1
2010/8/16,194,21,33,1020,65.72,0,0
2010/8/17,337,24,28,1020,95.24,0,9
2010/8/18,154,23,28,1020,27.73,0,14
2010/8/19,210,23,32,1020,28.61,0,0
2010/8/20,129,23,24,1020,37.56,0,14
2010/8/21,129,18,29,1020,27.27,0,5
2010/8/22,169,21,29,1020,28.16,0,0
2010/8/23,211,22,29,1020,51.41,0,0
2010/8/24,184,19,30,1020,11.18,0,0
2010/8/25,133,20,32,1020,29.51,0,0
2010/8/26,129,18,30,1020,46.05,0,0
2010/8/27,129,19,32,1020,30.84,0,0
2010/8/28,195,20,32,1020,32.19,0,0
2010/8/29,224,22,30,1020,18.34,0,1
2010/8/30,165,21,27,1020,22.36,0,2
2010/8/31,129,21,27,1020,38.9,0,2
2010/9/1,224,21,29,1020,14.31,0,0
2010/9/2,284,20,26,1020,26.82,0,5
2010/9/3,159,18,28,1020,16.55,0,0
2010/9/4,185,20,29,1020,24.14,0,0
2010/9/5,232,22,30,1020,8.93,0,0
2010/9/6,278,22,27,1020,18.77,0,0
2010/9/7,133,17,28,1020,19.23,0,0
2010/9/8,227,17,27,1020,34.87,0,0
2010/9/9,200,17,30,1020,55,0,0
2010/9/10,240,17,33,1020,17.89,0,0
2010/9/12,269,17,33,1020,21.02,0,0
2010/9/13,310,18,34,1020,23.68,0,0
2010/9/14,455,20,32,1020,19.67,0,0
2010/9/15,297,21,30,1020,84.06,0,2
2010/9/16,262,20,25,1020,144.41,0,18
2010/9/17,129,14,17,1020,21.46,0,36
2010/9/18,138,15,25,1020,12.08,0,3
2010/9/19,147,16,24,1020,15.2,0,1
2010/9/20,274,15,22,1020,70.21,0,10
2010/10/1,266,17,24,1020,22.81,0,8
2010/10/2,129,10,21,1020,184.17,0,0
2010/10/3,129,7,23,1020,278.5,0,0
2010/10/4,129,11,23,1020,14.31,0,0
2010/10/5,260,14,26,1020,13.86,0,0
2010/10/6,534,16,25,1020,14.76,0,0
2010/10/7,458,15,23,1020,12.07,0,0
2010/10/8,470,15,24,1020,12.97,0,0
2010/10/9,449,15,21,1020,5.37,0,0
2010/10/10,428,16,19,1020,50.51,0,7
2010/10/11,129,7,19,1025,16.99,0,0
2010/10/12,187,9,19,1023,16.09,0,0
2010/10/13,193,12,22,1022,42.46,0,0
2010/10/14,129,1,20,1021,147.51,0,0
2010/10/15,143,6,20,1020,53.64,0,0
2010/10/16,129,8,18,1030,97.44,0,0
2010/10/17,129,3,9,1029,106.39,0,0
2010/10/18,129,7,10,1028,26.38,0,10
2010/10/19,129,8,11,1029,8.05,0,0
2010/10/20,154,8,11,1027,3.57,0,0
2010/10/21,184,10,12,1022,7.15,0,0
2010/10/22,225,12,15,1021,8.5,0,4
2010/10/23,278,13,16,1026,35.32,0,12
2010/10/24,129,4,12,1032,90.75,0,13
2010/10/25,129,-7,14,1043,181.95,0,0
2010/10/26,129,-2,9,1040,12.06,0,0
2010/10/27,189,0,14,1030,18.33,0,0
2010/10/28,129,2,18,1029,21.45,0,0
2010/10/29,129,2,19,1029,32.64,0,0
2010/10/30,129,3,20,1026,33.1,0,0
2010/10/31,129,2,19,1029,39.36,0,0
2010/11/3,183,2,19,1023,30.41,0,0
2010/11/4,148,4,21,1022,19.22,0,0
2010/11/5,374,7,18,1020,16.09,0,0
2010/11/6,481,7,14,1021,122.93,0,0
2010/11/7,129,-3,11,1026,181.94,0,0
2010/11/8,129,-4,8,1026,72.42,0,0
2010/11/9,146,-1,11,1020,14.3,0,0
2010/11/10,302,0,9,1020,113.94,0,0
2010/11/11,129,-3,7,1023,160.46,0,0
2010/11/12,129,-13,7,1029.666667,161.4,0,0
2010/11/13,129,-8,0,1035,205.7,0,0
2010/11/14,129,-4,0,1035,248.66,0,0
2010/11/15,213,-4,-1,1023,291.62,0,0
2010/11/16,503,-1,9,1024,306.83,0,0
2010/11/17,525,2,9,1023,14.76,0,0
2010/11/18,569,3,13,1020,21.46,0,0
2010/11/19,454,1,13,1020,23.25,0,0
2010/11/20,462,1,10,1020,143.05,0,0
2010/11/21,129,-7,10,1023,158.7,0,0
2010/11/22,258,-4,8,1022,7.6,0,0
2010/11/23,264,-5,7,1028,108.19,0,0
2010/11/24,129,-9,7,1029,112.21,0,0
2010/11/25,206,-7,4,1024,8.49,0,0
2010/11/26,174,-8,8,1026,166.3,0,0
2010/11/27,316,-9,5,1026,11.63,0,0
2010/11/28,443,-1,4,1022,11.63,0,0
2010/11/29,267,0,3,1021,15.65,0,0
2010/11/30,276,0,2,1020,4.9,0,0
2010/12/1,288,-1,8,1026,173.89,0,0
2010/12/2,162,-9,6,1027,8.05,0,0
2010/12/3,248,-7,7,1020,22.81,0,0
2010/12/4,322,-7,13,1030,69.26,0,0
2010/12/5,129,-14,4,1035,264.59,0,0
2010/12/6,129,-11,7,1027,35.76,0,0
2010/12/7,129,-8,8,1020,40.68,0,0
2010/12/8,257,-7,5,1020,6.7,0,0
2010/12/9,254,-6,7,1021,161.83,0,0
2010/12/10,129,-13,2,1024,185.97,0,0
2010/12/11,139,-8,2,1022,54.55,0,0
2010/12/12,179,-6,0,1032,118.9,0,0
2010/12/13,129,-16,-4,1036,105.04,0,0
2010/12/14,129,-16,-4,1038,269.55,0,0
2010/12/15,129,-16,3,1027,43.81,0,0
2010/12/16,205,-13,8,1020,26.81,0,0
2010/12/17,379,-10,5,1020,6.71,0,0
2010/12/18,528,-10,11,1020,87.16,0,0
2010/12/19,352,-7,12,1020,18.78,0,0
2010/12/20,607,-5,6,1020,3.57,0,0
2010/12/21,615,-6,7,1023,73.77,0,0
2010/12/22,129,-9,1,1038,114.45,0,0
2010/12/23,129,-16,-4,1041,29.49,0,0
2010/12/24,135,-16,-3,1033,32.63,0,0
2010/12/25,163,-16,2,1022,73.78,0,0
2010/12/26,161,-12,6,1020,86.72,0,0
2010/12/27,129,-16,1,1021,208.3,0,0
2010/12/28,129,-13,0,1025,102.81,0,0
2010/12/29,129,-16,-4,1027,326.79,0,0
2010/12/30,129,-16,-3,1031,543.59,0,0
2010/12/31,129,-15,-1,1038,565.49,0,0
2011/1/2,286,-13,-1,1034,3.56,0,0
2011/1/3,275,-13,2,1029,43.36,0,0
2011/1/4,129,-16,-2,1035,252.55,0,0
2011/1/5,129,-16,-1,1041,417.5,0,0
2011/1/6,129,-16,1,1038,445.66,0,0
2011/1/7,181,-14,0,1028,83.59,0,0
2011/1/10,129,-16,-1,1025,106.85,0,0
2011/1/11,129,-16,1,1026,16.09,0,0
2011/1/12,252,-16,3,1024,31.73,0,0
2011/1/13,129,-16,-1,1038,149.3,0,0
2011/1/14,129,-16,-4,1042,338.85,0,0
2011/1/15,129,-16,-2,1039,9.39,0,0
2011/1/16,130,-16,-2,1037,116.22,0,0
2011/1/17,129,-16,-3,1035,130.97,0,0
2011/1/18,129,-16,-1,1034,119.8,0,0
2011/1/19,129,-16,0,1034,15.2,0,0
2011/1/20,155,-16,2,1030,25.03,0,0
2011/1/21,191,-16,1,1029,60.36,0,0
2011/1/22,129,-16,-2,1034,236.94,0,0
2011/1/23,129,-16,0,1035,271.81,0,0
2011/1/24,129,-16,0,1037,99.25,0,0
2011/1/25,132,-16,0,1040,25.95,0,0
2011/1/26,161,-16,-2,1045,38.45,0,0
2011/1/27,129,-16,-1,1041,75.1,0,0
2011/1/28,129,-16,-1,1038,128.31,0,0
2011/1/29,129,-16,3,1036,205.19,0,0
2011/1/30,129,-16,8,1032,208.32,0,0
2011/1/31,129,-16,9,1025,105.04,0,0
2011/2/1,129,-16,7,1022,87.62,0,0
2011/2/2,348,-16,7,1024,133.21,0,0
2011/2/3,378,-10,8,1024,29.95,0,0
2011/2/4,178,-7,2,1025,25.92,0,0
2011/2/5,220,-9,11,1023,12.96,0,0
2011/2/6,200,-8,4,1020,21.9,0,0
2011/2/7,295,-10,8,1020,31.3,0,0
2011/2/8,225,-5,3,1029,33.08,0,0
2011/2/9,129,-3,-1,1029,88.08,20,0
2011/2/10,239,-4,-1,1034,109.53,0,0
2011/2/11,129,-15,-2,1036,20.57,0,0
2011/2/12,129,-6,-2,1031,38.46,14,0
2011/2/13,129,-8,1,1034,28.16,0,0
2011/2/14,301,-7,1,1030,5.37,0,0
2011/2/15,335,-5,3,1025,6.26,0,0
2011/2/16,328,-5,8,1027,24.14,0,0
2011/2/17,422,-7,8,1029,20.57,0,0
2011/2/18,283,-6,12,1026,32.63,0,0
2011/2/19,526,-4,9,1029,15.2,0,0
2011/2/20,595,-2,7,1027,4.9,0,0
2011/2/21,499,-4,8,1024,9.83,0,0
2011/2/22,470,-2,9,1020,11.18,0,0
2011/2/23,451,-3,11,1025,53.19,0,0
2011/2/24,142,-4,7,1034,25.93,0,0
2011/2/25,129,-3,3,1031,47.84,8,0
2011/2/26,129,-2,2,1030,69.27,7,0
2011/2/27,129,-8,6,1029,74.66,0,0
2011/2/28,129,-11,7,1029,96.57,0,0
2011/3/1,129,-12,8,1028,124.72,0,0
2011/3/2,129,-14,9,1029,200.7,0,0
2011/3/3,129,-9,12,1026,205.62,0,0
2011/3/4,136,1,13,1020,64.37,0,0
2011/3/5,142,-4,11,1026,74.65,0,0
2011/3/7,129,-14,11,1027,153.78,0,0
2011/3/8,129,-15,9,1030,185.52,0,0
2011/3/9,129,-11,12,1031,61.7,0,0
2011/3/10,129,-9,16,1025,37.11,0,0
2011/3/11,266,-3,14,1021,25.93,0,0
2011/3/12,416,-1,17,1020,16.54,0,0
2011/3/13,339,-2,19,1030,57.66,0,0
2011/3/14,129,-15,9,1031,215.03,0,0
2011/3/15,129,-11,10,1031,356.26,0,0
2011/3/16,138,-7,11,1027,30.39,0,0
2011/3/17,135,-5,17,1031,159.58,0,0
2011/3/22,129,-16,11,1032,189.97,0,0
2011/3/23,129,-12,11,1027,151.54,0,0
2011/3/24,129,-16,12,1029,226.65,0,0
2011/3/25,129,-10,15,1030,231.57,0,0
2011/3/26,178,-7,15,1027,38.45,0,0
2011/3/27,129,-5,18,1026,117.13,0,0
2011/3/28,129,-3,15,1030,27.72,0,0
2011/3/29,129,-2,21,1028,29.49,0,0
2011/3/30,212,3,23,1023,33.97,0,0
2011/3/31,328,4,19,1030,107.3,0,3
2011/4/1,178,3,14,1032,31.73,0,6
2011/4/2,186,0,19,1028,32.18,0,0
2011/4/4,241,-3,22,1026,57.2,0,0
2011/4/5,279,0,18,1025,83.6,0,0
2011/4/6,196,2,26,1020,100.14,0,2
2011/4/9,129,-2,19,1025,59.46,0,0
2011/4/11,129,-9,22,1024,70.61,0,0
2011/4/12,202,1,26,1020,43.36,0,0
2011/4/13,231,8,24,1020,25.03,0,0
2011/4/14,191,8,29,1020,53.2,0,0
2011/4/16,249,2,20,1020,156.88,0,0
2011/4/17,129,-6,21,1020,200.23,0,0
2011/4/18,129,2,23,1021,50.08,0,0
2011/4/19,270,8,22,1020,62.16,0,0
2011/4/20,195,9,20,1020,25.05,0,3
2011/4/23,129,0,22,1020,162.28,0,0
2011/4/24,167,7,20,1020,31.3,0,0
2011/4/25,151,8,21,1020,46.49,0,1
2011/4/26,129,4,22,1020,28.16,0,0
2011/4/27,185,10,22,1020,48.72,0,0
2011/4/29,232,13,20,1020,36.22,0,1
2011/4/30,251,1,25,1020,209.64,0,0
2011/5/1,129,2,27,1020,255.69,0,0
2011/5/2,129,-2,26,1020,128.3,0,0
2011/5/3,129,8,24,1020,63.92,0,0
2011/5/4,201,12,17,1020,84.94,0,1
2011/5/5,188,11,23,1020,44.7,0,0
2011/5/6,129,6,27,1020,89.85,0,0
2011/5/7,129,7,26,1020,40.68,0,0
2011/5/8,129,13,24,1020,31.28,0,9
2011/5/9,129,9,26,1020,48.72,0,2
2011/5/10,184,14,27,1020,52.3,0,0
2011/5/11,202,-2,29,1020,199.8,0,0
2011/5/12,129,2,26,1020,304.42,0,0
2011/5/13,129,0,30,1020,179.7,0,0
2011/5/14,129,6,31,1020,65.27,0,0
2011/5/15,129,5,27,1020,33.09,0,0
2011/5/16,156,14,30,1020,67.04,0,0
2011/5/17,264,16,26,1020,29.96,0,0
2011/5/18,237,18,28,1020,116.21,0,0
2011/5/19,129,8,26,1020,88.07,0,2
2011/5/20,180,3,24,1020,92.09,0,0
2011/5/21,129,6,30,1020,73.32,0,0
2011/5/22,200,12,31,1020,91.2,0,0
2011/5/23,152,13,29,1020,100.13,0,0
2011/5/24,129,12,28,1020,211.9,0,0
2011/5/25,129,14,29,1020,266.9,0,1
2011/5/27,253,18,33,1020,52.31,0,0
2011/5/28,139,18,29,1020,79.14,0,0
2011/5/29,150,18,33,1020,12.96,0,0
2011/5/30,129,13,28,1020,129.19,0,1
2011/5/31,129,10,33,1020,206.98,0,0
2011/6/1,143,13,36,1020,44.25,0,0
2011/6/2,129,11,31,1020,47.38,0,0
2011/6/3,129,12,32,1020,38.88,0,0
2011/6/5,142,15,34,1020,54.98,0,0
2011/6/6,201,18,30,1020,11.18,0,2
2011/6/7,241,20,36,1020,37.11,0,5
2011/6/8,210,19,33,1020,41.13,0,6
2011/6/9,196,19,33,1020,45.6,0,0
2011/6/10,199,18,35,1020,36.65,0,2
2011/6/11,129,18,29,1020,16.09,0,1
2011/6/12,129,17,35,1020,22.35,0,0
2011/6/13,156,19,34,1020,37.55,0,0
2011/6/14,236,20,34,1020,38.88,0,5
2011/6/15,198,21,31,1020,42.91,0,3
2011/6/16,144,18,24,1020,16.99,0,0
2011/6/17,212,19,30,1020,18.32,0,0
2011/6/18,285,21,33,1020,44.26,0,0
2011/6/19,254,21,32,1020,38.43,0,0
2011/6/20,230,21,35,1020,44.26,0,0
2011/6/21,178,20,35,1020,68.39,0,0
2011/6/22,459,23,27,1020,70.18,0,2
2011/6/23,194,22,25,1020,45.14,0,7
2011/6/24,129,18,28,1020,34.86,0,7
2011/6/25,134,17,31,1020,8.05,0,0
2011/6/26,129,18,31,1020,31.73,0,0
2011/6/27,129,19,31,1020,37.55,0,0
2011/6/28,242,20,33,1020,30.4,0,0
2011/6/29,275,23,30,1020,50.97,0,1
2011/6/30,254,23,29,1020,12.97,0,2
2011/7/1,230,24,26,1020,8.05,0,4
2011/7/2,245,24,28,1020,5.81,0,5
2011/7/3,244,23,34,1020,21.9,0,0
2011/7/4,129,21,35,1020,46.48,0,0
2011/7/5,199,21,29,1020,67.5,0,0
2011/7/6,188,23,33,1020,34.43,0,3
2011/7/7,129,19,30,1020,35.76,0,1
2011/7/8,129,18,33,1020,62.12,0,0
2011/7/9,129,19,35,1020,23.24,0,0
2011/7/10,296,22,32,1020,21.01,0,0
2011/7/11,298,23,32,1020,50.95,0,0
2011/7/12,129,23,30,1020,23.25,0,2
2011/7/13,129,23,32,1020,38.01,0,0
2011/7/14,144,24,32,1020,20.57,0,5
2011/7/15,129,22,29,1020,47.4,0,1
2011/7/16,129,21,32,1020,49.19,0,3
2011/7/17,200,23,28,1020,19.23,0,2
2011/7/18,181,22,29,1020,16.55,0,0
2011/7/19,150,23,29,1020,17.44,0,5
2011/7/20,129,23,26,1020,21.46,0,9
2011/7/21,129,24,29,1020,49.17,0,3
2011/7/22,321,25,29,1020,64.83,0,0
2011/7/23,361,28,33,1020,22.81,0,0
2011/7/24,390,28,32,1020,24.14,0,12
2011/7/25,129,25,30,1020,6.26,0,2
2011/7/26,129,25,33,1020,33.98,0,3
2011/7/27,183,25,29,1020,46.48,0,0
2011/7/28,313,27,31,1020,54.98,0,0
2011/7/29,300,26,26,1020,30.4,0,20
2011/7/30,129,24,31,1020,25.03,0,23
2011/7/31,129,24,35,1020,34.87,0,0
2011/8/3,129,24,32,1020,57.23,0,0
2011/8/4,205,24,30,1020,33.98,0,0
2011/8/5,142,25,34,1020,61.23,0,0
2011/8/9,230,26,34,1020,27.29,0,7
2011/8/10,161,25,34,1020,29.97,0,0
2011/8/12,174,25,33,1020,32.64,0,0
2011/8/13,148,26,31,1020,58.59,0,0
2011/8/14,221,26,29,1020,60.38,0,3
2011/8/15,175,24,26,1020,21.92,0,6
2011/8/16,129,22,32,1020,30.39,0,3
2011/8/17,129,23,28,1020,42.91,0,3
2011/8/18,129,21,32,1020,43.37,0,0
2011/8/19,129,22,30,1020,46.05,0,0
2011/8/20,129,22,32,1020,46.94,0,0
2011/8/21,129,22,32,1020,28.61,0,0
2011/8/22,145,22,31,1020,20.11,0,0
2011/8/24,129,22,29,1020,21.91,0,2
2011/8/25,129,22,24,1020,16.98,0,5
2011/8/26,129,22,27,1020,40.68,0,2
2011/8/27,129,20,27,1020,30.85,0,0
2011/8/28,160,21,29,1020,17.43,0,0
2011/8/29,203,23,31,1020,21.47,0,0
2011/8/30,213,24,31,1020,20.12,0,0
2011/8/31,341,25,32,1020,21.01,0,3
2011/9/1,129,18,29,1020,40.65,0,0
2011/9/2,129,20,30,1020,22.35,0,0
2011/9/3,191,20,28,1020,42.91,0,0
2011/9/4,163,19,31,1020,18.33,0,0
2011/9/5,157,18,29,1020,39.34,0,0
2011/9/6,287,21,30,1020,56.8,0,0
2011/9/7,129,18,29,1020,25.04,0,4
2011/9/8,129,17,24,1022,29.95,0,1
2011/9/9,129,13,25,1026,38,0,11
2011/9/10,129,15,21,1024,17.44,0,18
2011/9/11,149,17,22,1020,12.97,0,0
2011/9/12,180,18,21,1020,45.62,0,0
2011/9/13,196,19,24,1020,33.1,0,0
2011/9/14,204,19,26,1020,15.2,0,0
2011/9/15,164,20,26,1020,20.57,0,2
2011/9/16,129,13,21,1021,34.43,0,6
2011/9/17,129,7,21,1028,19.21,0,0
2011/9/18,129,8,22,1026,41.13,0,0
2011/9/19,129,9,25,1022,44.26,0,0
2011/9/20,129,9,26,1020,38.45,0,0
2011/9/21,129,10,28,1020,46.04,0,0
2011/9/22,164,11,28,1020,14.31,0,0
2011/9/23,227,14,27,1020,25.02,0,0
2011/9/24,284,16,28,1020,23.24,0,0
2011/9/25,316,17,27,1020,16.1,0,0
2011/9/26,294,16,27,1020,41.13,0,0
2011/9/27,302,17,25,1020,21.91,0,0
2011/9/28,386,17,24,1020,85.83,0,0
2011/9/29,129,2,24,1027,119.37,0,0
2011/9/30,129,6,22,1026,35.77,0,0
2011/10/1,129,3,21,1033,14.75,0,0
2011/10/2,162,10,21,1030,28.61,0,0
2011/10/7,250,14,21,1020,25.47,0,0
2011/10/8,404,16,25,1020,10.73,0,0
2011/10/9,562,16,21,1027,26.38,0,0
2011/10/10,151,12,22,1027,16.99,0,0
2011/10/11,313,15,22,1022,20.56,0,0
2011/10/12,280,15,21,1020,20.12,0,5
2011/10/13,129,12,20,1020,73.76,0,0
2011/10/14,129,4,20,1020,139.47,0,0
2011/10/15,129,5,23,1020,159.59,0,0
2011/10/16,129,4,19,1025,76.87,0,0
2011/10/17,129,9,20,1027,7.6,0,0
2011/10/18,253,13,18,1023,19.23,0,0
2011/10/19,339,12,17,1022,12.08,0,1
2011/10/20,308,13,20,1021,5.34,0,0
2011/10/21,416,13,18,1020,9.84,0,0
2011/10/22,430,13,14,1026,22.8,0,9
2011/10/23,129,1,16,1030,33.53,0,0
2011/10/24,158,2,15,1033,19.22,0,0
2011/10/26,280,6,17,1026,17.88,0,1
2011/10/27,280,7,17,1026,10.28,0,0
2011/10/28,342,9,16,1024,23.69,0,0
2011/10/29,460,10,14,1023,22.36,0,0
2011/10/30,269,12,15,1024,25.04,0,0
2011/10/31,343,13,15,1026,34.41,0,1
2011/11/2,129,7,16,1029,67.92,0,0
2011/11/3,129,9,16,1028,4.01,0,2
2011/11/4,143,10,16,1024,19.67,0,3
2011/11/5,129,8,13,1029,55.88,0,6
2011/11/6,129,8,15,1029,9.39,0,0
2011/11/7,129,4,15,1030,28.17,0,0
2011/11/8,157,5,16,1028,33.97,0,0
2011/11/9,129,2,16,1028,29.94,0,0
2011/11/10,139,1,16,1022,28.17,0,0
2011/11/11,277,4,13,1020,5.37,0,0
2011/11/12,208,4,16,1022,78.66,0,0
2011/11/13,129,-4,10,1027,67.05,0,0
2011/11/14,314,-3,11,1027,4.47,0,0
2011/11/15,333,4,10,1029,10.29,0,0
2011/11/16,380,7,11,1028,11.63,0,2
2011/11/17,166,8,9,1026,24.59,0,12
2011/11/18,142,7,16,1020,32.2,0,4
2011/11/19,129,1,8,1029,163.19,0,0
2011/11/20,249,-4,7,1032,13.87,0,0
2011/11/21,380,-1,8,1032,13.42,0,0
2011/11/22,363,1,12,1030,169.87,0,0
2011/11/23,129,-9,5,1036,268.64,0,0
2011/11/24,333,-5,2,1030,11.62,0,0
2011/11/25,343,-3,4,1031,21.9,0,0
2011/11/26,330,-2,7,1023,34.88,0,0
2011/11/27,404,-1,10,1022,25.03,0,0
2011/11/28,222,1,12,1032,30.4,0,0
2011/11/29,155,-5,3,1037,17,0,0
2011/11/30,238,-5,6,1040,15.65,0,0
2011/12/1,303,-3,4,1036,8.49,0,0
2011/12/2,494,-1,0,1024,8.05,7,0
2011/12/3,206,-4,6,1028,15.2,0,0
2011/12/4,522,-3,2,1032,15.66,0,0
2011/12/5,416,0,0,1033,7.59,6,0
2011/12/6,456,1,3,1032,16.1,2,0
2011/12/7,287,1,5,1039,160.48,4,0
2011/12/8,129,-15,0,1042,183.73,0,0
2011/12/9,129,-15,0,1040,147.05,0,0
2011/12/10,129,-9,5,1031,193.12,0,0
2011/12/11,187,-6,10,1029,65.27,0,0
2011/12/12,129,-3,7,1032,25.04,0,0
2011/12/13,320,0,3,1031,49.18,0,0
2011/12/14,129,-16,1,1038,219.07,0,0
2011/12/15,129,-16,0,1040,177.47,0,0
2011/12/16,140,-16,-1,1041,278.96,0,0
2011/12/17,177,-14,3,1035,20.11,0,0
2011/12/18,129,-15,3,1035,33.97,0,0
2011/12/19,191,-14,3,1033,12.07,0,0
2011/12/20,129,-13,4,1031,35.32,0,0
2011/12/21,129,-15,3,1034,121.58,0,0
2011/12/22,129,-14,3,1035,84.03,0,0
2011/12/23,129,-12,5,1028,46.94,0,0
2011/12/24,131,-13,4,1030,40.68,0,0
2011/12/25,214,-11,4,1037,12.52,0,0
2011/12/26,327,-8,1,1039,7.16,0,0
2011/12/27,356,-8,2,1033,22.37,0,0
2011/12/28,437,-6,5,1038,31.73,0,0
2011/12/29,129,-8,-3,1040,49.64,3,0
2011/12/30,222,-8,-2,1036,18.33,0,0
2011/12/31,303,-9,5,1033,35.77,0,0
2012/1/1,129,-9,2,1036,47.38,0,0
2012/1/2,169,-8,2,1032,151.54,0,0
2012/1/3,129,-16,-1,1036,363.89,0,0
2012/1/4,150,-16,1,1037,55.88,0,0
2012/1/5,241,-15,3,1035,20.13,0,0
2012/1/6,194,-10,-2,1040,44.73,5,0
2012/1/7,191,-5,-4,1040,56.81,18,0
2012/1/8,289,-6,1,1035,15.65,0,0
2012/1/9,524,-8,2,1033,14.75,0,0
2012/1/10,534,-5,3,1041,89.41,0,0
2012/1/11,169,-15,-1,1041,36.21,0,0
2012/1/12,230,-13,5,1028,25.93,0,0
2012/1/13,137,-12,5,1030,47.39,0,0
2012/1/14,416,-3,1,1028,8.5,0,0
2012/1/18,558,-6,0,1028,24.59,0,0
2012/1/19,522,-6,1,1034,27.72,0,0
2012/1/20,129,-16,-2,1039,171.64,0,0
2012/1/21,129,-16,-4,1040,185.5,0,0
2012/1/22,994,-16,-3,1038,22.8,0,0
2012/1/23,223,-16,-1,1030,63.93,0,0
2012/1/24,129,-16,0,1030,78.66,0,0
2012/1/25,176,-16,2,1025,26.82,0,0
2012/1/26,227,-16,3,1026,12.52,0,0
2012/1/27,158,-10,1,1030,26.37,2,0
2012/1/28,170,-9,-2,1034,12.51,0,0
2012/1/29,129,-12,0,1036,27.72,2,0
2012/1/30,157,-7,-4,1034,14.76,10,0
2012/1/31,152,-10,-1,1034,85.82,0,0
2012/2/1,129,-16,-4,1041,37.99,0,0
2012/2/2,129,-16,-2,1041,75.54,0,0
2012/2/3,147,-16,4,1028,39.78,0,0
2012/2/4,140,-13,2,1029,26.37,0,0
2012/2/5,278,-10,4,1023,23.69,0,0
2012/2/6,163,-16,-1,1034,300.83,0,0
2012/2/7,129,-16,-1,1034,304.85,0,0
2012/2/8,129,-16,2,1028,136.34,0,0
2012/2/9,129,-16,3,1031,59.47,0,0
2012/2/10,129,-16,3,1033,50.53,0,0
2012/2/11,175,-9,6,1031,21.44,0,0
2012/2/12,183,-7,1,1030,9.84,0,0
2012/2/13,380,-8,4,1025,21,0,0
2012/2/14,151,-9,5,1031,25.02,0,0
2012/2/15,167,-9,2,1031,41.13,0,0
2012/2/16,129,-16,3,1033,170.77,0,0
2012/2/17,129,-16,1,1035,344.24,0,0
2012/2/18,129,-16,4,1035,41.12,0,0
2012/2/19,163,-16,7,1027,16.98,0,0
2012/2/20,260,-8,8,1023,23.25,0,0
2012/2/21,173,-3,4,1022,13.42,0,0
2012/2/22,248,-2,5,1027,29.05,0,0
2012/2/23,129,-9,6,1029,38.9,0,0
2012/2/24,153,-8,5,1033,48.28,0,0
2012/2/25,139,-16,3,1034,81.34,0,0
2012/2/26,161,-9,6,1031,25.49,0,0
2012/2/27,290,-6,6,1028,15.63,0,0
2012/2/28,308,-7,8,1022,49.17,0,0
2012/2/29,326,-4,9,1025,12.52,0,0
2012/3/1,347,1,5,1028,44.26,9,6
2012/3/2,159,1,3,1030,35.76,12,0
2012/3/3,170,-6,5,1028,59,0,0
2012/3/4,229,-4,5,1020,9.84,0,0
2012/3/5,180,-4,9,1020,140.83,0,0
2012/3/6,129,-10,10,1023,177.93,0,0
2012/3/7,129,-16,10,1032,136.79,0,0
2012/3/8,140,-6,6,1030,16.99,0,0
2012/3/9,129,-7,7,1026,83.59,0,0
2012/3/10,129,-16,6,1037,267.31,0,0
2012/3/11,129,-14,9,1030,278.93,0,0
2012/3/12,180,-10,14,1024,24.13,0,0
2012/3/13,129,-13,14,1027,39.78,0,0
2012/3/14,129,-6,11,1029,49.61,0,0
2012/3/15,360,4,11,1020,23.7,0,4
2012/3/16,346,5,10,1020,38,0,1
2012/3/17,245,3,5,1029,54.54,6,5
2012/3/18,154,-1,7,1028,12.07,0,0
2012/3/19,172,0,11,1026,23.24,0,0
2012/3/20,336,2,11,1024,54.09,0,0
2012/3/21,407,3,12,1025,16.53,0,0
2012/3/22,129,2,14,1021,99.25,0,3
2012/3/23,129,-8,15,1020,147.96,0,0
2012/3/24,129,-8,15,1026,164.95,0,0
2012/3/25,156,-3,18,1021,30.4,0,0
2012/3/26,283,1,25,1022,58.57,0,0
2012/3/27,131,-4,23,1028,38.45,0,0
2012/3/28,129,0,23,1020,68.4,0,2
2012/3/29,129,-10,21,1025,294.12,0,0
2012/3/30,129,-9,13,1022,318.25,0,0
2012/3/31,129,-3,12,1020,45.6,0,0
2012/4/1,129,-3,11,1020,72.86,0,0
2012/4/2,129,-2,21,1022,61.25,0,0
2012/4/3,129,-11,20,1020,96.55,0,0
2012/4/4,129,-12,19,1020,128.74,0,0
2012/4/5,129,-3,23,1020,189.09,0,0
2012/4/6,129,-3,23,1022,30.85,0,0
2012/4/7,171,0,24,1020,90.75,0,0
2012/4/8,183,4,27,1020,97.46,0,0
2012/4/9,129,9,26,1020,78.24,0,0
2012/4/10,129,13,20,1021,92.1,0,2
2012/4/11,129,-2,26,1020,83.6,0,0
2012/4/12,129,4,27,1020,36.22,0,0
2012/4/13,129,6,30,1020,87.18,0,0
2012/4/14,139,9,28,1020,86.73,0,0
2012/4/15,129,5,22,1021,47.39,0,0
2012/4/16,235,5,26,1020,75.54,0,0
2012/4/17,213,13,25,1020,109.98,0,0
2012/4/18,229,14,22,1020,23.7,0,5
2012/4/19,205,13,16,1020,37.54,0,0
2012/4/20,206,12,16,1020,48.27,0,6
2012/4/21,200,12,22,1020,16.1,0,0
2012/4/22,281,16,24,1020,29.5,0,0
2012/4/23,307,16,24,1020,39.33,0,11
2012/4/24,129,13,20,1020,174.31,0,13
2012/4/25,129,8,24,1020,198.01,0,0
2012/4/26,176,11,23,1020,118.45,0,0
2012/4/27,141,-5,21,1020,165.83,0,0
2012/4/28,224,4,21,1020,43.81,0,0
2012/4/29,312,12,21,1020,33.98,0,0
2012/4/30,298,15,23,1020,35.32,0,0
2012/5/1,129,13,31,1020,48.74,0,0
2012/5/2,146,13,33,1020,25.02,0,0
2012/5/3,152,15,33,1020,20.56,0,0
2012/5/4,286,12,30,1020,36.65,0,0
2012/5/5,284,11,29,1020,39.33,0,0
2012/5/6,136,11,27,1020,47.38,0,0
2012/5/7,146,9,32,1020,12.53,0,0
2012/5/8,166,9,28,1020,38.01,0,0
2012/5/9,312,16,29,1020,42.48,0,0
2012/5/10,265,16,27,1020,31.75,0,7
2012/5/11,153,16,24,1020,19.66,0,12
2012/5/12,212,14,23,1020,122.45,0,2
2012/5/13,164,13,27,1020,45.58,0,0
2012/5/14,129,3,27,1020,95.23,0,0
2012/5/15,129,3,28,1020,142.57,0,0
2012/5/16,129,9,29,1020,190.85,0,0
2012/5/17,136,16,31,1020,54.09,0,0
2012/5/18,298,19,30,1020,33.1,0,0
2012/5/19,170,18,28,1020,40.67,0,0
2012/5/22,132,15,28,1020,59.89,0,0
2012/5/23,129,9,27,1020,21.46,0,0
2012/5/24,129,8,28,1020,15.65,0,0
2012/5/25,156,13,33,1020,50.97,0,0
2012/5/26,162,16,31,1020,70.64,0,0
2012/5/27,158,16,33,1020,63.48,0,0
2012/5/28,134,15,27,1020,56.33,0,4
2012/5/29,129,10,28,1020,25.03,0,0
2012/5/30,129,14,27,1020,28.62,0,2
2012/5/31,152,17,23,1020,27.26,0,3
2012/6/1,189,18,29,1020,55.45,0,0
2012/6/2,261,21,25,1020,66.63,0,4
2012/6/3,167,19,32,1020,42.47,0,0
2012/6/4,135,16,34,1020,44.26,0,0
2012/6/5,237,19,31,1020,44.26,0,0
2012/6/6,129,19,32,1020,26.82,0,0
2012/6/7,129,17,34,1020,46.48,0,2
2012/6/8,197,20,35,1020,62.58,0,2
2012/6/9,129,18,29,1020,24.15,0,2
2012/6/10,129,12,33,1020,32.18,0,0
2012/6/11,129,12,30,1020,18.33,0,0
2012/6/12,152,17,27,1020,24.59,0,3
2012/6/13,129,15,28,1020,37.1,0,0
2012/6/14,129,15,30,1020,37.56,0,0
2012/6/16,129,17,36,1020,44.27,0,1
2012/6/17,129,17,38,1020,36.66,0,0
2012/6/18,305,20,32,1020,30.4,0,0
2012/6/19,338,21,30,1020,44.7,0,4
2012/6/20,306,21,31,1020,37.1,0,0
2012/6/21,284,20,31,1020,33.97,0,2
2012/6/22,187,21,28,1020,54.08,0,0
2012/6/23,249,23,26,1020,26.82,0,2
2012/6/24,196,23,24,1020,37.55,0,8
2012/6/25,147,22,26,1020,58.11,0,1
2012/6/26,150,22,28,1020,29.95,0,0
2012/6/27,129,20,28,1020,34.43,0,6
2012/6/28,218,21,23,1020,10.74,0,12
2012/6/29,129,22,29,1020,10.74,0,0
2012/6/30,145,24,34,1020,39.33,0,0
2012/7/1,205,25,35,1020,37.56,0,0
2012/7/2,129,19,35,1020,21.46,0,0
2012/7/3,129,20,35,1020,35.33,0,0
2012/7/4,129,22,31,1020,46.04,0,2
2012/7/5,159,23,27,1020,23.7,0,2
2012/7/6,199,24,31,1020,20.12,0,2
2012/7/7,232,25,31,1020,47.83,0,2
2012/7/8,139,24,29,1020,37.56,0,10
2012/7/9,129,25,32,1020,33.08,0,2
2012/7/10,129,25,32,1020,42.91,0,3
2012/7/11,129,24,32,1020,10.29,0,1
2012/7/12,129,22,32,1020,8.94,0,0
2012/7/13,129,22,31,1020,12.07,0,0
2012/7/14,129,20,33,1020,16.1,0,0
2012/7/15,131,21,34,1020,32.2,0,0
2012/7/16,129,22,32,1020,53.64,0,0
2012/7/17,129,22,30,1020,97.02,0,0
2012/7/18,142,24,31,1020,36.23,0,0
2012/7/19,259,25,32,1020,28.17,0,0
2012/7/20,318,25,29,1020,63.96,0,12
2012/7/21,129,24,35,1020,62.59,0,23
2012/7/22,129,23,32,1020,18.78,0,0
2012/7/23,129,23,31,1020,32.19,0,0
2012/7/24,130,25,28,1020,29.07,0,3
2012/7/25,129,25,27,1020,35.76,0,1
2012/7/26,129,26,28,1020,38.89,0,0
2012/7/27,130,27,31,1020,46.5,0,3
2012/7/30,129,24,26,1020,8.05,0,14
2012/7/31,129,21,23,1020,40.24,0,23
2012/8/1,129,22,31,1020,21.01,0,0
2012/8/2,129,24,31,1020,21.91,0,0
2012/8/3,129,23,32,1020,35.32,0,0
2012/8/4,129,25,32,1020,29.51,0,0
2012/8/5,129,25,32,1020,31.3,0,0
2012/8/6,129,25,31,1020,32.2,0,0
2012/8/7,136,27,32,1020,24.58,0,2
2012/8/8,129,24,34,1020,14.75,0,0
2012/8/9,129,24,32,1020,21.46,0,0
2012/8/10,138,23,29,1020,27.73,0,3
2012/8/13,129,20,29,1020,19.67,0,1
2012/8/14,129,19,30,1020,54.99,0,0
2012/8/15,129,22,32,1020,18.32,0,0
2012/8/16,146,23,29,1020,61.69,0,0
2012/8/17,206,23,29,1020,75.11,0,4
2012/8/21,129,15,28,1020,23.24,0,0
2012/8/22,129,17,29,1020,28.16,0,0
2012/8/23,156,18,30,1020,31.3,0,0
2012/8/24,154,18,29,1020,30.83,0,0
2012/8/25,185,19,29,1020,31.74,0,0
2012/8/26,149,22,29,1020,42.92,0,3
2012/8/27,129,22,34,1020,32.65,0,0
2012/8/28,161,24,35,1020,19.23,0,0
2012/8/29,302,24,33,1020,22.35,0,0
2012/8/30,245,24,32,1020,34.41,0,0
2012/8/31,207,24,30,1020,36.2,0,4
2012/9/1,129,23,24,1020,62.58,0,14
2012/9/2,129,17,27,1020,59,0,0
2012/9/3,129,11,27,1020,80,0,0
2012/9/4,129,13,28,1020,35.31,0,0
2012/9/5,142,16,23,1020,44.7,0,1
2012/9/6,154,18,25,1020,23.24,0,9
2012/9/7,129,18,27,1020,15.2,0,0
2012/9/8,153,20,27,1020,19.67,0,0
2012/9/9,180,21,28,1020,22.36,0,0
2012/9/10,174,20,25,1020,36.21,0,1
2012/9/11,129,18,25,1020,76.44,0,3
2012/9/12,129,11,25,1020,27.27,0,0
2012/9/13,129,12,26,1020,34.42,0,0
2012/9/14,129,13,27,1021,29.5,0,0
2012/9/15,129,13,27,1023,16.1,0,0
2012/9/16,129,13,27,1020,33.52,0,0
2012/9/17,129,14,29,1020,33.08,0,0
2012/9/18,129,14,29,1020,16.1,0,0
2012/9/19,165,17,28,1020,11.62,0,0
2012/9/20,238,18,27,1020,33.98,0,0
2012/9/21,180,17,26,1020,37.56,0,0
2012/9/22,159,17,28,1020,12.96,0,0
2012/9/23,129,17,25,1020,8.5,0,0
2012/9/24,129,18,23,1020,29.51,0,6
2012/9/25,129,15,27,1021,25.93,0,7
2012/9/26,129,16,19,1020,53.19,0,2
2012/9/28,129,2,24,1020,253.93,0,0
2012/9/29,129,10,25,1020,18.32,0,0
2012/9/30,129,10,26,1020,22.36,0,0
2012/10/1,129,12,26,1020,13.42,0,0
2012/10/2,289,15,25,1020,12.52,0,0
2012/10/3,259,14,25,1020,44.7,0,0
2012/10/4,129,9,25,1020,33.53,0,0
2012/10/5,196,12,25,1023,18.33,0,0
2012/10/6,173,11,25,1026,18.33,0,0
2012/10/7,207,13,24,1025,12.52,0,0
2012/10/8,446,14,23,1021,13.86,0,0
2012/10/9,390,15,23,1021,154.22,0,3
2012/10/10,134,6,21,1023,159.14,0,0
2012/10/11,194,8,22,1020,34.86,0,0
2012/10/12,269,6,11,1020,24.03,0,0
2012/10/13,129,7,14,1020,45.39,0,0
2012/10/14,131,7,14,1020,66.75,0,0
2012/10/15,133,11,14,1020,85.44,0,2
2012/10/16,129,12,17,1024,117.59,0,9
2012/10/17,129,2,18,1022,54.09,0,0
2012/10/18,142,7,20,1020,11.62,0,0
2012/10/19,334,8,19,1020,5.81,0,0
2012/10/20,341,10,22,1023,21.02,0,0
2012/10/21,129,9,12,1023,28.16,0,10
2012/10/22,129,5,18,1020,85.4,0,0
2012/10/23,185,7,20,1020,10.28,0,0
2012/10/24,202,8,25,1020,33.08,0,0
2012/10/25,367,12,20,1020,9.84,0,0
2012/10/26,329,12,15,1021,17.44,0,1
2012/10/27,260,12,22,1026,91.19,0,0
2012/10/28,129,5,15,1029,34.41,0,0
2012/10/29,129,5,16,1029,51.85,0,0
2012/10/30,129,-3,13,1027,49.17,0,0
2012/10/31,135,1,16,1023,27.71,0,0
2012/11/1,173,4,16,1021,13.86,0,0
2012/11/2,228,7,14,1021,14.31,0,0
2012/11/3,208,9,12,1020,128.31,0,20
2012/11/4,129,3,5,1020,316.96,0,32
2012/11/5,129,-2,11,1023,454.62,0,0
2012/11/6,138,2,12,1023,8.05,0,0
2012/11/7,129,1,15,1020,103.73,0,0
2012/11/8,135,3,14,1023,115.36,0,0
2012/11/9,160,4,13,1026,5.8,0,0
2012/11/10,129,5,8,1024,109.51,0,11
2012/11/11,129,-11,6,1020,299.92,0,0
2012/11/12,129,-10,10,1020,311.99,0,0
2012/11/13,129,-12,6,1024,309.78,0,0
2012/11/14,200,-5,8,1029,16.09,0,0
2012/11/15,227,1,7,1030,8.05,2,3
2012/11/16,263,3,9,1023,61.68,0,0
2012/11/17,219,-2,10,1021,6.26,0,0
2012/11/18,179,-1,11,1025,109.07,0,0
2012/11/19,163,-2,9,1027,11.17,0,0
2012/11/21,410,0,9,1021,5.34,0,0
2012/11/22,431,1,8,1032,82.7,0,0
2012/11/23,129,-7,6,1031,31.75,0,0
2012/11/24,358,-4,7,1023,11.63,0,0
2012/11/25,445,-3,8,1023,61.69,0,0
2012/11/26,130,-9,7,1023,92.52,0,0
2012/11/27,285,-4,7,1020,74.22,0,0
2012/11/28,145,-10,4,1024,173.45,0,0
2012/11/29,167,-7,5,1026,12.07,0,0
2012/11/30,129,-15,-1,1036,81.8,0,0
2012/12/1,151,-6,-1,1035,38.01,0,0
2012/12/2,332,-5,-2,1022,9.84,2,0
2012/12/3,129,-7,3,1025,113.54,0,0
2012/12/4,149,-10,3,1023,4.92,0,0
2012/12/5,129,-16,-2,1026,135.45,0,0
2012/12/6,158,-13,-2,1024,19.67,0,0
2012/12/7,129,-15,1,1029,100.11,0,0
2012/12/8,129,-16,-4,1029,284.28,0,0
2012/12/9,129,-15,1,1029,368.75,0,0
2012/12/10,211,-10,-1,1032,10.29,0,0
2012/12/11,205,-7,0,1035,21.46,0,0
2012/12/12,290,-3,-2,1031,46.51,8,0
2012/12/13,259,-2,-1,1028,66.63,8,0
2012/12/14,256,0,1,1025,113.57,19,0
2012/12/15,348,1,3,1028,12.96,0,1
2012/12/16,218,-1,0,1031,43.8,8,3
2012/12/17,129,-11,-1,1039,173,0,0
2012/12/18,166,-11,-2,1039,7.15,0,0
2012/12/19,290,-9,-3,1031,21.47,0,0
2012/12/20,380,-4,-2,1032,25.05,6,0
2012/12/21,299,-6,1,1035,58.55,0,0
2012/12/22,205,-12,-2,1040,146.62,0,0
2012/12/28,288,-6,-3,1032,97.89,5,0
2012/12/29,129,-16,-1,1031,147.06,0,0
2012/12/30,153,-15,-1,1024,120.26,0,0
2012/12/31,131,-10,0,1024,46.05,0,0
2013/1/1,129,-16,-4,1041,245.45,0,0
2013/1/2,129,-16,-4,1046,393.84,0,0
2013/1/3,129,-16,-4,1042,38.02,0,0
2013/1/4,205,-16,-2,1030,12.97,0,0
2013/1/5,129,-16,0,1030,34.86,0,0
2013/1/6,413,-14,-1,1026,23.26,0,0
2013/1/7,402,-11,1,1033,33.08,0,0
2013/1/8,129,-16,-1,1034,82.24,0,0
2013/1/9,305,-13,1,1029,18.78,0,0
2013/1/10,488,-6,-1,1027,15.65,1,0
2013/1/11,529,-7,1,1025,5.37,0,0
2013/1/12,886,-5,0,1026,17.89,0,0
2013/1/13,523,-5,0,1029,14.76,0,0
2013/1/14,285,-4,-1,1030,67.51,5,0
2013/1/15,269,-7,1,1035,26.82,0,0
2013/1/16,227,-15,3,1040,23.24,0,0
2013/1/17,450,-11,2,1036,19.67,0,0
2013/1/18,603,-7,3,1031,12.06,0,0
2013/1/19,141,-3,0,1032,14.31,8,0
2013/1/20,198,-4,4,1030,21.01,0,0
2013/1/21,382,-5,-1,1032,12.52,1,0
2013/1/22,453,-5,-3,1026,25.49,8,0
2013/1/23,399,-6,5,1023,76.43,0,0
2013/1/24,129,-14,-1,1026,81.35,0,0
2013/1/25,198,-9,2,1029,11.18,0,0
2013/1/26,387,-5,-1,1030,9.39,1,0
2013/1/27,496,-4,3,1025,8.5,0,0
2013/1/28,526,-4,-1,1026,14.31,9,0
2013/1/29,389,-4,-2,1027,34.45,10,0
2013/1/30,311,-1,0,1026,5.81,3,5
2013/1/31,155,-1,3,1031,18.33,3,0
2013/2/1,129,-13,4,1034,33.08,0,0
2013/2/2,228,-2,1,1029,8.05,11,0
2013/2/3,239,-2,1,1033,38.9,0,0
2013/2/4,129,-3,-1,1029,41.14,3,0
2013/2/5,234,-4,4,1029,67.49,0,0
2013/2/6,129,-16,-4,1040,134.53,0,0
2013/2/7,129,-15,-3,1041,31.3,0,0
2013/2/8,192,-13,3,1032,10.74,0,0
2013/2/9,512,-11,1,1032,49.64,0,0
2013/2/10,129,-10,-1,1035,19.23,0,0
2013/2/11,145,-7,6,1031,25.03,1,0
2013/2/12,365,-5,5,1024,40.23,0,0
2013/2/13,392,-5,3,1028,70.18,0,0
2013/2/14,237,-10,3,1031,37.54,0,0
2013/2/15,192,-5,3,1026,45.15,0,0
2013/2/16,296,-1,6,1024,51.41,0,0
2013/2/17,129,-13,4,1029,18.33,0,0
2013/2/18,129,-15,2,1032,45.59,0,0
2013/2/19,140,-9,6,1029,45.61,0,0
2013/2/20,271,-4,3,1031,18.79,0,0
2013/2/21,339,-5,7,1033,45.6,0,0
2013/2/22,185,-12,10,1029,11.63,0,0
2013/2/23,426,-6,4,1028,5.37,0,0
2013/2/24,532,-2,2,1030,13.42,5,0
2013/2/25,244,-3,11,1025,53.21,0,0
2013/2/26,415,-3,16,1020,23.25,0,0
2013/2/27,525,2,11,1021,90.3,0,0
2013/2/28,129,-16,6,1035,232.44,0,0
2013/3/1,129,-15,4,1037,20.12,0,0
2013/3/2,161,-8,17,1029,16.99,0,0
2013/3/3,162,-9,16,1027,29.5,0,0
2013/3/4,235,-6,14,1022,36.21,0,0
2013/3/5,302,-3,14,1020,42.46,0,0
2013/3/6,510,0,19,1020,10.69,0,0
2013/3/7,516,0,21,1020,52.76,0,0
2013/3/8,141,-2,18,1025,134.1,0,0
2013/3/9,129,-10,12,1029,148.85,0,0
2013/3/10,164,-3,12,1025,65.28,0,0
2013/3/11,176,4,9,1020,47.85,0,9
2013/3/12,194,2,8,1032,23.69,0,0
2013/3/13,165,-3,10,1031,29.51,0,0
2013/3/14,328,2,11,1024,30.4,0,0
2013/3/15,405,3,15,1026,35.31,0,0
2013/3/17,541,5,16,1020,13.42,0,0
2013/3/18,517,3,13,1020,85.82,0,0
2013/3/19,129,1,5,1022,56.33,4,3
2013/3/20,129,-1,6,1027,32.18,10,0
2013/3/21,224,-1,8,1020,51.41,0,0
2013/3/22,209,-1,10,1020,64.81,0,0
2013/3/23,129,-3,13,1022,101.02,0,0
2013/3/24,129,-10,9,1025,26.38,0,0
2013/3/25,150,-5,11,1024,25.49,0,0
2013/3/26,240,3,13,1020,37.55,0,0
2013/3/27,204,5,20,1020,56.77,0,0
2013/3/28,129,-3,13,1023,32.18,0,0
2013/3/29,129,-3,10,1024,20.56,0,0
2013/3/30,129,1,11,1024,53.2,0,0
2013/3/31,259,3,7,1024,91.22,0,0
2013/4/1,259,4,16,1023,31.74,0,0
2013/4/2,176,1,18,1023,43.36,0,0
2013/4/3,243,2,19,1020,71.53,0,0
2013/4/4,129,5,11,1020,83.16,0,10
2013/4/5,129,7,14,1023,111.76,0,14
2013/4/6,129,-3,14,1022,28.17,0,0
2013/4/7,129,4,15,1020,105.95,0,0
2013/4/8,129,1,13,1020,229.33,0,0
2013/4/9,129,-10,13,1023,321.41,0,0
2013/4/10,129,-9,13,1022,214.12,0,0
2013/4/11,129,-7,18,1021,329.91,0,0
2013/4/12,129,2,23,1020,22.8,0,0
2013/4/13,132,4,26,1020,88.5,0,0
2013/4/14,129,-1,17,1020,52.3,0,0
2013/4/15,129,4,19,1020,62.14,0,0
2013/4/16,129,2,21,1020,49.62,0,0
2013/4/17,129,1,16,1023,59,0,0
2013/4/18,129,-1,14,1026,39.78,0,0
2013/4/19,129,1,8,1027,57.21,0,0
2013/4/20,132,3,16,1023,38,0,0
2013/4/21,164,4,19,1021,75.99,0,0
2013/4/22,236,7,16,1020,34.87,0,0
2013/4/23,275,9,16,1020,31.74,0,1
2013/4/24,165,8,25,1020,59.45,0,0
2013/4/25,129,0,23,1020,173.87,0,0
2013/4/26,129,2,24,1020,48.73,0,0
2013/4/27,129,5,24,1020,63.03,0,0
2013/4/28,129,8,20,1020,29.94,0,0
2013/4/29,129,1,29,1020,110.42,0,0
2013/4/30,129,4,28,1020,27.72,0,0
2013/5/1,129,5,25,1020,52.75,0,0
2013/5/2,129,9,24,1020,58.55,0,3
2013/5/3,129,10,22,1020,46.04,0,0
2013/5/4,153,10,25,1020,64.81,0,0
2013/5/5,320,15,27,1020,31.28,0,0
2013/5/6,318,16,31,1020,29.5,0,0
2013/5/7,272,16,29,1020,50.07,0,0
2013/5/8,163,14,24,1020,53.2,0,1
2013/5/9,129,12,20,1020,48.29,0,0
2013/5/10,129,13,31,1020,27.27,0,0
2013/5/11,129,8,34,1020,57.22,0,0
2013/5/12,129,6,30,1020,26.37,0,0
2013/5/13,264,13,27,1020,25.93,0,0
2013/5/14,140,8,31,1020,68.84,0,0
2013/5/15,129,10,27,1020,44.71,0,0
2013/5/16,129,12,26,1020,46.49,0,0
2013/5/17,162,15,25,1020,72.87,0,0
2013/5/18,129,14,28,1020,95.22,0,0
2013/5/19,129,2,29,1020,105.05,0,0
2013/5/20,153,14,29,1020,102.82,0,0
2013/5/21,129,11,29,1020,50.06,0,0
2013/5/22,149,15,28,1020,53.63,0,0
2013/5/23,249,18,30,1020,25.93,0,0
2013/5/24,129,17,30,1020,32.18,0,0
2013/5/25,143,18,23,1020,40.23,0,2
2013/5/26,129,16,24,1020,46.04,0,3
2013/5/27,129,17,24,1020,25.93,0,3
2013/5/28,129,9,31,1020,135.44,0,0
2013/5/29,129,10,36,1020,79.13,0,0
2013/5/30,129,16,31,1020,102.38,0,0
2013/5/31,151,16,32,1020,17.88,0,0
2013/6/1,244,19,26,1020,49.18,0,0
2013/6/2,189,18,34,1020,13.41,0,0
2013/6/3,203,17,23,1020,42.92,0,1
2013/6/4,225,18,20,1020,21.47,0,8
2013/6/5,207,19,21,1020,13.41,0,10
2013/6/6,165,19,21,1020,17.89,0,5
2013/6/7,221,19,22,1020,9.84,0,2
2013/6/8,182,19,20,1020,69.73,0,13
2013/6/9,129,17,26,1020,18.78,0,3
2013/6/10,129,16,26,1020,25.48,0,1
2013/6/11,129,15,27,1020,38.89,0,0
2013/6/12,134,18,30,1020,41.57,0,0
2013/6/13,143,15,31,1020,92.99,0,0
2013/6/14,203,19,31,1020,97.91,0,0
2013/6/15,209,20,25,1020,22.36,0,4
2013/6/16,189,19,31,1020,29.05,0,1
2013/6/17,129,20,33,1020,48.28,0,0
2013/6/18,129,19,36,1020,9.84,0,0
2013/6/19,212,19,31,1020,14.76,0,0
2013/6/21,165,19,32,1020,56.33,0,0
2013/6/22,129,20,23,1020,59.91,0,8
2013/6/23,129,19,31,1020,33.52,0,0
2013/6/24,248,21,29,1020,41.57,0,3
2013/6/25,189,21,24,1020,11.18,0,3
2013/6/26,277,22,31,1020,47.39,0,0
2013/6/27,184,23,34,1020,14.31,0,0
2013/6/28,466,23,27,1020,46.49,0,2
2013/6/29,186,23,27,1020,6.26,0,1
2013/6/30,270,24,28,1020,28.61,0,0
2013/7/1,199,23,26,1020,5.37,0,5
2013/7/2,129,20,36,1020,88.5,0,7
2013/7/3,129,21,36,1020,31.73,0,0
2013/7/4,129,20,36,1020,25.03,0,2
2013/7/5,129,20,35,1020,33.97,0,0
2013/7/6,129,22,35,1020,55.44,0,2
2013/7/7,216,25,32,1020,37.98,0,3
2013/7/8,150,24,27,1020,16.1,0,7
2013/7/9,164,24,26,1020,6.26,0,8
2013/7/10,129,22,25,1020,43.36,0,8
2013/7/11,129,21,28,1020,63.93,0,0
2013/7/12,129,23,32,1020,34.43,0,0
2013/7/13,140,23,31,1020,38.45,0,0
2013/7/14,162,23,30,1020,61.27,0,3
2013/7/15,129,24,26,1020,45.15,0,25
2013/7/16,129,23,33,1020,44.25,0,0
2013/7/17,129,21,32,1020,46.48,0,0
2013/7/18,175,23,27,1020,53.19,0,2
2013/7/19,166,22,31,1020,21.91,0,0
2013/7/20,170,23,34,1020,9.84,0,0
2013/7/21,129,22,32,1020,26.36,0,0
2013/7/22,129,22,29,1020,29.93,0,1
2013/7/23,129,20,32,1020,38.45,0,0
2013/7/24,129,20,37,1020,44.25,0,0
2013/7/25,129,19,36,1020,50.52,0,0
2013/7/26,129,22,28,1020,23.69,0,3
2013/7/27,179,23,25,1020,12.52,0,7
2013/7/28,129,23,38,1020,17.88,0,0
2013/7/29,135,23,32,1020,14.75,0,1
2013/7/30,142,23,34,1020,27.72,0,4
2013/7/31,129,23,32,1020,23.25,0,4
2013/8/1,129,21,26,1020,6.71,0,4
2013/8/2,129,22,31,1020,9.84,0,1
2013/8/3,129,22,33,1020,42.92,0,0
2013/8/4,169,24,33,1020,28.61,0,2
2013/8/5,129,22,32,1020,17.44,0,0
2013/8/6,177,26,32,1020,23.25,0,1
2013/8/7,129,22,30,1020,55.43,0,4
2013/8/8,129,22,35,1020,29.06,0,0
2013/8/9,129,23,37,1020,33.98,0,0
2013/8/10,203,24,35,1020,18.77,0,0
2013/8/11,208,25,32,1020,24.15,0,4
2013/8/12,129,23,30,1020,66.17,0,0
2013/8/13,129,24,32,1020,21.9,0,1
2013/8/14,129,24,33,1020,50.53,0,0
2013/8/15,179,26,32,1020,42.49,0,1
2013/8/16,157,26,31,1020,18.78,0,2
2013/8/17,129,17,35,1020,116.69,0,0
2013/8/18,129,18,34,1020,20.12,0,0
2013/8/19,129,20,34,1020,9.84,0,0
2013/8/20,140,22,29,1020,13.42,0,3
2013/8/21,144,22,31,1020,35.32,0,0
2013/8/22,150,21,33,1020,32.63,0,3
2013/8/23,129,18,34,1020,24.15,0,0
2013/8/24,129,18,35,1020,12.08,0,0
2013/8/25,129,18,35,1020,36.2,0,0
2013/8/26,129,20,33,1020,86.3,0,0
2013/8/27,129,20,26,1020,55.87,0,5
2013/8/28,129,21,29,1020,65.71,0,0
2013/8/29,129,12,29,1020,149.76,0,1
2013/8/30,129,12,31,1020,15.65,0,0
2013/8/31,129,14,30,1020,12.96,0,0
2013/9/1,129,17,28,1020,8.05,0,2
2013/9/2,132,17,28,1020,19.23,0,0
2013/9/3,160,17,26,1020,23.7,0,5
2013/9/4,129,18,26,1020,34.42,0,10
2013/9/5,129,15,26,1020,29.96,0,2
2013/9/6,142,17,29,1020,23.69,0,0
2013/9/7,225,17,28,1020,5.37,0,0
2013/9/8,212,19,26,1020,18.78,0,2
2013/9/9,142,18,30,1020,38.01,0,0
2013/9/10,129,15,29,1020,42.03,0,0
2013/9/11,166,16,28,1020,46.06,0,0
2013/9/12,213,19,24,1020,29.08,0,3
2013/9/13,198,19,32,1020,25.93,0,1
2013/9/14,129,11,26,1020,15.2,0,0
2013/9/15,129,14,26,1020,16.99,0,0
2013/9/16,130,18,22,1020,20.57,0,7
2013/9/17,179,19,25,1021,9.84,0,2
2013/9/18,131,19,26,1020,14.3,0,2
2013/9/19,156,18,28,1020,24.58,0,0
2013/9/20,129,16,28,1020,21.01,0,0
2013/9/21,129,17,24,1020,38,0,1
2013/9/22,162,18,21,1020,84.93,0,14
2013/9/23,129,9,23,1025,38.88,0,0
2013/9/24,129,6,25,1024,23.69,0,0
2013/9/25,129,11,24,1020,30.4,0,0
2013/9/26,281,12,23,1020,19.23,0,0
2013/9/27,298,12,20,1020,21.02,0,0
2013/9/28,289,13,20,1020,38.9,0,0
2013/9/29,228,15,23,1020,26.82,0,0
2013/9/30,208,16,22,1020,13.86,0,7
2013/10/1,129,13,23,1024,28.61,0,0
2013/10/2,129,11,21,1021,24.13,0,0
2013/10/3,214,13,21,1020,14.31,0,0
2013/10/4,403,14,24,1021,16.1,0,0
2013/10/5,365,14,21,1024,4.91,0,1
2013/10/6,211,14,25,1024,24.15,0,0
2013/10/7,129,12,21,1024,24.13,0,0
2013/10/9,247,11,20,1020,8.94,0,0
2013/10/10,208,13,23,1020,114.43,0,0
2013/10/11,158,7,23,1020,9.84,0,0
2013/10/12,129,10,22,1020,27.72,0,1
2013/10/13,129,10,18,1020,10.73,0,2
2013/10/14,129,11,15,1033,64.36,0,2
2013/10/15,129,0,17,1034,13.86,0,0
2013/10/16,139,3,21,1027,25.48,0,0
2013/10/17,216,5,18,1028,29.95,0,0
2013/10/18,302,7,18,1027,12.51,0,0
2013/10/19,283,7,20,1027,124.27,0,1
2013/10/20,129,1,20,1027,13.41,0,0
2013/10/21,134,4,19,1024,16.98,0,0
2013/10/22,193,8,18,1025,17.89,0,2
2013/10/23,129,2,16,1027,70.64,0,0
2013/10/24,129,-3,17,1028,85.38,0,0
2013/10/25,129,0,19,1030,130.54,0,0
2013/10/26,215,1,18,1025,42.92,0,0
2013/10/27,407,4,15,1020,7.6,0,0
2013/10/28,393,6,17,1025,33.08,0,0
2013/10/29,129,3,17,1030,16.1,0,0
2013/10/30,187,2,15,1030,11.63,0,0
2013/10/31,289,4,15,1029,23.25,0,0
2013/11/1,311,5,13,1028,15.65,0,1
2013/11/2,388,6,14,1024,20.57,0,0
2013/11/3,314,4,20,1029,87.62,0,0
2013/11/4,178,0,18,1030,16.09,0,0
2013/11/5,304,2,13,1024,5.37,0,0
2013/11/6,266,2,18,1022,125.19,0,0
2013/11/7,196,-4,14,1023,146.19,0,0
2013/11/8,217,1,14,1022,4.47,0,0
2013/11/9,179,0,16,1033,81.34,0,0
2013/11/10,129,-12,10,1034,210.08,0,0
2013/11/11,129,-6,13,1031,27.27,0,0
2013/11/12,150,-4,16,1027,15.65,0,0
2013/11/13,296,0,9,1024,9.84,0,0
2013/11/14,235,-2,14,1020,59.9,0,0
2013/11/15,272,-4,16,1020,22.8,0,0
2013/11/16,214,-5,13,1025,196.24,0,0
2013/11/17,129,-8,10,1027,127.86,0,0
2013/11/18,129,-14,10,1028,263.33,0,0
2013/11/19,138,-10,8,1027,12.96,0,0
2013/11/20,205,-8,11,1026,31.73,0,0
2013/11/21,239,-6,12,1027,9.82,0,0
2013/11/22,387,-5,13,1027,28.17,0,0
2013/11/23,394,-4,16,1022,14.3,0,0
2013/11/24,210,-5,11,1020,67.06,0,0
2013/11/25,129,-10,7,1020,177.93,0,0
2013/11/26,129,-11,8,1025,134.1,0,0
2013/11/27,129,-16,0,1029,345.98,0,0
2013/11/28,129,-14,6,1029,490.38,0,0
2013/11/29,129,-10,13,1023,21.01,0,0
2013/11/30,129,-10,11,1026,30.84,0,0
2013/12/1,219,-9,12,1026,15.2,0,0
2013/12/2,233,-11,12,1021,14.3,0,0
2013/12/3,187,-9,15,1024,28.16,0,0
2013/12/4,185,-8,14,1022,16.1,0,0
2013/12/5,130,-11,10,1027,10.28,0,0
2013/12/6,430,-5,10,1021,5.81,0,0
2013/12/7,480,-1,6,1022,8.5,0,0
2013/12/8,435,-1,11,1025,113.1,0,0
2013/12/9,129,-12,7,1026,225.3,0,0
2013/12/10,129,-11,6,1023,161.37,0,0
2013/12/11,129,-15,7,1022,164.5,0,0
2013/12/12,129,-14,1,1026,117.11,0,0
2013/12/13,144,-16,3,1028,16.99,0,0
2013/12/14,129,-16,5,1033,18.78,0,0
2013/12/15,331,-14,5,1036,13.86,0,0
2013/12/16,310,-11,2,1033,12.52,0,0
2013/12/17,198,-12,2,1037,55.88,0,0
2013/12/18,214,-16,1,1036,59.01,0,0
2013/12/19,152,-16,0,1033,29.05,0,0
2013/12/20,129,-15,2,1037,21,0,0
2013/12/21,267,-14,4,1037,16.09,0,0
2013/12/22,384,-12,2,1034,13.42,0,0
2013/12/23,457,-13,6,1036,27.27,0,0
2013/12/24,377,-9,1,1037,10.74,0,0
2013/12/25,295,-8,7,1034,189.54,0,0
2013/12/26,129,-16,2,1036,374.16,0,0
2013/12/27,129,-16,1,1033,428.25,0,0
2013/12/28,129,-16,2,1029,143.04,0,0
2013/12/29,129,-16,7,1021,132.3,0,0
2013/12/31,129,-15,9,1020,137.67,0,0
2014/1/1,129,-12,11,1020,153.31,0,0
2014/1/2,269,-7,7,1021,9.36,0,0
2014/1/3,264,-8,9,1025,22.35,0,0
2014/1/4,224,-5,2,1026,10.29,0,0
2014/1/5,192,-8,6,1028,46.05,0,0
2014/1/6,201,-4,0,1028,31.29,3,0
2014/1/7,256,-6,5,1032,24.13,0,0
2014/1/8,129,-16,1,1036,59.9,0,0
2014/1/9,129,-16,1,1035,67.05,0,0
2014/1/10,129,-16,5,1032,13.42,0,0
2014/1/11,273,-16,5,1032,14.3,0,0
2014/1/12,129,-16,4,1039,42.91,0,0
2014/1/13,299,-16,3,1034,15.65,0,0
2014/1/14,227,-12,3,1036,12.52,0,0
2014/1/15,671,-7,5,1033,13.86,0,0
2014/1/16,623,-4,5,1031,23.7,2,0
2014/1/17,384,-9,5,1033,73.3,1,0
2014/1/18,184,-7,6,1035,24.58,0,0
2014/1/19,209,-6,5,1027,97.88,0,0
2014/1/20,129,-16,4,1035,315.58,0,0
2014/1/21,190,-16,4,1035,328.55,0,0
2014/1/22,366,-15,5,1025,14.31,0,0
2014/1/23,335,-11,3,1020,21.91,0,0
2014/1/24,241,-12,10,1024,29.05,0,0
2014/1/25,129,-7,6,1034,35.31,0,0
2014/1/26,139,-8,3,1034,44.71,0,0
2014/1/27,167,-8,8,1029,44.26,0,0
2014/1/28,129,-8,5,1031,56.32,0,0
2014/1/29,241,-7,3,1020,14.75,0,0
2014/1/30,469,-5,8,1021,46.5,0,0
2014/1/31,183,-4,3,1020,17.43,0,0
2014/2/1,190,-1,4,1020,41.14,0,0
2014/2/2,162,-2,10,1028,104.16,0,0
2014/2/3,129,-16,2,1030,126.08,0,0
2014/2/4,155,-16,1,1032,81.81,0,0
2014/2/5,204,-11,1,1030,16.08,0,0
2014/2/6,158,-6,2,1032,26.38,1,0
2014/2/7,133,-6,-3,1029,72,23,0
2014/2/8,147,-6,2,1037,82.26,0,0
2014/2/9,129,-16,-1,1039,119.36,0,0
2014/2/10,129,-15,-1,1038,21.46,0,0
2014/2/11,268,-12,1,1031,15.65,0,0
2014/2/12,268,-8,4,1037,45.6,0,0
2014/2/13,276,-10,0,1038,78.24,2,0
2014/2/14,649,-7,3,1028,8.95,0,0
2014/2/15,423,-6,4,1028,21.46,0,0
2014/2/16,328,-6,7,1034,31.3,0,0
2014/2/17,129,-9,5,1037,50.96,0,0
2014/2/18,129,-10,2,1035,42.47,1,0
2014/2/19,185,-5,6,1031,36.21,0,0
2014/2/20,448,-5,1,1032,29.95,2,0
2014/2/21,399,-3,4,1030,16.09,0,0
2014/2/22,377,-2,6,1032,21.01,0,0
2014/2/23,362,-5,3,1032,8.05,0,0
2014/2/24,485,-4,7,1029,10.28,0,0
2014/2/25,577,-2,8,1027,5.36,0,0
2014/2/26,562,2,9,1032,75.11,0,3
2014/2/27,130,-5,9,1032,84.05,0,0
2014/2/28,210,-6,6,1029,20.11,0,0
2014/3/1,150,-5,12,1026,42.91,0,0
2014/3/2,306,-4,11,1025,17.43,0,0
2014/3/3,322,-3,7,1027,36.67,0,0
2014/3/4,129,-15,10,1031,119.36,0,0
2014/3/5,129,-16,8,1033,55.42,0,0
2014/3/6,129,-9,8,1033,31.74,0,0
2014/3/7,167,-4,8,1032,17.9,0,0
2014/3/8,218,-4,10,1028,14.76,0,0
2014/3/9,163,-6,10,1029,50.98,0,0
2014/3/10,270,-4,9,1026,11.18,0,0
2014/3/11,303,-5,14,1028,34.42,0,0
2014/3/12,129,-15,11,1028,12.08,0,0
2014/3/13,129,-16,13,1024,67.06,0,0
2014/3/14,129,-7,17,1022,72.87,0,0
2014/3/15,205,-4,22,1020,32.64,0,0
2014/3/16,181,-4,17,1020,37.54,0,0
2014/3/17,191,-5,21,1024,129.62,0,0
2014/3/18,129,-6,15,1024,76.89,0,0
2014/3/19,129,-3,13,1029,76.44,0,0
2014/3/20,129,-11,18,1029,90.74,0,0
2014/3/21,129,-5,22,1023,42.91,0,0
2014/3/22,191,-3,23,1027,27.27,0,0
2014/3/23,281,1,19,1026,46.48,0,0
2014/3/24,326,3,21,1020,18.76,0,0
2014/3/25,346,7,23,1020,16.97,0,0
2014/3/26,465,9,24,1020,16.53,0,0
2014/3/27,444,9,16,1020,25.02,0,4
2014/3/28,224,8,23,1020,23.24,0,0
2014/3/29,129,3,23,1020,11.62,0,0
2014/3/30,209,5,26,1020,46.94,0,0
2014/3/31,254,9,22,1020,16.99,0,1
2014/4/1,168,5,24,1020,28.6,0,0
2014/4/2,132,1,23,1026,47.82,0,0
2014/4/3,129,-4,20,1024,58.11,0,0
2014/4/4,129,-5,25,1025,28.16,0,0
2014/4/5,129,-1,19,1024,27.27,0,0
2014/4/6,129,1,25,1020,64.8,0,0
2014/4/7,196,4,25,1020,17.88,0,0
2014/4/8,206,9,25,1020,53.65,0,0
2014/4/9,580,2,30,1024,32.64,0,0
2014/4/10,129,0,18,1024,25.48,0,3
2014/4/11,190,2,19,1020,20.58,0,0
2014/4/12,188,5,21,1020,22.34,0,0
2014/4/13,282,9,24,1020,45.14,0,0
2014/4/14,280,11,25,1021,27.71,0,0
2014/4/15,129,2,21,1020,64.81,0,0
2014/4/16,145,8,21,1020,9.39,0,7
2014/4/17,193,12,20,1021,23.26,0,0
2014/4/18,176,11,20,1023,46.49,0,4
2014/4/19,129,6,20,1021,50.52,0,2
2014/4/20,129,5,25,1020,29.94,0,0
2014/4/21,129,4,27,1020,34.87,0,0
2014/4/22,185,13,27,1020,94.33,0,0
2014/4/23,168,13,26,1020,126.51,0,2
2014/4/24,177,13,25,1020,29.06,0,0
2014/4/25,131,11,27,1022,53.2,0,7
2014/4/26,129,10,23,1021,25.03,0,0
2014/4/27,135,9,25,1022,31.29,0,0
2014/4/28,136,8,26,1020,17.88,0,0
2014/4/29,221,11,27,1020,41.13,0,0
2014/4/30,162,15,28,1020,68.4,0,0
2014/5/1,202,14,28,1020,187.74,0,1
2014/5/2,167,6,24,1020,231.99,0,0
2014/5/3,129,2,23,1020,242.73,0,0
2014/5/4,129,-2,19,1020,310.22,0,0
2014/5/5,129,5,21,1020,28.61,0,0
2014/5/6,159,9,26,1020,32.18,0,1
2014/5/7,147,11,27,1020,72.41,0,0
2014/5/8,129,7,23,1020,56.76,0,0
2014/5/9,129,8,21,1020,71.09,0,0
2014/5/10,129,10,20,1020,32.63,0,16
2014/5/11,129,12,29,1020,33.98,0,19
2014/5/12,129,14,30,1020,75.55,0,0
2014/5/13,129,8,31,1020,210.55,0,0
2014/5/14,129,6,28,1020,223.51,0,0
2014/5/15,271,9,30,1020,45.14,0,0
2014/5/16,129,9,29,1020,25.93,0,0
2014/5/17,198,10,29,1020,57.66,0,1
2014/5/18,161,17,30,1020,53.2,0,5
2014/5/19,215,16,31,1020,28.62,0,0
2014/5/20,129,15,32,1020,31.75,0,0
2014/5/21,259,18,35,1020,34.88,0,0
2014/5/22,129,16,34,1020,77.34,0,0
2014/5/23,129,19,33,1020,59.9,0,7
2014/5/24,160,19,28,1020,80.48,0,0
2014/5/25,129,11,34,1020,114.91,0,0
2014/5/26,129,10,35,1020,102.81,0,0
2014/5/27,129,12,37,1020,136.78,0,0
2014/5/28,129,14,42,1020,73.32,0,0
2014/5/29,129,15,40,1020,27.71,0,0
2014/5/30,139,16,33,1020,57.65,0,0
2014/5/31,143,18,34,1020,31.75,0,2
2014/6/1,129,18,27,1020,21.46,0,3
2014/6/2,129,14,32,1020,26.37,0,0
2014/6/3,129,17,32,1020,39.79,0,0
2014/6/4,129,17,34,1020,31.29,0,0
2014/6/5,129,19,34,1020,32.18,0,6
2014/6/6,129,16,30,1020,54.55,0,7
2014/6/7,129,15,30,1020,12.96,0,1
2014/6/8,129,15,30,1020,17.43,0,1
2014/6/10,129,18,26,1020,12.07,0,1
2014/6/11,129,16,30,1020,12.97,0,0
2014/6/12,129,18,36,1020,13.86,0,0
2014/6/13,129,19,32,1020,15.2,0,3
2014/6/14,169,20,32,1020,22.81,0,0
2014/6/15,161,20,32,1020,21.02,0,3
2014/6/16,225,21,30,1020,18.32,0,3
2014/6/17,148,20,27,1020,22.81,0,3
2014/6/18,158,20,31,1020,30.4,0,0
2014/6/19,200,19,27,1020,49.16,0,8
2014/6/20,129,18,28,1020,23.69,0,0
2014/6/21,129,18,28,1020,16.1,0,4
2014/6/22,129,19,29,1020,30.39,0,0
2014/6/23,129,18,31,1020,38.44,0,0
2014/6/24,129,18,31,1020,46.03,0,0
2014/6/25,199,21,27,1020,61.72,0,0
2014/6/26,129,21,33,1020,15.19,0,0
2014/6/27,129,15,34,1020,30.39,0,0
2014/6/28,129,17,38,1020,52.74,0,0
2014/6/29,129,19,35,1020,34.87,0,0
2014/6/30,129,19,35,1020,57.22,0,0
2014/7/1,168,22,31,1020,48.27,0,7
2014/7/2,263,22,26,1020,10.29,0,2
2014/7/3,303,23,30,1020,18.34,0,0
2014/7/4,213,24,34,1020,27.71,0,0
2014/7/5,252,23,31,1020,40.24,0,0
2014/7/6,218,24,30,1020,86.3,0,0
2014/7/7,239,23,31,1020,58.14,0,0
2014/7/8,131,22,34,1020,17.89,0,0
2014/7/9,129,19,31,1020,22.81,0,0
2014/7/10,129,19,38,1020,49.63,0,0
2014/7/11,129,18,36,1020,25.02,0,0
2014/7/12,129,16,35,1020,42,0,0
2014/7/13,129,18,36,1020,16.1,0,2
2014/7/14,129,18,36,1020,30.4,0,0
2014/7/15,172,23,32,1020,56.78,0,3
2014/7/16,147,22,31,1020,26.37,0,2
2014/7/17,220,24,32,1020,19.23,0,0
2014/7/18,143,24,36,1020,20.56,0,0
2014/7/19,129,24,37,1020,39.77,0,2
2014/7/20,129,24,36,1020,88.96,0,1
2014/7/21,129,18,35,1020,17.88,0,1
2014/7/22,129,19,32,1020,28.16,0,0
2014/7/23,129,21,32,1020,11.18,0,3
2014/7/24,160,20,34,1020,19.22,0,0
2014/7/25,149,20,35,1020,40.69,0,0
2014/7/26,133,19,36,1020,58.56,0,0
2014/7/27,143,22,36,1020,68.42,0,0
2014/7/28,189,22,35,1020,123.37,0,0
2014/7/29,159,23,34,1020,166.73,0,8
2014/7/30,250,23,31,1020,26.39,0,0
2014/7/31,206,23,32,1020,47.41,0,0
2014/8/1,137,25,34,1020,17.89,0,0
2014/8/2,201,25,34,1020,13.86,0,0
2014/8/3,129,24,33,1020,33.53,0,4
2014/8/4,129,19,32,1020,19.23,0,0
2014/8/5,129,21,34,1020,21.46,0,0
2014/8/6,142,20,33,1020,22.81,0,0
2014/8/7,129,19,32,1020,34.42,0,0
2014/8/8,160,20,32,1020,53.22,0,0
2014/8/9,129,19,33,1020,36.66,0,2
2014/8/10,129,20,34,1020,27.72,0,0
2014/8/11,129,17,34,1020,9.39,0,0
2014/8/12,129,19,32,1020,8.5,0,11
2014/8/13,129,18,30,1020,13.86,0,0
2014/8/14,129,19,32,1020,36.66,0,0
2014/8/15,129,19,33,1020,13.86,0,0
2014/8/16,209,22,33,1020,20.12,0,0
2014/8/17,129,19,30,1020,25.94,0,0
2014/8/18,129,20,33,1020,42.91,0,0
2014/8/19,129,21,33,1020,52.32,0,0
2014/8/21,173,21,32,1020,21.91,0,1
2014/8/22,149,22,28,1020,6.7,0,1
2014/8/23,171,23,32,1020,16.1,0,2
2014/8/24,129,20,32,1020,17.88,0,0
2014/8/25,129,17,32,1020,23.24,0,0
2014/8/26,129,15,35,1020,20.57,0,0
2014/8/27,129,17,34,1020,22.8,0,0
2014/8/28,129,21,28,1020,7.15,0,6
2014/8/29,139,21,27,1020,3.57,0,2
2014/8/30,196,22,25,1020,5.37,0,3
2014/8/31,139,21,27,1020,13.86,0,2
2014/9/1,175,22,26,1020,12.53,0,5
2014/9/2,129,20,24,1020,6.26,0,9
2014/9/3,129,16,31,1020,26.38,0,0
2014/9/4,129,19,34,1020,29.95,0,0
2014/9/5,157,21,29,1020,42.03,0,0
2014/9/6,162,20,28,1020,39.35,0,0
2014/9/7,207,21,30,1020,43.82,0,2
2014/9/8,129,13,29,1020,20.12,0,0
2014/9/9,129,17,29,1020,26.38,0,0
2014/9/10,129,16,28,1020,30.4,0,0
2014/9/11,135,20,26,1020,8.05,0,2
2014/9/12,147,19,24,1020,15.66,0,3
2014/9/13,129,18,27,1020,42.92,0,1
2014/9/14,129,17,24,1020,24.14,0,0
2014/9/15,129,10,29,1021,25.03,0,0
2014/9/16,129,13,21,1020,15.21,0,0
2014/9/17,129,13,22,1022,14.76,0,0
2014/9/18,129,12,28,1022,25.94,0,0
2014/9/19,150,17,25,1020,16.09,0,2
2014/9/20,229,18,27,1020,18.34,0,0
2014/9/21,129,18,25,1020,33.1,0,0
2014/9/22,135,18,21,1020,11.63,0,7
2014/9/23,129,18,18,1020,21.91,0,23
2014/9/24,129,17,26,1020,15.64,0,0
2014/9/25,168,18,22,1020,15.65,0,0
2014/9/26,219,18,23,1020,24.15,0,1
2014/9/27,129,14,25,1020,10.28,0,0
2014/9/28,129,17,23,1020,23.25,0,0
2014/9/29,129,15,24,1029,33.1,0,0
2014/9/30,129,8,16,1029,10.73,0,0
2014/10/1,129,11,15,1020,18.79,0,11
2014/10/2,149,13,21,1020,21.92,0,0
2014/10/3,207,14,18,1020,25.49,0,9
2014/10/4,129,14,16,1024,27.27,0,1
2014/10/5,129,9,22,1027,39.78,0,0
2014/10/6,129,8,21,1027,19.66,0,0
2014/10/7,326,12,21,1022,5.81,0,0
2014/10/8,432,15,20,1021,5.81,0,1
2014/10/9,454,16,22,1023,3.12,0,0
2014/10/10,332,15,22,1024,11.63,0,0
2014/10/11,256,15,20,1031,64.36,0,4
2014/10/12,129,1,18,1033,53.66,0,0
2014/10/13,129,3,17,1031,22.79,0,0
2014/10/14,149,6,22,1022,30.39,0,0
2014/10/15,129,6,23,1024,103.25,0,0
2014/10/16,129,4,22,1025,55.43,0,0
2014/10/17,225,8,24,1020,14.3,0,0
2014/10/18,413,12,24,1020,8.5,0,0
2014/10/19,357,13,20,1020,21.91,0,0
2014/10/20,285,14,18,1026,28.16,0,0
2014/10/21,129,4,15,1026,42.47,0,0
2014/10/22,132,8,13,1025,13.42,0,0
2014/10/23,227,9,16,1020,12.53,0,0
2014/10/24,383,12,18,1020,18.79,0,0
2014/10/25,472,14,19,1025,13.87,0,0
2014/10/26,129,-4,18,1034,72.41,0,0
2014/10/27,129,3,15,1034,35.76,0,0
2014/10/28,139,6,14,1029,11.18,0,0
2014/10/29,272,8,16,1025,10.73,0,1
2014/10/30,232,10,15,1024,2.68,0,1
2014/10/31,224,10,15,1022,8.95,0,2
2014/11/1,129,6,16,1025,159.13,0,0
2014/11/2,129,-1,15,1026,240.48,0,0
2014/11/3,129,1,20,1023,18.78,0,0
2014/11/4,255,3,15,1020,12.52,0,0
2014/11/5,137,3,20,1031,50.95,0,0
2014/11/6,129,-3,12,1034,59.9,0,0
2014/11/7,129,0,9,1034,13.86,0,0
2014/11/8,129,0,13,1029,19.67,0,0
2014/11/9,129,0,16,1027,24.59,0,0
2014/11/10,239,1,15,1023,25.93,0,0
2014/11/11,129,-5,14,1027,215.04,0,0
2014/11/12,129,-7,8,1028,313.82,0,0
2014/11/13,129,-8,12,1028,39.34,0,0
2014/11/14,210,-5,14,1029,8.05,0,0
2014/11/15,304,-1,8,1028,12.07,0,0
2014/11/16,129,-3,12,1033,120.69,0,0
2014/11/17,138,-5,12,1032,36.67,0,0
2014/11/18,371,-2,13,1031,6.26,0,0
2014/11/19,409,1,9,1024,5.81,0,0
2014/11/20,375,1,15,1025,20.57,0,0
2014/11/21,146,1,11,1029,26.83,0,0
2014/11/22,186,2,9,1027,24.15,0,0
2014/11/23,289,1,12,1028,23.7,0,0
2014/11/24,311,2,8,1026,14.75,0,0
2014/11/25,502,2,8,1020,8.95,0,0
2014/11/26,522,1,7,1026,23.69,0,0
2014/11/27,214,-1,10,1024,26.38,0,0
2014/11/28,393,3,4,1022,28.61,0,1
2014/11/29,264,3,8,1030,164.07,0,0
2014/11/30,129,-16,0,1034,385.35,0,0
2014/12/1,129,-15,0,1033,394.29,0,0
2014/12/2,129,-16,1,1029,112.65,0,0
2014/12/3,129,-16,2,1029,145.73,0,0
2014/12/4,158,-15,3,1029,44.7,0,0
2014/12/6,150,-12,4,1028,13.87,0,0
2014/12/7,174,-3,5,1032,83.15,0,0
2014/12/8,390,-7,4,1037,16.1,0,0
2014/12/9,367,-4,5,1031,70.62,1,0
2014/12/10,129,-16,4,1035,173.89,0,0
2014/12/11,129,-15,3,1030,136.78,0,0
2014/12/12,129,-13,5,1030,9.83,0,0
2014/12/13,212,-13,6,1028,15.21,0,0
2014/12/14,307,-9,4,1031,118.01,0,0
2014/12/15,129,-16,0,1034,290.1,0,0
2014/12/16,172,-15,5,1031,321.39,0,0
2014/12/17,245,-6,2,1031,16.99,0,0
2014/12/18,274,-6,5,1026,120.7,0,0
2014/12/19,129,-16,1,1032,339.72,0,0
2014/12/21,129,-15,2,1032,441.18,0,0
2014/12/22,178,-11,9,1026,17.43,0,0
2014/12/23,234,-10,11,1027,31.75,0,0
2014/12/24,129,-13,5,1034,84.49,0,0
2014/12/25,147,-10,7,1035,94.77,0,0
2014/12/26,271,-8,2,1033,5.37,0,0
2014/12/27,393,-7,6,1030,27.73,0,0
2014/12/28,444,-8,9,1023,37.98,0,0
2014/12/29,372,-10,11,1020,36.65,0,0
2014/12/30,129,-8,7,1028,70.61,0,0
